ID,Movie Name,Type,Genres,Release Year,Age Range,Runtime,Kinosan Rating,Найруулагч,Зохиолч,Жүжигчид,Продакшн,runtime_minutes,Runtime_filled
129,Дурлалын гэмт хэрэг,Кино,,2013,13+,1ц 45м,5.3,П.Дэлгэрбаяр,П.Дэлгэрбаяр,П.Дэлгэрбаяр Д.Лхагва Г.Ариунболор О.Долгор Х.Баяраа А.Баттүшиг Н.Ялалт,Лоожикфильм (Logicfilm) Л Ви Эй интертайнмент,105,1ц 45м
198,Татар ажиллагаа,Кино,,2010,13+,1ц 30м,7.1,Б.Баатар,Р.Мөнхсайхан,Б.Баатар Б.Амархүү Д.Батсүх Г.Эрдэнэбилэг Э.Батхүү Р.Мөнхсайхан Ч.Ундрал,Номадс фильмс энд интертайнмент,90,1ц 30м
199,Би чамд хайртай 2,Кино,,2009,13+,1ц 49м,5.2,Б.Баатар,Б.Батрэгзэдмаа,Б.Баатар Г.Эрдэнэбилэг Д.Болд Ч.Ундрал Ц.Жамьянсүрэн Б.Батрэгзэдмаа Н.Бадрал С.Пүрэвмаа Б.Дамчаа А.Өнөржаргал З.Жарантив Ц.Батхуяг А.Очирбат,Б продакшн,109,1ц 49м
200,Франц үнсэлт,Кино,,2011,ЭЭХ,1ц 45м,7.3,Г.Анхбаяр,,Г.Анхбаяр Г.Анхмаа Т.Билэгжаргал Р.Адъяа,Анхаа,105,1ц 45м
201,Уулын хөх сүүдэр,Кино,,2000,13+,1ц 32м,6.3,Б.Бадрууган,,Б.Бадрууган Ж.Амарзаяа С.Золбоот Ж.Сүххуяг Б.Амарсайхан А.Мөнгөнзул,Твинс фильмс студи (Twins Film),92,1ц 32м
202,Тэхийн зогсоол,Кино,,2006,13+,1ц 15м,6.8,,,Э.Цэрэндорж Б.Лхагвасүрэн,Твинс фильмс студи (Twins Film),75,1ц 15м
203,Ээжээ,Кино,,2011,ЭЭХ,1ц 41м,6.3,Д.Нинжбадгар,,Д.Нинжбадгар Н.Бадрал Э.Баяржаргал М.Анхбаяр Ж.Сүххуяг,HD production,101,1ц 41м
204,Мөрөөдлийн зүгт,Кино,,2009,Б,1ц 34м,3,Б.Туул,,Б.Туул Б.Мөнхболд Д.Очсүрэн Ц.Биндэр Б.Тэлмэн,DX production,94,1ц 34м
205,Найз,Кино,,2012,13+,1ц 30м,7.1,Б.Болдбаатар,,Б.Болдбаатар А.Баттүшиг Б.Баттогтох Д.Хосбаяр С.Батзориг Т.Бархүү Б.Хулан Н.Ялалт,Лайн экшн продакшн,90,1ц 30м
206,Амьдрал төсөл,Кино,,2011,ЭЭХ,1ц 30м,7,П.Дэлгэрбаяр,П.Дэлгэрбаяр,П.Дэлгэрбаяр Д.Лхагва Д.Пүрэвсүрэн Г.Амгаланбаатар Б.Гэрэлчулуун Л.Хүлгэн А.Дашпэлжээ Б.Тунгалаг,Л Ви Эй интертайнмент,90,1ц 30м
207,Орхидос,Кино,,2009,13+,,6.7,Б.Ганболд,,Г.Отгонцэцэг А.Орхонтуул С.Болд-Эрдэнэ Б.Ганболд,Хамба фильм Хаанаас үзэх вэ?,87.17165669,1ц 27м
208,Орхидос 2,Кино,,2010,13+,1ц 39м,6.3,Б.Ганболд,Б.Ганболд,Г.Отгонцэцэг А.Орхонтуул С.Болд-Эрдэнэ Б.Ганболд Г.Эрхэмбаяр,Хамба фильм Хаанаас үзэх вэ?,99,1ц 39м
209,Валентины захидал,Кино,,2012,ЭЭХ,0ц 7м,3,Д.Баярсайхан,Ж.Оргил,Д.Баярсайхан Э.Мөнхтөр Б.Батзаяа П.Шүүдэрцэцэг Х.Бадамгэрэл Ж.Оргил Б.Бадамцэцэг Э.Ууганбаяр Ц.Төмөрбаатар Б.Навчаа Н.Бадрал Б.Баатархүү Р.Адъяа Х.Манлайбаатар,ТАКТ ХХК,7,0ц 7м
210,Үл таних эмэгтэй,Кино,,2011,13+,1ц 48м,6.9,Н.Наранбаатар,,Н.Наранбаатар О.Долгор Ч.Алтан-Өлзий С.Болд-Эрдэнэ,Н.Наранбаатар,108,1ц 48м
211,Учиртай гурав,Кино,,2011,ЭЭХ,,6.7,Д.Золбаяр,О.Эрдэнэ,Д.Золбаяр З.Онон О.Амгаланбаатар Б.Сайнаа О.Эрдэнэ Д.Гүрсэд Б.Даваажав Д.Баттөмөр,Монгол контент,87.17165669,1ц 27м
212,Нар сарны зааг,Кино,,2012,13+,1ц 53м,6.7,О.Бат-Өлзий,,,Жийж продакшн,113,1ц 53м
213,Намрын синдром,Кино,Намрын синдром МУСК,2010,ЭЭХ,1ц 37м,6.6,Д.Галбаяр,,Д.Галбаяр Э.Цолмонбаяр Н.Цэнд-Аюуш А.Өнөржаргал Ж.Уянга,Коктайл фильмс,97,1ц 37м
214,Мөнгөний гахай,Кино,,2011,ЭЭХ,1ц 33м,6.6,Д.Энхбаяр,,Д.Энхбаяр Э.Цолмонбаяр Н.Цэнд-Аюуш А.Өнөржаргал,Коктайл фильмс,93,1ц 33м
215,Сайн уу амьдрал минь,Кино,,2008,ЭЭХ,2ц 4м,6.9,З.Батболд,,З.Батболд Э.Цолмонбаяр Н.Цэнд-Аюуш А.Өнөржаргал О.Цэнгэл Б.Ганхүү,Коктайл фильмс,124,2ц 4м
216,Хархны өгөөш,Кино,,2010,13+,1ц 33м,6.9,Г.Дарханбаяр,,Г.Дарханбаяр Г.Дарханбат Д.Алтанцоож Л.Сумъяа С.Ариунбямба П.Баттөр Б.Батчимэг,Твинс фильмс студи (Twins Film),93,1ц 33м
217,Тэнгэрийн андгай,Кино,,2006,13+,1ц 18м,6.3,Б.Ганболд,,"Д.Сосорбарам, П.Цэрэндагва, Ж.Сүххуяг, Хаанаас үзэх вэ? Жүжигчид Б.Ганболд Д.Сосорбарам П.Цэрэндагва Ж.Сүххуяг",[],78,1ц 18м
218,Ми-15,Кино,,2010,16+,1ц 29м,6.5,С.Нэргүй,,С.Нэргүй Н.Ялалт С.Ариунбямба А.Баттүшиг,Soyombo,89,1ц 29м
219,Дурлалын ангууч,Кино,,2008,13+,1ц 28м,6.3,Д.Энхбаатар,,Д.Энхбаатар Н.Ялалт О.Пүрэвдулам Э.Тамир М.Мөнхзул Э.Тунгалагтамир,Soyombo,88,1ц 28м
220,Сайн Муу Хэрцгий,Кино,,2011,ЭЭХ,,6.8,А.Миеэгомбо,А.Миеэгомбо,"Б.Даулетжан, Жүжигчид А.Миеэгомбо Б.Даулетжан",[],87.17165669,1ц 27м
221,Гэрч,Кино,,2010,ЭЭХ,,6.3,О.Батзориг,,"Х.Батбаяр, Б.Ариунжаргал, Т.Ганбаатар, Жүжигчид О.Батзориг Х.Батбаяр Б.Ариунжаргал Т.Ганбаатар",[],87.17165669,1ц 27м
222,Худгийн мисс,Кино,,2011,ЭЭХ,1ц 16м,6.5,Ж.Биндэр,,"Ц.Төгсбилэгт, М.Батжаргал, Ө.Наранбаатар, Жүжигчид Ж.Биндэр Ц.Төгсбилэгт М.Батжаргал Ө.Наранбаатар",[],76,1ц 16м
223,Хүний наймаа,Кино,,2008,ЭЭХ,1ц 15м,6.5,Ж.Биндэр,,"Д.Номин-Эрдэнэ, Д.Оюунтуул, Жүжигчид Ж.Биндэр Д.Номин-Эрдэнэ Д.Оюунтуул",[],75,1ц 15м
224,Сүүгээр ариусдаг хорвоо,Кино,,2002,ЭЭХ,1ц 18м,7,Ж.Биндэр,,,[],78,1ц 18м
225,Үүлэн чөлөөний нар,Кино,,2002,Б,1ц 48м,6.3,Ж.Биндэр,,"Б.Гантулга, Д.Оюунтуул, Ч.Болд, Жүжигчид Ж.Биндэр Б.Гантулга Д.Оюунтуул Ч.Болд",[],108,1ц 48м
226,Хайр харуусал,Кино,,2011,ЭЭХ,1ц 32м,5,Л.Энхбаяр,,"Б.Отгончимэг, П.Эрдэнэзаан, Ж.Мөнхсайхан, Э.Алдар, Жүжигчид Л.Энхбаяр Б.Отгончимэг П.Эрдэнэзаан Ж.Мөнхсайхан Э.Алдар",[],92,1ц 32м
227,Миний ахын эхнэр,Кино,,2012,ЭЭХ,1ц 26м,6.8,Д.Ханьсаг,,Д.Ханьсаг Б.Батзаяа С.Болорбайгал Г.Жанчив Р.Адъяа,Нэшнл фильм (National film),86,1ц 26м
228,Дурсамж төгсгөл үгүй,Кино,,2011,ЭЭХ,1ц 38м,5.5,Б.Батсайхан,Б.Батсайхан,"Б.Тамир, М.Баярбат, Б.Бадамцэцэг, Ж.Алтаншагай, О.Бат-Өлзий, Н.Отгонтогос, А.Энхбаяр, Э.Одбаяр, Жүжигчид Б.Тамир М.Баярбат Б.Батсайхан О.Базаррагчаа А.Төгсбаяр Б.Бадамцэцэг Ж.Алтаншагай О.Бат-Өлзий Н.Отгонтогос А.Энхбаяр Э.Одбаяр",[],98,1ц 38м
229,Ээжийн дайсан,Кино,,2012,ЭЭХ,1ц 35м,6.3,Л.Лхагважаргал,,"Б.Тунгалаг, Ч.Цэлмүүн, Д.Баттөмөр, Г.Алтаншагай, Г.Эрхэмбаяр, Ж.Оюундарь, Д.Бямбацогт, Л.Нурбулан, Т.Баттулга, В.Гэрэлцэцэг, Хаанаас үзэх вэ? Жүжигчид Л.Лхагважаргал Б.Тунгалаг Ч.Цэлмүүн Ж.Оюундарь Д.Баттөмөр Д.Бямбацогт Л.Нурбулан Г.Алтаншагай Т.Баттулга Г.Эрхэмбаяр В.Гэрэлцэцэг",[],95,1ц 35м
230,Цэлмэг тэнгэр,Кино,,2011,ЭЭХ,1ц 31м,7,Ж.Ганбат,,Ж.Ганбат Б.Гэрэлчулуун О.Тэмүүжин В.Гэрэлцэцэг,Лоожикфильм (Logicfilm),91,1ц 31м
231,Төрийн дайсан,Кино,,2009,ЭЭХ,1ц 34м,6.9,П.Дэлгэрбаяр,,"О.Долгор, С.Батчимэг, М.Мягмар, Д.Лхагва, Жүжигчид П.Дэлгэрбаяр О.Долгор С.Батчимэг М.Мягмар Д.Лхагва",[],94,1ц 34м
232,Хайртай бол хартай,Кино,,2012,13+,1ц 30м,6.2,,,Р.Алтансүх С.Өлзийхүү Д.Түвшинтөр Ш.Жавхлан Р.Адъяа,TS студи,90,1ц 30м
233,Элсний нүүдэл,Кино,,2007,ЭЭХ,,7.2,Ц.Балдорж,,"А.Дэлгэрмаа, Э.Одсүрэн, Б.Энхцацрал, Жүжигчид Ц.Балдорж А.Дэлгэрмаа Э.Одсүрэн Б.Энхцацрал",[],87.17165669,1ц 27м
234,Элсний нүүдэл 2,Кино,,2008,ЭЭХ,1ц 28м,7.3,Ц.Балдорж,,Ц.Балдорж А.Дэлгэрмаа Э.Одсүрэн Б.Энхцацрал,Си Эй Си пикчерс,88,1ц 28м
235,Шүрэн бугуйвч,Кино,,2008,ЭЭХ,1ц 39м,5.2,Д.Амар,,Д.Амар Г.Чинсанаа У.Энхдөл Г.Золзаяа,Си Эй Си пикчерс,99,1ц 39м
236,Миний хөрш чөтгөр,Кино,,2009,13+,1ц 27м,7.3,,А.Миеэгомбо,"Г.Нарансолонго, Т.Бархүү, Жүжигчид Г.Нарансолонго Т.Бархүү А.Миеэгомбо",[],87,1ц 27м
237,Помогите нам 2,Кино,,2010,ЭЭХ,1ц 44м,6.7,Ш.Даваадорж,,Ш.Даваадорж Д.Батсүх Ш.Доржсүрэн С.Лхагвасүрэн А.Адилцэцэг Р.Адъяа,Заяа'Ш студи,104,1ц 44м
238,Рашаантын 18,Кино,,2011,13+,1ц 36м,6.9,Ш.Даваадорж,,Ш.Даваадорж Г.Жанчив А.Адилцэцэг,Заяа'Ш студи,96,1ц 36м
239,Помогите нам: 23-р хурдан галт тэрэг,Кино,,2010,ЭЭХ,,7.1,Ш.Даваадорж,Ш.Даваадорж Ч.Ганзориг,Б.Болдбаатар А.Адилцэцэг Г.Жанчив Ш.Даваадорж Д.Батцэцэг Ө.Мөнх-Эрдэнэ Ш.Доржсүрэн Ц.Батхуяг Б.Баатархүү Ч.Ганзориг Б.Навчаа Б.Даулетжан Ц.Төмөрхуяг Р.Адъяа Х.Манлайбаатар Б.Даваажав,Ханьсаг,87.17165669,1ц 27м
240,Помогите нам 3,Кино,,2012,ЭЭХ,1ц 32м,3.3,Ш.Даваадорж,,Ш.Даваадорж Б.Батзаяа С.Лхагвасүрэн Б.Дашзэвэг А.Адилцэцэг Р.Адъяа Х.Ихбаяр,Заяа'Ш студи,92,1ц 32м
241,Худалч залуу,Кино,,2012,ЭЭХ,1ц 26м,6.8,С.Баттулга,,"Б.Баатархүү, Н.Цэнд-Аюуш, Т.Бархүү, Жүжигчид С.Баттулга Б.Баатархүү Н.Цэнд-Аюуш Т.Бархүү",[],86,1ц 26м
242,Тавилан,Кино,,1999,Б,1ц 20м,6.9,Л.Энхбаярийн,,Л.Энхбаяр Б.Амарсайхан Ч.Ундрал,Л.Энхбаяр,80,1ц 20м
243,Аз ойрхон,Кино,,2010,16+,1ц 30м,6.3,Б.Батболд,Б.Батболд,Б.Батболд Г.Эрдэнэбилэг Б.Эрдэнэбаяр Б. Г.Эрхэмбаяр Г.Мандахбаяр Ц.Төмөрхуяг Б.Жаргалсайхан Д.Ганцэцэг,B.A.T,90,1ц 30м
244,Жексон амьд,Кино,,2012,ЭЭХ,1ц 30м,1,С.Баттулга,Д.Энхбаяр,С.Баттулга Н.Цэнгэлжаргал Д.Энхбаяр С.Лхагвасүрэн Ц.Цэрэнболд Р.Баттогтох Д.Батбаяр Н.Баярмаа Ш.Доржсүрэн,Herub энтертайнмент,90,1ц 30м
245,Гоёлын даашинз,Кино,,2009,13+,2ц 0м,6.8,З.Батболд,З.Батболд,"Б.Одбаяр, Д.Пүрэвсүрэн, Д.Батбаяр, О.Цэнгэл, Н.Оргил, Б.Баатархүү,",Биг лайн фильм,120,2ц 0м
246,Цасан охин,Кино,,2010,13+,1ц 39м,6.5,З.Батболд,,"Д.Пүрэвсүрэн, Б.Амарсайхан, Л.Чимэддорж, Ё.Цог, Ц.Цэнд-Аюуш, Ц.Алдармаа,",Биг лайн фильм,99,1ц 39м
248,Big Fish - Цэвэрлэгээ,Кино,,2012,16+,1ц 43м,6.3,Б.Батболд,,Б.Батболд Р.Амархүү О.Ариунзул Э.Халиун Б.Борхүү B.A О.Баярсайхан,B.A.T,103,1ц 43м
249,Аравт,Кино,,2012,ЭЭХ,1ц 31м,6.8,Д.Золбаяр,О.Эрдэнэ,И.Шагдарсүрэн О.Эрдэнэ Д.Золбаяр Б.Баасанжав Б.Аюурдадь Г.Алтаншагай Г.Золбоот С.Ариунбямба Б.Жаргалсайхан Ч.Бодь Д.Сосорбарам Л.Жамбал Д.Ганцэцэг Д.Гүрсэд Ё.Цог Э.Буянхишиг Н.Онон Ц.Цэрэнболд Б.Амарсайхан,Нүүдэл соёл (ӨМӨЗО) Монгол фильм групп Хаанаас үзэх вэ?,91,1ц 31м
256,Боолын гэрээ,Кино,,2008,13+,1ц 54м,6.3,З.Батболд,З.Батболд,"Ч.Болд, Б.Амарсайхан, О.Цэнгэл, Г.Отгонцэцэг, Ц.Батхуяг, Д.Пүрэвсүрэн, Б.Дамчаа, Б.Баатархүү, Ц.Төмөрбаатар, Д.Хүрэлхүү, Н.Ялалт,",Биг лайн фильм Комеди арт,114,1ц 54м
257,Буруу эргэлт,Кино,,2009,16+,1ц 33м,6.9,Н.Ариунболд,Л.Таванбаяр,Б.Энхээ Е.Баярмагнай Н.Ариунболд Л.Таванбаяр Ш.Даваадорж Т.Билгүүн Э.Ууганбаяр Т.Баттулга Ц.Ганбаяр Ц.Алдармаа О.Мөнхгэрэл Г.Эрхэмбаяр Г.Ундармаа Б.Ганхүү,Шинэ үе продакшн,93,1ц 33м
258,2 хоёрын 5,Кино,,2012,ЭЭХ,1ц 42м,6.7,,,Ц.Ганбаяр Б.Отгонтуяа Ц.Алдармаа Н.Ариунболд Д.Оюунтуул,Шинэ үе продакшн,102,1ц 42м
259,Үлгэрийн хайр,Кино,,2010,13+,1ц 39м,6.4,,,Н.Ариунболд А.Жавзан Г.Ундармаа,Шинэ үе продакшн,99,1ц 39м
260,Уулын төмөр,Кино,,2004,13+,1ц 46м,7,О.Бат-Өлзий,,О.Бат-Өлзий П.Баярхүү Ц.Батхуяг Б.Магсаржав Б.Ганхүү,Заяа'Ш студи,106,1ц 46м
261,Ноён солиот,Кино,,2002,13+,1ц 36м,6.9,О.Бат-Өлзий,,О.Бат-Өлзий Д.Ганцэцэг Н.Наранбаатар С.Болд-Эрдэнэ Д.Бямбацогт,Заяа'Ш студи,96,1ц 36м
262,Хайрыг хайрла,Кино,,2007,ЭЭХ,1ц 25м,6.9,О.Бат-Өлзий,,О.Бат-Өлзий Б.Тамир Т.Хулан,Заяа'Ш студи,85,1ц 25м
263,Зүрхэнд шивнэсэн үг,Кино,,2001,13+,1ц 38м,7,О.Бат-Өлзий,Д.Норов,С.Сарантуяа Д.Норов Ш.Дэлгэржаргал С.Дамдин О.Бат-Өлзий Д.Бямбацогт Ж.Пүрэвдорж Д.Төмөртогтох Б.Эрдэнэцэцэг Б.Болормаа Б.Ганхүү,Заяа'Ш студи,98,1ц 38м
264,9009,Кино,,2009,16+,1ц 31м,6.3,Б.Баяржаргал,Б.Баяржаргал,Б.Баяржаргал Б.Жаргалсайхан М.Мөнхжаргал Б.Баярсайхан О.Тэмүүжин,Next star production,91,1ц 31м
265,Сая долларын олз,Кино,,2011,ЭЭХ,1ц 33м,6.8,Ц.Хүсэлбаатар,,Ц.Хүсэлбаатар С.Өлзийхүү О.Гэрэлсүх Г.Эрдэнэбилэг Р.Адъяа,Хүсэлбаатар,93,1ц 33м
266,Амьдрах тасалбар,Кино,,2010,16+,1ц 40м,6.3,Ш.Доржсүрэн,Ц.Байгалмаа,"А.Мөнгөнзул, Э.Чинзориг, Х.Ихбаяр, С.Болд-Эрдэнэ, Н.Ялалт, Ц.Төмөрхуяг, Х.Ганхуяг, М.Саранцэцэг, Жүжигчид Ш.Доржсүрэн Д.Ганбаатар Ц.Байгалмаа С.Болд-Эрдэнэ Н.Ялалт Ц.Төмөрхуяг Х.Ганхуяг М.Саранцэцэг А.Мөнгөнзул Э.Чинзориг Х.Ихбаяр",[],100,1ц 40м
267,Болсон явдал,Кино,,2011,13+,1ц 37м,6.3,И.Одончимэг,Н.Онон И.Одончимэг,Т.Бархүү Б.Хулан Н.Болорчулуун Д.Ангараг И.Одончимэг Н.Онон Л.Баттулга О.Тэмүүжин Л.Дэмидбаатар Б.Эрдэнэцэцэг Д.Түвшинтөр Д.Баттөмөр,Х-ТҮЦ продакшн,97,1ц 37м
268,Бодлын хулгайч,Кино,,2011,13+,1ц 30м,4.3,Ж.Сэнгэдорж,Д.Төрмөнх Д.Төрмөнх,Ж.Сэнгэдорж Д.Төрмөнх Ш.Дэлгэржаргал Б.Амарсайхан Б.Батмэнд Ж.Баясгалан Н.Мөрөн Г.Золбоот Ч.Болд Ч.Алтан-Өлзий,Висдом фильм продакшн Хаанаас үзэх вэ?,90,1ц 30м
269,Маск,Кино,,2012,13+,1ц 45м,6.7,,,Х.Ихбаяр Б.Гантулга Р.Адъяа Э.Чамин-Эрдэнэ Б.Батзаяа,Имажинешн фильм,105,1ц 45м
270,Ах дүүс,Кино,,2010,13+,1ц 40м,3.4,А.Төгсбаяр,Д.Энхбаяр С.Бэхбаатар,Ч.Болд Д.Сарангуа Д.Оюунзул Г.Жанчив С.Бэхбаатар М.Дорждагва М.Саранцэцэг Я.Одгийв А.Төгсбаяр М.Наранмөнх Д.Энхбаяр,Имажинешн фильм,100,1ц 40м
271,Нэг хоёрын гурав аа,Кино,,2011,13+,2ц 7м,6.2,Д.Цогт,,Д.Цогт Ш.Доржсүрэн Б.Тамир О.Долгор А.Төгсбаяр О.Дөлгөөн Б.Ганхүү,Wizard production,127,2ц 7м
272,Үнэнээс хол,Кино,,2009,16+,1ц 33м,6.3,Ш.Даваадорж,,болон багийнхан,Wizard production,93,1ц 33м
273,Ийм нэгэн дурлал,Кино,,2006,13+,1ц 29м,7.2,С.Баттулга,А.Миеэгомбо,С.Баттулга Б.Гэрэлцэцэг Т.Билэгжаргал А.Миеэгомбо О.Тэмүүжин,Зэт Эм Эн,89,1ц 29м
274,Ийм нэгэн дурлал 2,Кино,,2008,ЭЭХ,1ц 27м,7,С.Баттулга,А.Миеэгомбо,С.Баттулга Б.Гэрэлцэцэг Т.Билэгжаргал Б.Хулан А.Миеэгомбо О.Тэмүүжин,Зэт Эм Эн,87,1ц 27м
275,Миний муу аав,Кино,,2010,13+,1ц 47м,6.6,Ц.Ганбат,,Ц.Ганбат Н.Долгор,Зэт Эм Эн,107,1ц 47м
276,Надтай гэрлээч,Кино,,2007,13+,1ц 26м,6.8,С.Баттулга,,С.Баттулга Ч.Болд М.Мөнхжаргал Г.Анхбаяр Ц.Наранханд,Зэт Эм Эн,86,1ц 26м
277,Зөрлөг,Кино,,2008,ЭЭХ,1ц 35м,6.7,Ч.Ганзориг,С.Баттулга,Ч.Ганзориг Б.Батзаяа С.Баттулга Т.Хулан Д.Сүхбаатар М.Нарантуяа Б.Тунгалаг Ш.Билгүүнтөгөлдөр Б.Гэрэлт-Од Б.Навчаа Ш.Дэлгэржаргал Э.Тамир,Зэт Эм Эн,95,1ц 35м
278,Би эмэгтэй хүн,Кино,,2012,ЭЭХ,1ц 34м,6.3,С.Бэхбаатар,Г.Мөнхжаргал,С.Бэхбаатар М.Наранмөнх Г.Мөнхжаргал Б.Навчаа Нараа П.Шүүдэрцэцэг Нараа П.Баттөр А.Төгсбаяр А.Баттүшиг Х.Манлайбаатар Б.Даулэтжан,ТАКТ ХХК Имажинешн фильм,94,1ц 34м
279,Ерөнхийлөгчийн туслах,Кино,,2013,Б,1ц 39м,6.9,М.Энхдалай,М.Энхдалай,М.Энхдалай Д.Төмөрбаатар Б.Цэсэндорж И.Мөрөн Б.Батхүслэн М.Тогтохжаргал М.Мөнхдалай А.Очирбат Ш.Цэцэг О.Отгонбат Б.Навчаа,Шинэ ертөнц продакшн,99,1ц 39м
280,03:30,Кино,,2010,16+,1ц 26м,6.8,М.Энхдалай,,М.Энхдалай П.Ариунбаатар Н.Болдцэцэг Д.Төмөрбаатар Э.Чинбат,Шинэ ертөнц продакшн,86,1ц 26м
281,Миний найз,Кино,,2012,13+,1ц 17м,6.3,А.Алтанхундага,,А.Алтанхундага Б.Мөнхбаатар Г.Мөнгөншагай Ч.Агармаа З.Ариунзул,Ред фильм,77,1ц 17м
282,Шидэт өвөл,Кино,,2009,Б,1ц 7м,6.6,А.Алтанхундага,,А.Алтанхундага Б.Нямтөр Г.Ганзориг Б.Шүр Л.Эрдэнэ,Dream art studio,67,1ц 7м
283,Гурван долоо хоног,Кино,,1999,16+,,8.1,Б.Баяр,,"Ч.Ундрал, Э.Алтангэрэл, Жүжигчид Ч.Ундрал Э.Алтангэрэл Б.Баяр",[],87.17165669,1ц 27м
284,Доргио 7 эр,Кино,,2011,Б,1ц 45м,5.8,Н.Ариунболд,С.Баттулга,Ц.Ганбаяр Т.Билгүүн Л.Сөрөлт Н.Ариунболд С.Баттулга Ц.Золжаргал Г.Ундармаа,Шинэ үе продакшн,105,1ц 45м
285,Лардьма,Кино,,2013,13+,1ц 35м,6.5,Ж.Сэнгэдорж,Д.Төрмөнх Ж.Сэнгэдорж А.Баттүшиг,Ж.Сэнгэдорж Д.Пүрэвсүрэн Б.Навчаа О.Гэрэлсүх Х.Аминзул Д.Төрмөнх А.Баттүшиг,Блек зебра Навчаа фильм Хаанаас үзэх вэ?,95,1ц 35м
286,Ану хатан,Кино,,2013,13+,2ц 50м,6.8,Т.Алтантуяа,Н.Шүүдэрцэцэг,Т.Алтантуяа М.Мягмар Д.Отгонжаргал Д.Ангараг С.Нэргүй С.Сарантуяа Г.Равдан С.Ариунбямба Ж.Оюундарь В. А.Адилцэцэг Амь сахигч гэрэлт Д.Төмөртогтох Н.Шүүдэрцэцэг,Шүүдэр продакшн Хаанаас үзэх вэ?,170,2ц 50м
287,The Call,Кино,,2013,16+,1ц 9м,5.9,Б.Чингүүн,Б.Чингүүн,Б.Чингүүн Б.Батзаяа Э.Урангоо М.Баянбаатар,Аурора фильмс Mogul cinema Хаанаас үзэх вэ?,69,1ц 9м
288,Нянгар хаданд гарсан нь,Кино,,2009,13+,1ц 50м,6.3,Б.Түмэн-Өлзий,,Б.Түмэн-Өлзий Г.Ган-Очир Ш.Ёолк,Н Ти Ви продакшн,110,1ц 50м
289,Дурлалын сум,Кино,,2012,16+,1ц 26м,6.6,Ц.Хүсэлбаатар,Ц.Хүсэлбаатар,Ц.Хүсэлбаатар Б.Туяа С.Өлзийхүү Ж.Уянга Д.Бямбацогт Р.Алтансүх М.Баярмагнай Г.Алтаншагай,Шилдэг өнгө продакшн,86,1ц 26м
290,Эрэмдэг,Кино,,2013,13+,1ц 40м,6.5,С.Бэхбаатарийн,,С.Бэхбаатар Э.Тамир С.Бат-Эрдэнэ Н.Ундрах Г.Бат-Эрдэнэ,Имажинешн фильм,100,1ц 40м
291,Шөнө дундын яриа,Кино,,2013,13+,1ц 35м,5.5,О.Батзориг,,О.Батзориг А.Гантулга А.Сүхбат Г.Тэнүүн Д.Санжаадорж,Очир фильм студи Хаанаас үзэх вэ?,95,1ц 35м
292,Single Ladies,Кино,,2013,13+,1ц 40м,6.8,А.Миеэгомбо,А.Миеэгомбо,О.Дөлгөөн А.Миеэгомбо Н.Ялалт Б.Баатархүү Г.Ундармаа А.Туяа Т.Билгүүн П.Эрдэнэзаан Д.Түвшинтөр Ц.Ганзориг Ц.Ганбаяр Ш.Жавхлан Б.Туяа Л.Сөрөлт Л.Нурбулан Э.Билэгжаргал Б.Отгонтуяа О.Ганбаатар Т.Баттулга Т.Ариунбулаг Г.Алтаншагай З.Онон Б.Барслхагва Г.Эзэнмөнх,U film Бондоолой фильм Миеэгомбо кино компани Хаанаас үзэх вэ?,100,1ц 40м
293,Зэрлэг цэцэгсийн хүлэмж,Кино,,2013,13+,1ц 50м,7.6,У.Уранчимэг,Д.Ганцэцэг,У.Уранчимэг М.Бямбаа Д.Ганцэцэг Б.Тунгалаг Б.Энхтүвшин Ц.Мөнхболд А.Ганчимэг Г.Мягмарнаран Ц.Төмөрхуяг Ж.Оюундарь Д.Мэндбаяр Ч.Алтан-Өлзий С.Сарантуяа Б.Баяржавхлан Л.Дэмидбаатар,Хувьсал продакшн,110,1ц 50м
294,Шарталт,Кино,,2013,ЭЭХ,1ц 25м,1.3,Л.Лхагважаргал,Д.Мөнхбат,"Ц.Батхуяг, Б.Баатархүү, Д.Бямбацогт, Р.Адъяа, Жүжигчид Л.Лхагважаргал Р.Адъяа Д.Мөнхбат Ц.Батхуяг Б.Баатархүү Д.Бямбацогт",[],85,1ц 25м
295,Үхлийн симфони,Кино,,2013,16+,1ц 15м,6.4,,,Э.Мөнхтулга Д.Мөнххишиг Б.Билгүүн,Оюунлаг продакшн,75,1ц 15м
296,Хунгийн сүүлчийн дуу,Кино,,2012,13+,1ц 29м,5.8,Р.Алтансүх,,Ж.Мөнхсайхан Б.Одгэрэл Р.Алтансүх,Твинс фильмс студи (Twins Film),89,1ц 29м
297,Зүүдэнд ч оромгүй явдал,Кино,,2013,ЭЭХ,1ц 30м,5,Н.Наранбаатар,Ж.Оргил,"Г.Мягмарнаран, Ц.Төмөрхуяг, Б.Эрдэнэцэцэг, Б.Энхтүвшин, Г.Золзаяа, Ж.Пүрэвдорж, Б.Навчаа, Б.Баатархүү, Г.Эрхэмбаяр, Жүжигчид Н.Наранбаатар Г.Мягмарнаран Ц.Төмөрхуяг Б.Эрдэнэцэцэг Ж.Оргил Б.Энхтүвшин Г.Золзаяа Ж.Пүрэвдорж Б.Навчаа Б.Баатархүү Г.Эрхэмбаяр",[],90,1ц 30м
298,Дүүлэн нис,Кино,,2013,ЭЭХ,1ц 40м,6.9,Ш.Доржсүрэн,Ш.Доржсүрэн,"K.Tae, P.In, А.Мөнгөнзул, Хаанаас үзэх вэ? Жүжигчид K.Tae P.In Б.Эрдэнэбат Ш.Доржсүрэн А.Мөнгөнзул",[],100,1ц 40м
299,Микроны Boss,Кино,,2013,ЭЭХ,1ц 20м,6.5,Л.Лхагважаргал,Д.Мөнхбат,"Д.Баттөмөр, Х.Ихбаяр, С.Батзориг, Т.Мөнх-Эрдэнэ, О.Долгор, Хаанаас үзэх вэ? Жүжигчид Л.Лхагважаргал Д.Баттөмөр Х.Ихбаяр Д.Мөнхбат Т.Мөнх-Эрдэнэ С.Батзориг О.Долгор",[],80,1ц 20м
300,Сарны гөлөг,Кино,,2013,Б,1ц 29м,6.3,Ш.Даваадорж,,Ш.Даваадорж Ё.Алтангэрэл Ш.Алтанцэцэг Ц.Цэнд-Аюуш Б.Баатархүү Б.Отгонтуяа Н.Отгонтогос Д.Бямбацогт Д.Цовоо Л.Дэмидбаатар О.Оюун,Заяа'Ш студи,89,1ц 29м
301,Тагнуулч аав,Кино,,2013,13+,1ц 37м,4.5,,,Д.Хүрэлхүү Х.Намуун Э.Мөнхтөр,Гөү адвенчер студи,97,1ц 37м
302,Facebook од,Кино,,2013,16+,1ц 30м,6.5,Д.Лхагва,,Д.Лхагва Г.Анхбаяр О.Гүнчин-Иш Н.Мөнхсоёл Б.Ариуннаран С.Зоригтбаатар,Л Ви Эй интертайнмент,90,1ц 30м
303,Голланд сарнай,Кино,,2013,ЭЭХ,1ц 32м,6.6,С.Баттулга,С.Баттулга,С.Баттулга Ц.Алтанцэцэг Б.Жаргалсайхан Ж.Оюундарь Б.Мишээл Ё.Алтангэрэл Г.Золбоот У.Батбаатар,ХЕРУБ интертайнмент,92,1ц 32м
304,Хөлтрөг,Кино,,2013,16+,1ц 31м,4.2,,,О.Долгор Н.Ялалт Р.Баттогтох Б.Эрдэнэбат,Лоожикфильм (Logicfilm),91,1ц 31м
305,Цавчуур.ком,Кино,,2009,16+,1ц 35м,5.7,Д.Амараа,,Д.Амараа Д.Баяртогтох Х.Тунгалагтамир Ц.Сод-Од О.Баясах,Си Эй Си пикчерс,95,1ц 35м
306,Сансрын ахан дүүс,Кино,,2011,Б,,6.7,N.телевиз,,"N.телевиз,",[],87.17165669,1ц 27м
307,Шарга даага,Кино,,2013,Б,1ц 30м,7.4,Ч.Хоролдорж,,Ч.Хоролдорж Б.Наранхүү С.Дамдин Ц.Цэрэнболд,Ай сити фильмс Хаанаас үзэх вэ?,90,1ц 30м
308,Гарал угсаа,Кино,,2012,16+,1ц 52м,6.7,Т.Билэгжаргал,Т.Билэгжаргал,Т.Билэгжаргал П.Баттөр Ц.Алдармаа О.Базаррагчаа М.Цэрэндолгор,Блек зебра,112,1ц 52м
314,Амжих уу хайраа,Кино,,2013,13+,,6.3,Б.Ганхөлөг,Б.Ганхөлөг,Б.Ганхөлөг Ш.Мөнхбаяр Б.Бадамрагчаа Г.Шижир А.Аззаяа Б.Мөнгөнцэцэг Н.Эрдэнэчимэг Б.Сүйхцагаан Д.Бямбацогт Н.Нэргүйбаатар,Ебенезер продакшн,87.17165669,1ц 27м
482,Хүний хүүхэд,Кино,,2011,16+,,6.9,Б.Амарсанаа,Б.Амарсанаа Д.Мягмарсүрэн,Б.Амарсанаа Б.Дашдондог Б.Магсаржав Д.Мягмарсүрэн Т.Ариунбулаг Б.Сүхболд Д.Сүхээ,С Ти студи,87.17165669,1ц 27м
541,Шинэ үсгийн багш,Кино,,1998,Б,,6.9,Б.Бадрууган,Б.Жамбалдорж,"Б.Гарьд, С.Сэлэнгэ, Д.Лхамхүү, Д.Цэцэгмаа, Д.Хүрэлхүү, Б.Болормаа, Б.Тунгалаг, Д.Баатархүү, Б.Жамбалдорж, Я.Одгийв, Жүжигчид Б.Жамбалдорж Б.Бадрууган Б.Гарьд С.Сэлэнгэ Д.Цэцэгмаа Д.Хүрэлхүү Д.Лхамхүү Б.Болормаа Б.Тунгалаг Д.Баатархүү Я.Одгийв",[],87.17165669,1ц 27м
562,Тайна Чингис Хаана,Кино,Дайнт,2009,16+,,6.5,,,"Э.Ондар, Н.Оргил, .Tagawa, М.Түвшинхүү, Т.undefined, Жүжигчид болон багийнхан",[],87.17165669,1ц 27м
839,Khadak,Кино,,2006,Ангилал хийгдээгүй,,6.8,,,"Б.Цэцэг, Б.Дамчаа, Д.Цэрэндарьзав, Жүжигчид Б.Цэцэг Б.Дамчаа Д.Цэрэндарьзав",[],87.17165669,1ц 27м
881,Ганцхан оноо,Кино,Спортын,2013,Ангилал хийгдээгүй,1ц 43м,6.1,Д.Тэмүүлэн,,Жүжигчид Д.Тэмүүлэн О.Гэрэлсүх,[],103,1ц 43м
884,Хан хүү нь аль нь вэ,Кино,Лоолойгийн найзууд том болжээ.,2014,Б,1ц 28м,7.1,,,,[],88,1ц 28м
888,Ядуугийн зовлон,Кино,,2000,16+,,7.1,Г.Энхтөр,Ц.Хүсэлбаатар,Ц.Хүсэлбаатар Г.Энхтөр Д.Хүрэлхүү П.Эрдэнэзаан А.Адилцэцэг С.Болормаа С.Сэлэнгэ Х.Нарантуяа Ж.Мөнхсайхан Б.Баатар,Хас студи,87.17165669,1ц 27м
889,Анирлагч,Кино,,2014,13+,1ц 28м,6.8,Д.Энхбаатар,Д.Энхбаатар,Д.Энхбаатар Р.Адъяа Ц.Баясгалан П.Шүүдэрцэцэг Б.Эрдэнэбат Б.Бадамцэцэг Э.Ууганбаяр Д.Сангибат Д.Гүрсэд Х.Батбаяр Б.Баярсанаа,Амар медиа,88,1ц 28м
890,Сайн Муу Хэрцгий 2: Эргэж ирсэн нь,Кино,,2013,13+,1ц 12м,4.9,А.Миеэгомбо,А.Миеэгомбо,Д.Төвшинтөр Б.Даулетжан А.Миеэгомбо,Миеэгомбо кино компани,72,1ц 12м
891,Анхаар! Дотор чимээгүй,Кино,,2014,ЭЭХ,1ц 40м,6.5,Н.Отгонбаяр,,Н.Отгонбаяр Ж.Оюундарь Ж.Бэгзсүрэн М.Батзориг,АНТ интертайнмент,100,1ц 40м
892,Кино шиг амьдрал,Кино,,2013,ЭЭХ,1ц 30м,6.4,Ш.Доржсүрэн,Ш.Доржсүрэн,"Р.Батхишиг, Э.Уянга, Э.Чинзориг, Д.Төгсбаяр, Ш.Доржсүрэн, А.Мөнгөнзул, Ц.Амарбаясгалан, Г.Дарханбаяр, Жүжигчид Ш.Доржсүрэн Р.Батхишиг Э.Чинзориг Э.Уянга Д.Төгсбаяр А.Мөнгөнзул Ц.Амарбаясгалан Г.Дарханбаяр",[],90,1ц 30м
893,Аз жаргалын шок,Кино,,2014,13+,1ц 30м,7.3,Б.Тамир,Б.Тамир,"М.Баярбат, Б.Одончимэг, Б.Навчаа, Б.Отгонбат, Г.Золбоот, Л.Баттулга, Ж.Оюундарь, Э.Алдар, Б.Барслхагва, Б.Батсайхан, Ш.Жавхлан, М.Бадамцэцэг, Г.Жанчив, Э.Одбаяр,",Ф студи,90,1ц 30м
895,Хязгааргүй,Кино,,2014,13+,1ц 40м,5.8,И.Нямгаваа,С.Баярсайхан,"Н.Цэнд-Аюуш, У.Пүрэвжав, М.Дорждэрэм, Ц.Цэрэнболд, Д.Бямбацогт, Б.Шинэбаяр, Ж.Дөлбадрах, Э.Ууганбаяр, Б.Баярсайхан, Ж.Саранбат, Т.Пүрэвжаргал, Д.Баярням, С.Мөнхсаруул, Д.Ононгоо, Б.Гарамханд,",Гэрэлт медиа групп,100,1ц 40м
896,Улаан пальто,Кино,,2014,ЭЭХ,1ц 46м,6.3,Э.Чинзориг,Н.Шүүдэрцэцэг,Э.Чинзориг Н.Шүүдэрцэцэг Ч.Энхномуун Д.Бат-Оргил О.Долгор Т.Өөдөө О.Байгал,Шүүдэр продакшн,106,1ц 46м
897,Дурлалын магистр,Кино,,2014,Б,1ц 14м,6.3,Б.Батзориг,,Б.Батзориг Н.Баярсайхан С.Батзориг Б.Хишигбаяр Ж.Мөнхсайхан Р.Алтансүх Б.Даваажав,МАСС продакшн Хаанаас үзэх вэ?,74,1ц 14м
898,Тэртээх ертөнцийн хөгжимчин,Кино,,2014,13+,1ц 35м,6.7,Ц.Чинбат,,Ц.Чинбат Л.Гантулга Ч.Ундрал Б.Батмаа Б.Энхжаргал,Блек мейжик,95,1ц 35м
899,Луйвар,Кино,,2014,16+,1ц 26м,6.3,Б.Цогтбаяр,,Б.Цогтбаяр С.Ариунбямба Ч.Ундрал Г.Баярхүү,Дээд гэгээн пикчерс,86,1ц 26м
900,Үхэл амьдралын заагт,Кино,,2013,13+,1ц 40м,6.3,Н.Нэргүйбаатар,,Н.Нэргүйбаатар Ц.Батзандан Д.Гүрсэд Д.Үнэнбаяр,Оргил Кино студи,100,1ц 40м
901,Миний супер монита,Кино,,2010,Б,1ц 14м,6.8,Б.Амарцогт,,Б.Амарцогт Н.Наранзаяа Т.Билэгт,Орчлон фильм,74,1ц 14м
902,Үргээлэг,Кино,,2014,13+,1ц 37м,6.8,Ж.Сэнгэдорж,,Ж.Сэнгэдорж Б.Амарсайхан Г.Эрдэнэбилэг Ж.Баясгалан С.Болд-Эрдэнэ Б.Навчаа Б.Отгонбат Ц.Цэрэнболд С.Ариунбямба,Прайм пикчерс Кино драмын А групп,97,1ц 37м
903,Хүүгүй ломбард,Кино,,2014,16+,1ц 25м,6.1,Д.Отгонбаяр,Ж.Оргил,Г.Сэр-Од Г.Анхбаяр Э.Алдар Н.Мөнхсоёл Д.Отгонбаяр Ж.Оргил Г.Мягмарнаран Б.Магсаржав Ш.Буянгэрэл Ш.Алтанцэцэг Б.Баатархүү Б.Болдбаатар С.Баттулга Д.Энхбаяр Ц.Ганзориг Б.Даваажав Р.Адъяа Г.Алтаншагай Г.Чулуунцэцэг,Оюунлаг продакшн,85,1ц 25м
904,Улаан дөрвөлжин,Кино,,2014,16+,2ц 10м,7.1,Б.Ганболд,,Б.Ганболд Б.Батрэгзэдмаа Н.Ялалт А.Баттүшиг,Хамба фильм Хаанаас үзэх вэ?,130,2ц 10м
905,Секс эрх чөлөө,Кино,,2011,16+,1ц 28м,5.3,Ж.Жамъянсүрэн,,Ж.Жамъянсүрэн А.Баттүшиг Р.Анхням Б.Хулан,Лоожикфильм (Logicfilm),88,1ц 28м
906,Зүүдний үргэлжлэл,Кино,,2009,ЭЭХ,1ц 20м,6.8,Ч.Батбаяр,Ш.Гүрбазар,Ч.Батбаяр Ё.Алтанзул О.Золбоо С.Мөнхцацрал Ө.Мөнгөнтулга О.Бат-Өлзий Ш.Гүрбазар Ж.Жамъянсүрэн Д.Ганцэцэг Ч.Алтан-Өлзий,Лоожикфильм (Logicfilm) Мазаалай фильм,80,1ц 20м
907,Эзэнгүй бөгж,Кино,,2012,13+,1ц 12м,6.3,Ч.Батбаяр,,Ч.Батбаяр О.Долгор Д.Лхагва Д.Ганбаатар О.Дөлгөөн Халиунаа,Лоожикфильм (Logicfilm),72,1ц 12м
908,Богд хаан,Кино,,2011,13+,1ц 52м,6.9,Б.Цогтбаяр,Д.Батбаяр,Б.Цогтбаяр Ч.Болд Б.Батсумъяа Д.Батбаяр О.Цэгмэд С.Дамдин Ц.Цэрэнболд Б.Отгонбат Ж.Пүрэвдорж Л.Дэмидбаатар Н.Ялалт,Дээд гэгээн пикчерс Хаанаас үзэх вэ?,112,1ц 52м
909,Хубилай хааны зарлиг,Кино,,2007,Б,1ц 39м,6.7,Б.Цогтбаяр,,Б.Цогтбаяр Д.Энхбаяр Б.Дамчаа С.Түвшинжаргал,Зохиомж кино компани,99,1ц 39м
910,Их говийн жонон хамлет,Кино,,2003,Б,1ц 20м,6.3,Д.Чинбат,,Д.Чинбат Б.undefined Х.Үнэнхүү Ч.Хүрэл А.Очирбат,Зохиомж кино компани,80,1ц 20м
911,Уучил,Кино,,2006,16+,1ц 20м,6.3,Б.Цогтбаяр,,Б.Цогтбаяр А.undefined,Зохиомж кино компани,80,1ц 20м
912,Хайрлаагүй амь,Кино,,2010,16+,1ц 30м,6.9,Г.Энхтөр,,Г.Энхтөр С.Болд-Эрдэнэ С.Баясгалан Ц.Төмөрбаатар Г.Эрдэнэбилэг,Score,90,1ц 30м
913,Зүрхээр наадагч,Кино,биелүүлнэ.,2014,13+,1ц 44м,8.1,У.Уранчимэг,А.Ганчимэг,У.Уранчимэг О.Цэгмэд А.Цэнгүүн Г.Мягмарнаран Б.Пүрэвдорж А.Ганчимэг Д.Ганцэцэг О.Мөнхдалай Б.Ганхүү,Хувьсал продакшн,104,1ц 44м
914,Ээжээ надтай гэрлээч,Кино,,2014,ЭЭХ,1ц 35м,7.3,Л.Лхагважаргал,Д.Мөнхбат,"Б.Анхбаяр, Ч.Ундрал, Г.Ган-Очир, Д.Баттөмөр, Б.Хулан, Жүжигчид Б.Анхбаяр Л.Лхагважаргал Д.Мөнхбат Ч.Ундрал Г.Ган-Очир Д.Баттөмөр Б.Хулан",[],95,1ц 35м
915,Эцсийн зогсоол Э цэг,Кино,,2014,ЭЭХ,1ц 45м,6.6,Б.Ариунболд,Б.Ариунболд,Б.Ариунболд О.Баярсайхан Ц.Гоодарь Т.Энэрэл Б.Ариунцэцэг Д.Батбаяр Б.Нямхүү М.Саранцэцэг Д.Отгонтөгс,Юу Би бета интертайнмент Эрхэс студи,105,1ц 45м
916,Миний хайр,Кино,,2014,13+,1ц 30м,7.1,Ц.Золжаргал,Ц.Золжаргал А.Миеэгомбо,Ц.Золжаргал А.Миеэгомбо Э.Мөнхтөр Ш.Жавхлан Б.Баярмаа Ж.Мөнхзул Б.Билэгдэмбэрэл Э.Ууганбаяр П.Баярцэнгэл Г.Золзаяа М.Дорждагва А.Энхбаяр Ш.Алтантуяа Р.Адъяа,Бондоолой фильм,90,1ц 30м
918,Сүүлчийн шөнө,Кино,,2014,13+,1ц 15м,6.9,Н.Наранбаатар,Ш.Гүрбазар,Н.Наранбаатар Ш.Гүрбазар Ц.Төмөрбаатар О.Оюун Н.Батцэцэг Ц.Төмөрхуяг О.Гэрэлсүх С.Болд-Эрдэнэ Н.Баярмаа М.Тогтохжаргал Ж.Мөнгөнсүх Т.Билигжаргал О.Дөлгөөн,Парамайнд арт Тэнгри концепт,75,1ц 15м
920,Эх орон дуудаж байна,Кино,Дайнт,2014,13+,1ц 20м,6.6,Д.Ангараг,В.,Д.Ангараг Э.Ууганбаяр С.Дамдин В. Т.Баттулга Э.Чамин-Эрдэнэ Г.Дөлгөөн-Аюуш Д.Мөнх-Од Б.Батсүх Б.Батмэнд Ө.Энхболд Ж.Буяннэмэх,А-Артист продакшн Од театр Хаанаас үзэх вэ?,80,1ц 20м
921,Шинэ жилийн адал явдал,Кино,,2013,ЭЭХ,1ц 20м,6.2,Г.Бадамрагчаа,Г.Бадамрагчаа,"E.хамтлаг, Г.Эрхэмбаяр, Д.Баттөмөр, Г.Алтаншагай, П.Баярцэнгэл,",[],80,1ц 20м
924,Ховч,Кино,,2009,16+,1ц 24м,6.3,С.Тимур,,"Ч.Саруултамир, Б.Мэндсайхан, Д.Шинэцэцэг, Жүжигчид С.Тимур Ч.Саруултамир Б.Мэндсайхан Д.Шинэцэцэг",[],84,1ц 24м
925,Мартагдашгүй намар,Кино,,2012,ЭЭХ,1ц 34м,7,Д.Отгонзаяа,,Д.Отгонзаяа Б.Тамир Э.Урангоо Л.Цокто Ч.Очгэрэл Э.Эрдэнэбаяр,Ю Би Эс телевиз,94,1ц 34м
927,Өнөөдөр,Кино,,2014,16+,1ц 30м,6.8,Б.Тулгаа,,Д.Мөнх-Од Э.Мөнхтөр Д.Хосбаяр Б.Баяржавхлан Т.Оюун-Эрдэнэ Б.Тулгаа,Грийн креатив арт,90,1ц 30м
929,Хүсэл мөрөөдлийн зүгт,Кино,,2014,Б,1ц 14м,6.7,Ж.Батбаяр,,"Б.Эрдэнэчимэг, С.Сүхбаатар, Б.undefined,",Голден стейж интертайнмент,74,1ц 14м
930,Бөмбөг,Кино,,2014,Б,1ц 11м,7,Л.Лхагвадорж,Б.Тэгшсүрэн Л.Лхагвадорж Б.Тэгшсүрэн,Л.Лхагвадорж Б.Тэгшсүрэн Э.Бямбадорж Н.Тэлмүүнтамир Ц.Өлзий Е.Төгөлдөр,Лимон студи Гал пикчерс студи,71,1ц 11м
931,Цэн тогоруу,Кино,,2014,13+,1ц 38м,6.8,М.Ивээл,,М.Ивээл М.Болд Д.Мэндбаяр Б.Магсаржав,Жинжиймаа кино баг,98,1ц 38м
944,Хүрэлдэй: Их хааны элч,Кино,,2009,13+,1ц 32м,6.3,Б.Амарсанаа,Ц.Хүсэлбаатар Б.Амарсанаа,Б.Амарсанаа О.Отгонбат Э.Дэлгэрцэцэг Ц.Оюунгэрэл Б.Батхүслэн Л.Чаминчулуун Ц.Хүсэлбаатар Г.Золбоот Б.Сүхболд Г.Равдан О.Бат-Өлзий Д.Баттөмөр,С Ти студи,92,1ц 32м
946,Чи итгэхгүй л дээ,Кино,,2009,13+,1ц 32м,1,У.Батбаатар,,У.Батбаатар Б.Эрдэнэхүү,Khaangarid Pictures,92,1ц 32м
947,Тютю,Кино,,2015,13+,1ц 35м,6.5,Г.Ундармаа,,М.Цэрэндолгор О.Гэрэлсүх Г.Золбоот Г.Ундармаа Л.Гантулга Б.Жаргалсайхан Э.Ууганцэцэг Ц.Батхуяг Д.Бямбацогт С.Дамдин Э.Номин-Эрдэнэ,U film Прайм пикчерс,95,1ц 35м
948,Омарын эрэлд,Кино,,2014,13+,2ц 0м,6.4,Ж.Сэнгэдорж,Д.Энхбаяр,Ж.Сэнгэдорж Д.Энхбаяр Б.Баатархүү Ц.Төмөрбаатар Р.Адъяа Э.Мөнхтөр Б.Отгонбат Э.Цолмонбаяр Д.Дэлгэрсайхан Б.Навчаа А.Өнөржаргал Н.Цэнд-Аюуш,Коктайл фильмс,120,2ц 0м
1035,Би хулчгар,Кино,,2014,16+,1ц 20м,6.4,Б.Мөнх-Амьдрал,Б.Мөнх-Амьдрал,Б.Мөнх-Амьдрал Б.Мөнхтулга захирал М.Энхзул М.Батзориг О.Отгонбат,A&O продакшн,80,1ц 20м
1084,650,Кино,,2009,13+,1ц 50м,6.2,М.Энхдалай,М.Энхдалай,М.Энхдалай М.Батзориг Н.Болдцэцэг Л.Жижжалам Б.Чинбат,Шинэ ертөнц продакшн,110,1ц 50м
1227,Би чамд хайртай,Кино,,1985,13+,,7.3,Б.Балжинням,И.Нямгаваа,"С.Пүрэвмаа, Н.Бадрал, Б.Дамчаа, З.Жарантив, Л.Эрдэнэбаяр, Жүжигчид Б.Дамчаа Б.Балжинням И.Нямгаваа Л.Эрдэнэбаяр С.Пүрэвмаа З.Жарантив Н.Бадрал",[],87.17165669,1ц 27м
1228,Хүний төлөө,Кино,Хүний төлөө МУСК,1976,Ангилал хийгдээгүй,,6.9,Д.Жигжид,Ч.Гомбо,"Б.Тунгалаг, Б.Мижиддорж, Жүжигчид Д.Жигжид Ч.Гомбо Б.Тунгалаг Б.Мижиддорж",[],87.17165669,1ц 27м
1234,Содура,Кино,,2015,ЭЭХ,2ц 0м,8.7,Б.Жаргалсайхан,С.Сумъяа О.Эрдэнэ,Э.Эрдэнэбаяр Ч.Очгэрэл Ц.Батхуяг С.Сумъяа Б.Жаргалсайхан О.Амгаланбаатар С.Болормаа О.Эрдэнэ С.Ариунбямба А.Өнөржаргал М.Оюунсүрэн П.Цэрэндагва Б.Баатархүү Д.Мэндбаяр,Ю Би Эс телевиз Хаанаас үзэх вэ?,120,2ц 0м
1240,3 найз: Яасан байх нь уу?,Кино,,2015,ЭЭХ,1ц 40м,9.3,Ч.Ганзориг,О.Тэмүүжин Ж.Оргил,О.Тэмүүжин Б.Баатархүү Ж.Оргил Ч.Ганзориг Д.Түвшинтөр Л.Дэмидбаатар Г.Анхбаяр Ш.Алтанцэцэг Г.Нарансолонго А.Туяа,Кийстоун фильмс,100,1ц 40м
1241,Хөгжилтэй өдөр,Кино,,2015,ЭЭХ,,6.7,Н.Ариунболд,Б.Энхээ,Н.Ариунболд Б.Энхээ Ц.Ганбаяр Ж.Оюундарь Т.Билгүүн Б.Отгонтуяа С.Өлзийхүү Р.Алтансүх Х.Отгонтунгалаг М.Баярмагнай,Шинэ үе продакшн Хаанаас үзэх вэ?,87.17165669,1ц 27м
1242,Учрал,Кино,,2015,ЭЭХ,,7.4,,,О.Дөлгөөн Л.Дэмидбаатар Т.Баттулга Ш.Алтанцэцэг Э.Алдар Б.Баяржавхлан Г.Анхмаа Б.Шинэбаяр Б.Мишээл П.Цэрэндагва Ц.Ганзориг,Аурора фильмс Хаанаас үзэх вэ?,87.17165669,1ц 27м
1243,Хар сувдны нууц,Кино,,2015,ЭЭХ,,6.8,Б.Тамир,,Э.Одбаяр Г.Алтаншагай Б.Тамир М.Баярбат Д.Дэлгэрсайхан М.Намуунцэцэг,Ф студи МИМ фильм Хаанаас үзэх вэ?,87.17165669,1ц 27м
1244,Тооцоогүй тоглоом,Кино,,2015,16+,1ц 30м,6.6,У.Уранчимэг,А.Ганчимэг,"Н.Цэнгэлжаргал, О.Мөнхдалай, Г.Бямбасүрэн, Ч.Мөнхболд, Жүжигчид У.Уранчимэг А.Ганчимэг Н.Цэнгэлжаргал О.Мөнхдалай Г.Бямбасүрэн Ч.Мөнхболд",[],90,1ц 30м
1245,Ар хударга,Кино,,2015,13+,1ц 30м,5.2,О.Эрдэнэ,Д.Болдбаатар,Э.Эрдэнэбаяр Г.Эрдэнэбилэг Д.Болдбаатар О.Эрдэнэ О.Долгор С.Баттулга Д.Сэлэнгэ Д.Төмөрчөдөр С.Ариунбямба Б.Батзаяа Ц.Цэрэнболд О.Амгаланбаатар,Дашдоржийн Болдбаатар Хаанаас үзэх вэ?,90,1ц 30м
1266,Анчид,Кино,,2015,16+,,7,О.Дэмбэрэл,О.Дэмбэрэл,О.Дэмбэрэл С.Болд-Эрдэнэ Э.Тамир П.Баярцэнгэл Ш.Жавхлан Э.Уянга Д.Мөнхзул Н.Ялалт,Юу Би бета интертайнмент Онч мэргэн продакшн,87.17165669,1ц 27м
1273,Донор,Кино,,2015,13+,1ц 30м,6.7,Ч.Батбаяр,Ж.Жамъянсүрэн,Ч.Батбаяр Ж.Жамъянсүрэн П.Баттөр О.Оюун-Эрдэнэ Н.Ялалт Э.Мөнхтөр Д.Дэлгэрсайхан Б.Навчаа Б.Мишээл Ц.Батболд,Лоожикфильм (Logicfilm) Мазаалай фильм,90,1ц 30м
1274,Үндэсний баялаг,Кино,,2015,13+,1ц 30м,6.6,Б.Бодьбаатар,А.Алтанхуяг,Б.Бодьбаатар А.Алтанхуяг Б.Номин Ц.Төмөрбаатар Э.Хонгорзул Б.Батбаатар Б.Батжаргал D.Vincent С.Ариунбямба Г.Энхжаргал Ц.Одонтунгалаг Б.Гүнзаяа,Сүлд интертайнмент Могжоохон интертайнмент,90,1ц 30м
1275,247 градус,Кино,,2015,ЭЭХ,,7.1,Б.Тамир,Б.Тамир Л.Ариунболд,Б.Батмаа Э.Одбаяр Б.Тамир Э.Ууганбаяр Б.Барслхагва Л.Ариунболд А.Гэрэлцэцэг Г.Лхагвацэрэн Э.Алдар Ж.Мөнхсайхан Б.Одончимэг,Ф студи МИМ фильм,87.17165669,1ц 27м
1276,Аав,Кино,,2015,ЭЭХ,1ц 30м,0.5,Г.Эрдэнэбилэг,М.Энхдалай,Г.Эрдэнэбилэг М.Энхдалай Ц.Цэрэнболд С.Сарантуяа Б.Шинэбаяр Ч.Алтан-Өлзий Г.Алтангэрэл Л.Эрдэнэ-Очир Б.Мөнхдэлгэр,Блек зебра Хаанаас үзэх вэ?,90,1ц 30м
1277,Аюултай харилцаа,Кино,,2015,13+,,7.1,Ц.Хүсэлбаатар,Ц.Хүсэлбаатар,Ц.Хүсэлбаатар Э.Мөнхтөр Х.Баярмаа Г.Отгонцэцэг П.Шүүдэрцэцэг С.Ариунбямба Н.Нямцог С.Нарангарав,Хас фильм студи Хаанаас үзэх вэ?,87.17165669,1ц 27м
1278,Хамтран амьдрагч,Кино,,2015,ЭЭХ,,6.3,Д.Хүрэлхүү,Х.Болор-Эрдэнэ,Б.Энхжаргал Г.Жанчив Ч.Ганзориг О.Дөлгөөн Д.Хүрэлхүү Х.Болор-Эрдэнэ Г.Ундармаа Ж.Алтаншагай О.Цэнгэл Б.Навчаа Д.Түвшинтөр Р.Адъяа Б.Баатархүү Д.Мэндбаяр,Хүрэлхүү,87.17165669,1ц 27м
1279,Надад итгээч,Кино,,2015,ЭЭХ,,7,Г.Бандицэрэн,Г.Бандицэрэн,Г.Бандицэрэн Д.Мөнххишиг Б.Ганхүү Н.Шинэбаатар,Фокус 2200 интертайнмент Хаанаас үзэх вэ?,87.17165669,1ц 27м
1281,Хүүхэлдэй,Кино,,2015,13+,,6.8,Б.Цогт-Эрдэнэ,Ц.Ууганбаяр,Ц.Ууганбаяр Б.Цогт-Эрдэнэ Н.Мөнхсоёл У.Батбаатар Ө.Мөнгөнтулга М.Саранцэцэг,Кино цамхаг студи,87.17165669,1ц 27м
1282,Танхай тээгч,Кино,,2015,ЭЭХ,1ц 37м,6.8,И.Одончимэг,И.Одончимэг,И.Одончимэг Ц.Батхуяг А.Өнөржаргал Г.Эрхэмбаяр Ц.Ганзориг Б.Чингүүн Т.Бархүү О.Долгор,Аврора фильм Хаанаас үзэх вэ?,97,1ц 37м
1285,Хуримын сюрприз,Кино,,2015,ЭЭХ,,6.8,Д.Отгонбаяр,Д.Отгонбаяр Г.Сэр-Од,Д.Отгонбаяр Э.Ууганбаяр Г.Золбоот Д.Оюунтуул Г.Сэр-Од Б.Баярмаа Л.Сөрөлт Д.Энхбаяр Г.Золзаяа Р.Адъяа Ж.Оюундарь Б.Баатархүү Ц.Ганбаяр Г.Эрхэмбаяр Ц.Ганзориг Ш.Жавхлан Б.Туяа,Оюунлаг продакшн,87.17165669,1ц 27м
1286,Зангараг,Кино,,2015,13+,1ц 35м,7.2,А.Батбаатар,А.Батбаатар,Ц.Төмөрбаатар А.Батбаатар П.Баттөр Ц.Төмөрхуяг Г.Алтангэрэл Д.Бямбацогт Б.Батбаатар Д.Дэлгэрсайхан Н.Мөнхсоёл Т.Анар Б.Баярмагнай Г.Золбоот Е.Баярмагнай Т.Мөнх-Эрдэнэ,Скай пирамид студи Хаанаас үзэх вэ?,95,1ц 35м
1295,Le dernier loup,Кино,,2015,13+,2ц 1м,7.9,.Annaud,J.Rong,.Annaud J.Rong Р.Анхням Э.Буянхишиг Б.Баасанжав,China Film Co. Reperage Beijing Forbidden City Film,121,2ц 1м
1306,Эр хүн болгож өгөөч,Кино,,2015,18+,,7.3,Э.Батхүү,,Э.Батхүү Ц.Төмөрбаатар Д.Бямбацогт С.Сарантуяа Э.Мөнхтөр О.Цэнгэл,Майнд медиа групп,87.17165669,1ц 27м
1312,Мөнх тэнгэрийн хүчин дор,Кино,,1992,16+,,8.8,Б.Балжинням,Д.Маам Б.Балжинням С.Эрдэнэ Д.Батбаяр,Г.Адилбиш Б.Балжинням А.Энхтайван Г.Равдан Д.Маам У.Батбаатар Ж.Сүххуяг Н.Сувд Г.Мягмарнаран С.Эрдэнэ С.Сарантуяа Д.Батбаяр Ц.Төмөрхуяг Ц.Төмөрбаатар Ч.Найдандорж Б.Жаргалсайхан О.Бат-Өлзий Ё.Алтанзул Д.Төмөртогтох,Чингис фильм,87.17165669,1ц 27м
1313,Дэв,Кино,Сэтгэхүйн,2010,16+,1ц 32м,7.1,Б.Жаргалсайхан,Б.Жаргалсайхан А.Миеэгомбо,С.Болд-Эрдэнэ Л.Ариунболд Ц.Цэрэнболд Б.Жаргалсайхан М.Тогтохжаргал Э.Тамир А.Миеэгомбо,Синебокс (Cinebox),92,1ц 32м
1315,Die Geschichte vom weinenden Kamel / The Story of the Weeping Camel,Кино,,2003,ЭЭХ,,7.4,Д.Бямбасүрэн,,,[],87.17165669,1ц 27м
1345,Амьдрал нулимсанд дургүй,Кино,,2015,ЭЭХ,1ц 36м,6.3,Ц.Энхцогт,,А.Туяа Юмжир Б.Батзаяа Ангараг Р.Баттогтох Түшээ Ж.Оюундарь Хаш-Зориг Ц.Энхцогт,Дээд гэгээн пикчерс,96,1ц 36м
1353,Made in Ulaanbaatar,Кино,,2015,ЭЭХ,,6.7,Л.Лхагважаргал,Д.Мөнхбат,Л.Лхагважаргал Г.Эрхэмбаяр О.Долгор Д.Мөнхбат Д.Баттөмөр Б.Батмэнд Ө.Мөнх-Эрдэнэ О.Амгаланбаатар Ч.Болд,Нүдэн фильм Хаанаас үзэх вэ?,87.17165669,1ц 27м
1355,Хайрын бэлэг,Кино,,2013,13+,,6.3,,,,Метро медиа групп,87.17165669,1ц 27м
1356,Муушгийг таван гар тоглох албагүй,Кино,,2013,ЭЭХ,1ц 50м,6,,,"А.Адилцэцэг,",Хос чандмань уран бүтээлийн нэгдэл,110,1ц 50м
1357,Алсын удирдлага,Кино,,2014,ЭЭХ,1ц 30м,6.3,С.Бямба,С.Бямба,С.Бямба Н.Баярмаа Ану Ц.Төмөрхуяг С.Болормаа Ч.Ганбаатар Б.Ёндонжамц,Гуру медиа ХХК,90,1ц 30м
1358,Ноход,Кино,,2015,13+,,6.8,Л.Таванбаяр,Л.Таванбаяр,Л.Таванбаяр Е.Даваасүрэн Б.Даваасүрэн Б.Пүрэвдорж М.Саранцэцэг Д.Зоригт Д.Сүхбаатар Л.Баттөр Н.Мөнхсоёл,Жаалхүү фильм,87.17165669,1ц 27м
1400,Бидний найзын дурлал,Кино,,2001,13+,,6.9,А.Төгсбаяр,,"Д.Лхагва, Х., Б.Ганхүү, Жүжигчид Д.Лхагва А.Төгсбаяр Х. Б.Ганхүү",[],87.17165669,1ц 27м
1404,Тайга,Кино,Буцах жим үгүй...,2015,16+,,7.2,Д.Ууганбаяр,Д.Ууганбаяр,Б.Эрдэнэбат Д.Ууганбаяр Н.Ялалт Р.Баттогтох Н.Төмөрбат Б.Дамдинсүрэн Л.Баярсайхан А.Цэгмэд,35фильм,87.17165669,1ц 27м
1434,Хожлын нүүдэл,Кино,Хожлын нүүдэл МУСК,2015,ЭЭХ,,6.7,Г.Анхбаяр,Э.Сувд Б.Батбилэг Г.Анхбаяр,Э.Сувд Г.Анхбаяр Л.Гантулга Д.Хүрэлхүү Д.Баттөмөр Г.Ундармаа Б.Батбилэг Д.Пүрэвсүрэн Р.Адъяа Д.Түвшинтөр Г.Эрхэмбаяр Э.Одгэрэл Г.Чулуунцэцэг Г.Дашням Б.Баатархүү Д.Дэлгэрсайхан,Прайм пикчерс Амжилтаа ахиулъя ТББ Ти Жэй интертайнмент,87.17165669,1ц 27м
1439,Single Ladies 2,Кино,,2015,13+,,4.2,Г.Ундармаа,А.Миеэгомбо,Э.Чинзориг О.Дөлгөөн А.Миеэгомбо Г.Ундармаа П.Эрдэнэзаан Д.Хүрэлхүү Б.Навчаа А.Туяа П.Баттөр Г.Анхбаяр Э.Алдар О.Амгаланбаатар Г.Дөлгөөн-Аюуш М.Баярмагнай Д.Дэлгэрсайхан,U film,87.17165669,1ц 27м
1445,Жаужүрек мын бала,Кино,Жаужүрек Мың Бала,2012,Ангилал хийгдээгүй,,6.3,А.Сатаев,,Ц.Цэрэнболд А.Сатаев Б.Жаргалсайхан Л.Баттулга Г.Золбоот М.Түвшинхүү С.Ариунбямба Г.Эрдэнэбилэг Э.Ондар,Sataifilm,87.17165669,1ц 27м
1449,Дүр эсгэгчид,Кино,,2015,13+,,6.5,Ш.Равдандорж,Д.Алтансүх,Б.Оюунсайхан Ш.Равдандорж Д.Алтансүх Ц.Цэрэнболд Б.Даваажав Н.Батсайхан И.Хангай О.Отгонбат С.Мөнхбаатар Б.Даваасүрэн Д.Баасанжав Б.Түмэндэмбэрэл С.Ариунцэцэг,Хас форм пикчерс Улаан театр,87.17165669,1ц 27м
1450,Алтан өндөг,Кино,,2018,ЭЭХ,,7.4,И.Одончимэг,И.Одончимэг Т.Бархүү,И.Одончимэг Т.Бархүү Б.Баатархүү Д.Халин С.Лхагвасүрэн Б.Баян-Ерөөл А.Туяа Г.Эрхэмбаяр Ж.Мөнхсайхан,Тэнгэр продакшн,87.17165669,1ц 27м
1451,Маш нууц,Кино,,2015,ЭЭХ,,8.8,О.Бат-Өлзий,Т.Төмөр-Очир,Г.Лхагвацэрэн Э.Одбаяр О.Бат-Өлзий Ц.Төмөрбаатар Э.Алдар Т.Төмөр-Очир Г.Золбоот Ц.Төмөрхуяг Г.Равдан Д.Бямбацогт Г.Чулуунцэцэг Б.Ганчулуун Б.Барслхагва О.Дөлгөөн Б.Тамир М.Баярбат У.Батбаатар Б.Батсайхан Ц.Амартүвшин Т.Баярмагнай Б.Даваажав Ж.Алтаншагай Б.Базаррагчаа Б.Ганхүү,Жийж продакшн Ред пойнт медиа,87.17165669,1ц 27м
1454,Элэг нэгтэн,Кино,,2015,16+,2ц 0м,7.3,Ш.Доржсүрэн,Ш.Доржсүрэн Ж.Дүүрэнтөгс Ц.Байгалмаа,Б.Эрдэнэбат Б.Энхжаргал Ш.Доржсүрэн А.Мөнгөнзул М.Тэргэл Д.Гүрсэд Ж.Дүүрэнтөгс N.Mitr-em V.Pansringarm Л.Эрдэнэ-Очир Ц.Байгалмаа K.Wattanakul S.Wongwirot,ME Monwichit Production (Thai) Spear Production (Thai) Хаанаас үзэх вэ?,120,2ц 0м
1455,Такси,Кино,,2015,ЭЭХ,,2.6,Г.Дарханбат,Г.Дарханбат,Д.Тэмүүлэн А.Өнөржаргал Г.Чулуунцэцэг Б.Болд Г.Дарханбат Л.Сөрөлт Р.Алтансүх Г.Дарханбаяр Ц.Нарантунгалаг Б.Даваажав Н.Ариунболд Р.Адъяа С.Өлзийхүү С.Баттулга А.Орхонтуул Ж.Оюундарь Д.Батбаяр Ш.Жавхлан Б.Нямхүү,Твинс фильмс студи (Twins Film),87.17165669,1ц 27м
1457,Босуул,Кино,,2015,13+,,7.6,Ж.Сэнгэдорж,А.Баттүшиг,Ж.Сэнгэдорж А.Баттүшиг С.Ариунбямба Р.Хишигдэлгэр Б.Батмэнд Н.Ялалт Т.Билэгжаргал Э.Мөнхтөр А.Өнөржаргал Э.Идэрболд С.Баттулга Э.Мөнхбат,Коктайл фильмс Блек зебра Сан пикчерс Неско фильм сөүнд,87.17165669,1ц 27м
1458,High School,Кино,High School МУСК,2015,Б,,3.3,Ө.Бат-Эрдэнэ,Ж.Буянтөгс Ц.Бямбажаргал,Ц.Номин Ө.Бат-Эрдэнэ Н.Батцэцэг Ж.Буянтөгс Г.Пүрэвбаатар А.Анар-Эрдэнэ Ц.Бямбажаргал С.Энхбилэг О.Самданпүрэв,ЛАМСАН продакшн,87.17165669,1ц 27м
1459,Төмөр нар,Кино,,2015,13+,,6.9,Л.Ган-Эрдэнэ,Ж.Буянтөгс,"Н.Төмөрбат, С.Баттулга, Т.Анар, Г.Пүрэвбаатар, Н.Ялалт, Б.Мөнх-Эрдэнэ, Б.Пүрэвжав, Б.Батбаатар, А.Батбаатар, Жүжигчид Ж.Буянтөгс Л.Ган-Эрдэнэ Н.Ялалт С.Баттулга Б.Мөнх-Эрдэнэ Н.Төмөрбат Г.Пүрэвбаатар Б.Пүрэвжав Б.Батбаатар А.Батбаатар Т.Анар",[],87.17165669,1ц 27м
1460,Төөрөг,Кино,Төөрөг МУСК,2016,Ангилал хийгдээгүй,,6.3,,,,[],87.17165669,1ц 27м
1462,Хаалттай хот,Кино,Хаалттай хот МУСК,2016,Ангилал хийгдээгүй,,6.9,,,"Т.Билэгжаргал, Б.Баярмаа, Жүжигчид Т.Билэгжаргал Б.Баярмаа",[],87.17165669,1ц 27м
1466,Атганд үлдсэн эрдэнэ,Кино,,2016,16+,,5.3,У.Уранчимэг,У.Уранчимэг,"А.Ганчимэг, Б.Шинэбаяр, П.Цэрэндагва, Д.Ганцэцэг, Н.Нэргүйбаатар, Д.Мэндбаяр, У.Уранчимэг, А.Уянга, Б.Ивээл, Т.Энхтуяа, Н.Уянхан, Б.Эрдэнэцэцэг, Ц.Мөнхболд, С.Дамдин, Хаанаас үзэх вэ? Жүжигчид У.Уранчимэг А.Ганчимэг Д.Ганцэцэг Б.Шинэбаяр Н.Нэргүйбаатар П.Цэрэндагва Д.Мэндбаяр А.Уянга Б.Ивээл Т.Энхтуяа Н.Уянхан Б.Эрдэнэцэцэг Ц.Мөнхболд С.Дамдин",[],87.17165669,1ц 27м
1469,Бид 3-ын болзоо,Кино,,2015,ЭЭХ,,6.2,М.Энхдалай,Ж.Оргил,П.Шүүдэрцэцэг А.Очирбат М.Энхдалай Ж.Оргил О.Амгаланбаатар Ч.Алтан-Өлзий Э.Тодгэрэл Г.Урнаа Б.Эрдэнэцэцэг О.Отгонбат О.Хүрэлтогоо Б.Энхжаргал Г.Билгүүн Д.Төмөрбаатар И.Мөрөн,Ай Си креатив дивишн Хаанаас үзэх вэ?,87.17165669,1ц 27м
1475,Дурласны маргааш,Кино,,2005,Ангилал хийгдээгүй,1ц 30м,6.6,Ш.Доржсүрэн,Ш.Доржсүрэн,"А.Мөнгөнзул, П.Эрдэнэзаан, Ж.Мөнхсайхан, Б.Баатархүү, Н.Цэнд-Аюуш, Ц.Батхуяг, Ц.Ганзориг, Жүжигчид А.Мөнгөнзул Д.Ангараг П.Эрдэнэзаан Ж.Мөнхсайхан Ш.Доржсүрэн Б.Баатархүү Н.Цэнд-Аюуш Ц.Батхуяг Ц.Ганзориг",[],90,1ц 30м
1476,Авилагч,Кино,Авилагч МУСК,2016,Ангилал хийгдээгүй,,7,,,,[],87.17165669,1ц 27м
1477,Хүүхэд том болох лүд юм аа,Кино,,2000,Ангилал хийгдээгүй,,6.7,,,"А.Мөнгөнзул,",[],87.17165669,1ц 27м
1493,15 минут,Кино,,2014,13+,,7.4,Б.Баярсанаа,,,[],87.17165669,1ц 27м
1494,Анхны алхам,Кино,,1969,ЭЭХ,,7.2,Г.Жигжидсүрэн,Ч.Гомбо,"Б.Цэцэгбалжид, Ч.Хүрэл, С.Цэрэндаш, Н.Цэгмид, Д.Дондог, Ё.Шаравдоо, Ц.Гантөмөр, С.Балданпүрэв, Жүжигчид Г.Жигжидсүрэн Ч.Гомбо Б.Цэцэгбалжид С.Цэрэндаш Ч.Хүрэл Н.Цэгмид Д.Дондог Ё.Шаравдоо Ц.Гантөмөр С.Балданпүрэв",[],87.17165669,1ц 27м
1501,Тэр жилийн тэр өдөр,Кино,Дайнт,2016,ЭЭХ,,7,Б.Нагнайдорж,С.Пүрэв,С.Пүрэв Б.Нагнайдорж Б.Батсумъяа Г.Золбоот,Хасу продакшн,87.17165669,1ц 27м
1505,Бохир ертөнц,Кино,,2015,13+,,7.5,Л.Ариунболд,Л.Ариунболд,Л.Ариунболд Ч.Алтан-Өлзий Н.Төмөрбат Ч.Болд Н.Ялалт Б.Хулан У.Батбаатар Г.Эрдэнэбилэг А.Мөнхтулга Д.Бямбацогт А.Болд,Борн фильм студи Морьтон интертайнмент,87.17165669,1ц 27м
1509,Сүүлчийн төрсөн өдөр,Кино,,2015,16+,,6.3,Г.Гантулга,Г.Гантулга,Г.Гантулга Б.Чингүн Б.Билгүүн,Икс-МАСС продакшн,87.17165669,1ц 27м
1510,Гайхамшигт нислэг,Кино,,2015,ЭЭХ,0ц 15м,6.9,Л.Бат-Амгалан,,,[],15,0ц 15м
1514,Говийн домог,Кино,,2018,13+,,8.6,Ц.Даваажаргал,С.Сумъяа О.Эрдэнэ,Э.Эрдэнэбаяр Э.Ондар Ч.Очгэрэл Ц.Даваажаргал С.Сумъяа Б.Замилан И.Одончимэг О.Эрдэнэ О.Амгаланбаатар П.Цэрэндагва С.Лхагвасүрэн,Ю Би Эс телевиз Хаанаас үзэх вэ?,87.17165669,1ц 27м
1522,Тоглож болохгүй нас,Кино,,2015,ЭЭХ,,7.4,Ө.Алтансэрээ,Ө.Алтансэрээ,Ө.Алтансэрээ Б.Нямдаваа у.undefined Ө.Наранбаатар Н.Бадамцэцэг Ч.Анударь Д.Энхдалай Б.Гэрэлт-Од Г.Мандахбаяр Б.Ганхүү Б.Базаррагчаа Д.Ганхуяг С.Сарангэрэл Ч.Алтан-Өлзий,Гөлдэн пикчерс продакшн,87.17165669,1ц 27м
1523,Алтан огтлол,Кино,Арт,2015,16+,1ц 0м,6,,,,Хөх зэв,60,1ц 0м
1527,Том толгойтын романс,Кино,,2015,ЭЭХ,,6.8,Б.Барслхагва,Б.Барслхагва Э.Алдар Б.Тамир,Э.Одбаяр Б.Барслхагва Б.Отгонбат Ж.Алтаншагай Б.Одончимэг Э.Алдар Б.Тамир Ө.Мөнх-Эрдэнэ Ц.Ганбаяр Э.Батхүү Э.Ууганбаяр Б.Батсайхан Б.Ганчулуун Д.Энхбаяр А.Туяа М.Баярбат,Бродерхүүд,87.17165669,1ц 27м
1530,Уулын эзэн,Кино,,2015,ЭЭХ,0ц 45м,7.1,У.Пүрэвжав,М.Номин-Эрдэнэ У.Пүрэвжав,Ё.Цог У.Пүрэвжав М.Номин-Эрдэнэ Х.Баяраа Э.Ууганбаяр Ж.Дөлбадрах,Лоожикфильм (Logicfilm) Гэрэлт медиа групп,45,0ц 45м
1531,Оргилд хүрэх зам,Кино,,2015,ЭЭХ,0ц 20м,7.6,О.Сэргэлэн,,Б.Пүрэвдорж Б.Цог О.Сэргэлэн Э.Бат-Ирээдүй Б.Даваажав,ЗОС фильм медиа,20,0ц 20м
1534,Бүү март,Кино,,2016,ЭЭХ,,7.4,А.Мөнхсүх,Ж.Мөнхбат,Н.Төмөрбат Ц.Төмөрбаатар Г.Мягмарнаран Ж.Мөнхбат А.Мөнхсүх Б.Билгүүн Б.Тунгалаг Д.Бямбацогт О.Анужин Г.Золбоот Ш.Мөнхбаяр А.Дашпэлжээ Х.Түвшин Ө.Мөнгөнтулга Н.Зориг Б.Гарьд Б.Базаррагчаа,Хүмүүн фильм,87.17165669,1ц 27м
1540,Өв тээсэн их нүүдэл,Кино,,2015,Б,,7.1,Б.Баяр,,,Сэмүүн студи,87.17165669,1ц 27м
1545,Қазақ Хандығы: Алмас Қылыш,Кино,,2017,Ангилал хийгдээгүй,,6.6,,,"Ц.Цэрэнболд, Ч.Хулан, Жүжигчид Ц.Цэрэнболд Ч.Хулан",[],87.17165669,1ц 27м
1550,Монгол төрийн товчоон,Кино,,2012,Б,,6.9,,,Н.Ялалт Ц.Цэрэнболд Г.Равдан Б.Жаргалсайхан Б.Батмэнд,Биг лайн фильм,87.17165669,1ц 27м
1556,Хүсэл,Кино,,2015,13+,,7.1,Р.Эрхэмбүрэн,Р.Эрхэмбүрэн,"Б.Болорчулуун, М.Наранмөнх, Г.Алтандуулга, Э.Уянга, С.Сарантуяа, Ц.Төмөрхуяг, Б.Тамир, Б.Барслхагва, Д.Монголхүү, О.Цэнгэл, Б.Одончимэг, Б.Хулан, Т.Нямдорж, Хаанаас үзэх вэ? Жүжигчид Р.Эрхэмбүрэн Б.Болорчулуун М.Наранмөнх Э.Уянга Г.Алтандуулга С.Сарантуяа Ц.Төмөрхуяг Т.Нямдорж Б.Тамир Б.Барслхагва Д.Монголхүү О.Цэнгэл Б.Одончимэг Б.Хулан",[],87.17165669,1ц 27м
1566,Шуугиан таригч,Кино,,2016,ЭЭХ,,6.8,Д.Галбаяр,,Г.Мягмарнаран Т.Бархүү М.Бямбаа П.Цэрэндагва Д.Галбаяр Д.Энхбаяр Э.Мөнхтөр Х.Намуун А.Өнөржаргал С.Дамдин О.Оюун Э.Билэгжаргал У.Билэгт-Од Т.Ариунчимэг Б.Билэгдэмбэрэл Д.Сарангэрэл Д.Төмөрбаатар Э.Лувсандаш Ш.Равдандорж Ч.Баярмаа О.Үржинханд Г.Сансараа Г.Ганбат,Гөү адвенчер студи Ред пойнт медиа,87.17165669,1ц 27м
1571,Алиа салбадай,Кино,Алиа салбадай МУСК,1993,Ангилал хийгдээгүй,,6.3,,,"Ч.Алтан-Өлзий,",[],87.17165669,1ц 27м
1572,Гэрлэж амжаагүй явна,Кино,,1981,ЭЭХ,,6.9,Ж.Бунтар,Ч.Гомбо,"Ч.Хүрэл, Н.Батцэцэг, Д.Гүрсэд, Д.Алтангэрэл, П.Долгорсүрэн, Д.Мөнхжаргал, Л.Лувсан, Ц.Оюунчимэг, Б.Пүрэв, И.Нямгаваа, А., Ж.Жамбалрагчаа, Д.Байдий, Жүжигчид Ч.Гомбо Ж.Бунтар Ч.Хүрэл Д.Мөнхжаргал Н.Батцэцэг Л.Лувсан Д.Гүрсэд Ц.Оюунчимэг Д.Алтангэрэл Б.Пүрэв П.Долгорсүрэн И.Нямгаваа А. Ж.Жамбалрагчаа Д.Байдий",[],87.17165669,1ц 27м
1573,Ороолон,Кино,,2016,16+,,3.6,Ө.Мөнгөнтулга,Б.Цогт-Эрдэнэ,Д.Бямбацогт Ө.Мөнгөнтулга Б.Цогт-Эрдэнэ Б.Энхтүвшин Ц.Эрдэнэцэцэг М.Батзориг Э.Пүрэвжаргал Д.Гүрсэд Г.Баярхүү Н.Сарантуяа П.Солонго Б.Эрдэнэхүү Э.Билэгтмаа Б.Ганхүү,Кино цамхаг студи,87.17165669,1ц 27м
1576,Ирж яваа цаг,Кино,,1986,ЭЭХ,,6.9,Ж.Бунтар,Д.Төрбат,"Л.Лувсан, Б.Гэрэлмаа, Н.Цэвээнравдан, С.Бужгар, А.Дашпэлжээ, С.Сэлэнгэ, Т.Борхүү, Д.Элбэгсайхан, П.Долгорсүрэн, Н.Отгонтогос, Б.Базаррагчаа, Жүжигчид Д.Төрбат Ж.Бунтар Л.Лувсан Б.Гэрэлмаа А.Дашпэлжээ С.Сэлэнгэ Н.Цэвээнравдан Т.Борхүү С.Бужгар Д.Элбэгсайхан П.Долгорсүрэн Н.Отгонтогос Б.Базаррагчаа",[],87.17165669,1ц 27м
1577,Би ээж болмоор байна,Кино,,2016,ЭЭХ,,7.3,Г.Дарханбат,Г.Дарханбат,Г.Дарханбат Ш.Жавхлан Б.Гарамханд Г.Дарханбаяр М.Нарантуяа С.Баттулга Ш.Алтанцэцэг Ц.Ганзориг М.Баярмагнай П.Эрдэнэзаан А.Цэгмэд Д.Дэлгэрсайхан Л.Нурбулан Ж.Мөнхсайхан,Твинс фильмс студи (Twins Film),87.17165669,1ц 27м
1579,Зүрхэнд дуссан нулимс,Кино,,2016,16+,,7.3,Л.Ариунболд,Л.Ариунболд,М.Золжаргал Л.Ариунболд Б.Батзаяа Б.Энхчимэг М.Саранцэцэг Ж.Цовоо Д.Оюунтуул Б.Батбаатар А.Мөнхтулга,35фильм Морьтон интертайнмент Маршал креатив агентлаг,87.17165669,1ц 27м
1580,Сайн эцэг,Кино,,2015,Ангилал хийгдээгүй,,6.7,Л.Таванбаяр,Ч.Лодойдамба,Ч.Лодойдамба Л.Таванбаяр,Жаалхүү фильм Ю Би Эс телевиз,87.17165669,1ц 27м
1586,Сөрж болдоггүй тавилан,Кино,,2016,ЭЭХ,,7.2,Л.Гаваасүрэн,Л.Гаваасүрэн,Л.Гаваасүрэн Х.Ганхуяг Л.Доржням П.Долгорсүрэн А.Энхбаяр Д.Бямбацогт Э.Идэрболд Ц.Цэвэлмаа,Тунгалаг продакшн,87.17165669,1ц 27м
1590,Гарьд магнай,Кино,Спортын,1983,13+,,6.6,,,,[],87.17165669,1ц 27м
1598,Эхнэрийн эзгүйд,Кино,,2016,ЭЭХ,,7.3,Г.Содбилэг,А.Баярсайхан,А.Баярсайхан Г.Содбилэг Д.Хосбаяр Ж.Оюундарь С.Баасанжаргал Б.Даваажав Д.Энхбат Д.Дэлгэрсайхан Ц.Төмөрхуяг Л.Дэмидбаатар Б.Баатархүү Л.Сөрөлт А.Энхбаяр Р.Нацагдоо Э.Идэрболд,Кроп интертайнмент Грийн фильм,87.17165669,1ц 27м
1599,Үргээлэг 2,Кино,,2016,16+,,6.9,Г.Эрдэнэбилэг,Т.Бум-Эрдэнэ,Б.Амарсайхан Г.Эрдэнэбилэг А.Дэлгэрмаа Т.Бум-Эрдэнэ П.Цэрэндагва Ж.Баясгалан С.Болд-Эрдэнэ Н.Ялалт П.Баттөр Ш.Энхжаргал Э.Одбаяр,Прайм пикчерс Кино драмын А групп,87.17165669,1ц 27м
1605,Ядуугийн зовлон 2: Хүдэр эргэж ирсэн нь,Кино,,2016,13+,,4.7,Ц.Хүсэлбаатар,Ц.Хүсэлбаатар,Ц.Хүсэлбаатар Д.Хүрэлхүү Т.Анар Г.Золбоот А.Адилцэцэг Ц.Цэрэнболд Н.Буянцог Ц.Алдармаа,Хас фильм студи Ред пойнт медиа Хаанаас үзэх вэ?,87.17165669,1ц 27м
1608,Дурлал сүйтгэгч,Кино,,2016,13+,1ц 40м,6.8,Д.Эрдэнэбулган,Ш.Доржсүрэн,А.Мөнгөнзул Ш.Доржсүрэн Э.Ууганбаяр Д.Эрдэнэбулган Б.Золжаргал Б.Даулетжан Г.Золзаяа Г.Мягмарнаран Х.Манлайбаатар Б.Гэрэлчулуун,Плас мошн пикчерс,100,1ц 40м
1610,Өртөө,Кино,,2016,16+,,6.7,Б.Чингүүн,Б.Чингүүн Э.Нямдулам,Б.Чингүүн Б.Батзаяа Д.Бямбацогт Э.Нямдулам Б.Хулан Ж.Оюундарь Ц.Энхтайван,Аурора фильмс Хаанаас үзэх вэ?,87.17165669,1ц 27м
1618,Schau mich nicht so an,Кино,Don't Look at Me That Way,2015,18+,,3.2,Б.Үйзэнмаа,Б.Үйзэнмаа,"Б.Үйзэнмаа,",Хоёр монгол манаач,87.17165669,1ц 27м
1623,Lovers,Кино,,2016,18+,,7.3,Ж.Сэнгэдорж,Ж.Сэнгэдорж А.Баттүшиг,Б.Батмаа Ж.Сэнгэдорж Э.Чинзориг С.Баттулга А.Баттүшиг Д.Гэрэлмаа Э.Мөнхтөр Л.Энх-Амгалан,Лоожикфильм (Logicfilm) Прайм пикчерс Сан пикчерс,87.17165669,1ц 27м
1624,18 нас: Би чамд хайртай,Кино,,2016,ЭЭХ,,6.2,Б.Тамир,Б.Тамир Э.Алдар Р.Эрхэмбүрэн,О.Цэгмэд Б.Барслхагва Б.Тамир Э.Одбаяр Э.Алдар Ч.Сэлэнгэ Р.Эрхэмбүрэн М.Баярбат Г.Лхагвацэрэн У.Уянга,Ф студи,87.17165669,1ц 27м
1629,Би эхнэрийнхээ нууц амраг,Кино,,2016,16+,,6.3,Б.Ганхөлөг,Б.Галаарид,Б.Ганхөлөг Б.Галаарид Н.Ариунномч З.Жарантив Ц.Төмөрхуяг,Эбэнэзэр продакшн,87.17165669,1ц 27м
1630,Ээждээ ир,Кино,,2016,13+,,7.1,Ө.Мөнх-Эрдэнэ,Б.Загдсамбар,О.Долгор Ө.Мөнх-Эрдэнэ Б.Загдсамбар Д.Энхбаяр С.Баттулга Ж.Оюундарь Г.Дөлгөөн Д.Баттөмөр Б.Баттөгөлдөр,Мөнх өлзий интертайнмент,87.17165669,1ц 27м
1636,Үлгэрийн баатар гэртээ харих замд,Кино,,2016,ЭЭХ,,7.5,Ц.Төмөрхуяг,Д.Дэлгэрсайхан,Р.Адъяа Д.Дэлгэрсайхан Ц.Төмөрхуяг Ц.Ганзориг Ц.Мичидмаа Х.Манлайбаатар Г.Чулуунцэцэг О.Цэнгэл Ш.Жавхлан Н.Мөнхсоёл Э.Намуунаа,Борн фильм студи Морьтон интертайнмент,87.17165669,1ц 27м
1655,Жинжиймаа,Кино,Жинжиймаа МУСК,2003,13+,,6.8,О.Машбат,О.Машбат,"У.Батбаатар, Д.Ганцэцэг, П.Цэрэндагва, А.Адилцэцэг, Э.Гантулга, Ё.Ариунаа, С.Өлзийхүү, Н.Батцэцэг, П.Оюун-Эрдэнэ, Жүжигчид У.Батбаатар Н.Батцэцэг О.Машбат П.Цэрэндагва А.Адилцэцэг Д.Ганцэцэг Э.Гантулга Ё.Ариунаа С.Өлзийхүү П.Оюун-Эрдэнэ",[],87.17165669,1ц 27м
1665,Монгол / Mongol,Кино,Дайнт,2007,16+,,7.1,С.Бодров,,"Ч.Хулан, Б.Баасанжав, О.Одсүрэн, Э.Баярцэцэг, Б.Баян-Ерөөл, А.Мамадаков, T.Asano, Жүжигчид С.Бодров Ч.Хулан Б.Баасанжав О.Одсүрэн T.Asano Э.Баярцэцэг Б.Баян-Ерөөл А.Мамадаков",[],87.17165669,1ц 27м
1668,Муу нүүрт,Кино,,2016,13+,,7,Э.Оргил,Д.Ундраа,"О.Долгор, О.Тэмүүжин, Р.Баттогтох, Б.Анхбаяр, Б.Гарамханд, У.Пүрэвжав, А.Цэгмэд, Жүжигчид Э.Оргил Д.Ундраа О.Долгор Б.Гарамханд О.Тэмүүжин У.Пүрэвжав Р.Баттогтох А.Цэгмэд Б.Анхбаяр",[],87.17165669,1ц 27м
1669,Өвлийн тууж,Кино,,2016,16+,,7.2,Б.Тулгаа,Б.Буяндэлгэр,Б.Тулгаа Б.Буяндэлгэр Э.Мөнхтөр Б.Хулан Б.Батмэнд,Грийн креатив арт,87.17165669,1ц 27м
1670,"Өнөр бүл, өнөө цагт",Кино,,2016,ЭЭХ,2ц 6м,5.8,С.Баттулга,Д.Дожоодорж Т.Номуунзул,"Ш.Гүрбазар, Д.Баттөмөр, Ж.Оюундарь, Д.Энхбаяр, Л.Дэмидбаатар, Б.Одончимэг, Ш.Алтанцэцэг, Э.Мөнхтөр, С.Баттулга, Д.Мэндбаяр, О.Долгор, Б.Болормаа, Г.Мягмарнаран, Э.Ууганбаяр, Жүжигчид Ш.Гүрбазар Д.Баттөмөр С.Баттулга Г.Мягмарнаран Д.Дожоодорж Ж.Оюундарь Т.Номуунзул Б.Болормаа Э.Ууганбаяр Д.Энхбаяр Л.Дэмидбаатар Б.Одончимэг Ш.Алтанцэцэг Э.Мөнхтөр Д.Мэндбаяр О.Долгор",[],126,2ц 6м
1671,Urilɣa / 请帖,Кино,,2016,Ангилал хийгдээгүй,,6.3,Х.Дотно,,"Д.Бямбацогт, Ч.Ундрал, Жүжигчид Д.Бямбацогт Х.Дотно Ч.Ундрал",[],87.17165669,1ц 27м
1672,Өнөр бүл,Кино,,1980,ЭЭХ,,6.7,Д.Жигжид,Д.Дожоодорж,"Ч.Алтан-Өлзий, Ц.Чулуунцэцэг, Б.Пүрэв, Ш.Гүрбазар, Б.Цэцэгбалжид, Ц.Цэнд-Аюуш, Жүжигчид Д.Жигжид Д.Дожоодорж Ч.Алтан-Өлзий Ш.Гүрбазар Ц.Чулуунцэцэг Б.Цэцэгбалжид Б.Пүрэв Ц.Цэнд-Аюуш",[],87.17165669,1ц 27м
1673,Аягүй тэнэг ээ,Кино,,2013,ЭЭХ,1ц 20м,7.3,Ц.Төмөрхуяг,Б.Даулетжан Ц.Цэрэнболд,Д.Энхбаяр Д.Цэрэндарьзав Б.Даулетжан Ц.Төмөрхуяг Р.Алтансүх Ж.Оюундарь Ц.Цэрэнболд Ё.Цог Г.Отгонцэцэг Х.Ихбаяр,Цагаан Цэгмид студи,80,1ц 20м
1675,Би чамд дурлаж байна,Кино,Би чамд дурлаж байна МУСК,2016,Ангилал хийгдээгүй,,6.6,,,,Биг лайн фильм,87.17165669,1ц 27м
1676,Сайн уу амьдрал минь 2,Кино,,2016,ЭЭХ,,6.1,З.Батболд,З.Батболд Б.Цэвээндулам,Б.Баттогтох Б.Навчаа О.Цэнгэл З.Батболд Т.Бэлгүтэй У.Уянга Б.Цэвээндулам А.Хишигдалай П.Цэрэндагва У.Минжин М.Мягмар Д.Лхагва Э.Адъяатунгалаг Н.Онон Н.Ялалт Ш.Жавхлан Ж.Амарзаяа Б.Батмэнд Х.Жулдыз,Номадс фильмс энд интертайнмент Биг лайн фильм Ред пойнт медиа Хаанаас үзэх вэ?,87.17165669,1ц 27м
1679,Хайрын клуб,Кино,,2016,ЭЭХ,,5.2,,,Ц.Номин Х.Ганхүлэг Н.Анужин,Уухай пикчерс,87.17165669,1ц 27м
1683,6 дахь хүсэл,Кино,,2016,ЭЭХ,,5.3,Б.Тулгаа,Б.Буяндэлгэр,Б.Тулгаа Б.Буяндэлгэр Э.Мөнхтөр Б.Уянга Б.Ганхүү Г.Отгонцэцэг Ц.Төмөрхуяг Н.Цэнгэлжаргал Ц.Энхтайван Г.Бандицэрэн Д.Мөнх-Од Ц.Цэнд-Аюуш Ш.Пүрэвсүрэн,Найзууд театр Хаанаас үзэх вэ?,87.17165669,1ц 27м
1684,Туршилтын хосууд,Кино,,2016,ЭЭХ,,6.5,Д.Отгонбаяр,Д.Энхбаатар,Б.Хулан Д.Отгонбаяр Д.Энхбаатар Р.Адъяа Д.Дэлгэрсайхан Г.Сэр-Од С.Өлзийхүү Б.Баатархүү С.Балданпүрэв Ш.Алтанцэцэг Г.Жанчив Г.Золбоот Б.Даваажав,Оюунлаг продакшн Хаанаас үзэх вэ?,87.17165669,1ц 27м
1690,Ээж,Кино,,2016,13+,,9.5,Б.Эрдэнэцэцэг,Б.Мөнхтуяа,Д.Мэндбаяр Б.Эрдэнэцэцэг Б.Мөнхтуяа М.Дорждагва Б.Энхтүвшин Д.Бямбацогт О.Цэнгэл Г.Золбоот Ц.Төмөрхуяг Т.Өөдөө Ж.Лхамхүү С.Дамдин Ч.Алтан-Өлзий,Чононгоо фильм продакшн Хаанаас үзэх вэ?,87.17165669,1ц 27м
1691,Биелэгдэшгүй төлөвлөгөө,Кино,,2016,ЭЭХ,,7.2,Р.Эрхэмбүрэн,Р.Эрхэмбүрэн,"Г.Алтаншагай, О.Дөлгөөн, Б.Болорчулуун, Н.Ариунболд, Г.Эрхэмбаяр, Р.Адъяа, Э.Батхүү, У.Батбаатар, Жүжигчид Г.Алтаншагай Р.Эрхэмбүрэн Н.Ариунболд О.Дөлгөөн Г.Эрхэмбаяр Б.Болорчулуун Р.Адъяа Э.Батхүү У.Батбаатар",[],87.17165669,1ц 27м
1695,Холион бантан,Кино,,2016,16+,,6.9,А.Мөнхсүх,А.Амарсайхан А.Мөнхсүх Л.Таванбаяр,А.Мөнхсүх Ц.Ганзориг Х.Сарангоо А.Амарсайхан Ц.Ганбаяр Б.Баярсанаа Г.Эзэнмөнх Л.Таванбаяр Д.Бямбацогт,Хүмүүн фильм,87.17165669,1ц 27м
1696,Нүдэн сондор,Кино,,2016,13+,,6.9,Д.Энхбаатар,Р.Оюунгэрэл,О.Амгаланбаатар Г.Золбоот Д.Энхбаатар Р.Оюунгэрэл Э.Чинзориг У.Батбаатар Э.Хишигбаяр Р.Адъяа Б.Золжаргал Д.Дэлгэрсайхан П.Намуун,Төгс интертайнмент,87.17165669,1ц 27м
1700,Зам,Кино,,2011,Ангилал хийгдээгүй,,6.4,,,"Ш.Цэцэг, Ц.Төмөрбаатар, Н.Отгонтогос, Ц.Төмөрхуяг, Н.Нэргүйбаатар, Т.Анар, М.Наранмөнх, О.Долгор, Жүжигчид Ш.Цэцэг Ц.Төмөрбаатар Н.Отгонтогос Ц.Төмөрхуяг Н.Нэргүйбаатар Т.Анар М.Наранмөнх О.Долгор",[],87.17165669,1ц 27м
1701,Нэг өдрийн дайсан,Кино,,2016,ЭЭХ,2ц 0м,6.9,Д.Эрдэнэбулган,Э.Нямдулам,"Ш.Доржсүрэн, Т.Билэгжаргал, С.Хишигжаргал, Б.Даваасүрэн, Л.Нурбулан, Ё.Алтангэрэл,",Плас мошн пикчерс,120,2ц 0м
1705,Итгэл,Кино,,2016,ЭЭХ,,6.2,Б.Гарамханд,Б.Амарсайхан,Б.Гарамханд Б.Амарсайхан Т.Цэмпилмаа М.Мягмар Д.Сүхбаатар Б.Базаррагчаа Б.Тэмүүлэн Ц.Төмөрхуяг Б.Баттөр С.Батзориг,Ай Эф Ай продакшн (IFI Production),87.17165669,1ц 27м
1707,Намайг хайрла,Кино,,2016,ЭЭХ,,6.3,А.Чингүн,Ж.Батсайхан,Э.Тодгэрэл Р.Адъяа Ж.Батсайхан А.Чингүн Н.Баярмаа О.Дөлгөөн Б.Одончимэг Б.Шинэбаяр Б.Жаргалсайхан Ж.Нарангэрэл Б.Уран-Эрдэнэ Л.Дэмидбаатар А.Солонго,Ай Си креатив дивишн Хаанаас үзэх вэ?,87.17165669,1ц 27м
1715,Хөөрхөн шулам,Кино,,2016,ЭЭХ,,5.7,Т.Алтантуяа,,Т.Билэгжаргал Т.Алтантуяа Ц.Алдармаа О.Амгаланбаатар Б.Цэцэг П.Баттөр Р.Хишигдэлгэр,А-Артист продакшн,87.17165669,1ц 27м
1716,Хотулун гүнж: Алтан судрын эрэлд,Кино,,2021,ЭЭХ,,7.5,С.Баасанжаргал-ийн,Н.Шүүдэрцэцэг,"Б.Баттогтох Н.Шүүдэрцэцэг О.Тэмүүжин С.Баасанжаргал М.Цэрэндолгор О.Гэрэлсүх Ж.Индра Г.Эзэнмөнх Д.Төмөрбаатар Л.Эрдэнэ-Очир Д.Төмөртогтох Д.Мөнхтөмөр Б.Сэтгэлтүвшин А.Алтантөр Кино шүүмж Mungun “Хотулун Гүнж: Алтан Судрын эрэлд” нь Их Монгол улс задарч, Өгөдэйн удмын Хайду хаан, Тулуйн удмын Хубилай хаан нар Чингис Хааны хууль ёсны өв залгамжлагч болохоор тэмцэлдэх явцад Хайдугийн охин Хотулун гүнж аавынхаа өвлөж авсан Алтан ургийн үнэт шүтээнийг Хубилайн хүү болох ханхүү Номгоноос эргүүлэн олж авч буй талаар түүхэн, адал явдалт кино юм. Миний хувьд уг киног сэдэвлэсэн “Хотол цагаан гүнж” (2017) номыг уншиж байсан бөгөөд тус бүтээлийн киноны зохиолын багт ажилласан билээ. Хэдий үг бүрийг нягталж хангалттай “нухах” боломж бололцоо гараагүй боловч олгогдсон хугацаандаа номоос кинонд хөрвүүлэх материалыг сонгох, үйл явдлын зохилдлого дарааллыг гаргах үйл явцад оролцсон болно. Бүтээх үйл явц, тэр дундаа зохиолд нь өөрөө оролцсон кинонд сэтгэгдэл review бичих нь инээдтэй хэрэг бизээ. Гэвч нөгөө талдаа үзэгчдээсээ хол хоцорсноо эрс үгүйсгэж, киногоо өөгүй төгс хэмээн андуурч, ирээдүйн бүтээлээ чанаржуулан сайжруулах арга замыг эрэлхийлдэггүй хаалттай бөгөөд хийрхүү зарим Монгол уран бүтээлчид миний гайхшийг ихэд төрүүлдэг юм. Иймд энэхүү нийтлэлээрээ кино зохиолын үүднээс өөрийн гаргасан хэмээн бодож буй алдаа дутагдал, төсөөлөн төлөвлөсөн болон “бодит байдалд буусан”-ийн ялгаа, дараа дараагийн кино зохиолын ажилд анхааран хичээх хичээл сургамжийг ний нуугүй, нээлттэй хуваалцая хэмээн бодлоо. АСУУДАЛ #1: Гол дүр Хотулун гүнж сэтгэгдэл төдийлөн төрүүлсэнгүй СУРГАМЖ #1: ҮЙЛ ЯВДАЛ < ДҮРИЙН ХУВИРАЛ ӨӨРЧЛӨЛТ Хотулун гүнжийн үйл явдлыг Мулан, Ариел, Белла гэх мэт Диснейн гүнжүүдийн адил хэлбэрээр өгүүлэх нь миний хувьд оновчтой санагдаж байв. Диснейн гүнжүүд нь ямар ч нас хүйсний хүн үзэхэд ойлгож болохуйц нийтлэг (universal) сэдэв болох өөрийгөө олох, давуу талаа ухаарах, асуудлыг ур ухаан, эр зоригоороо даван туулах талаар “хүн төвтэй” байдаг билээ. Харин Хотулун “Би өөрийгөө батлахын тулд алтан судрыг хөөж байна” бус “Би Монголчуудын төлөө” гээд уухайлан мордсон нь тэрхүү дүрийг үзэгчтэй холбогдох (relating to the audience)-д хүндрэлтэй болгосон мэт санагдсан юм. Улмаар “Хотулун гүнж” нь нэгдүгээрт түүхэн орчин нөхцөл, хоёрдугаарт номоос сэдэвлэсэн бүтээл тул кинонд “багтах ёстой” мэт санагдах номын фэнүүдийнх нь санагалзах, түүх сонирхогчдын үгүйлэх олон олон дүр, үйл явдал, цаг үеийн асуудал байв.Гэвч дэлгэцийн бүтээл болох кинонд нийцэн таарах боломжгүй зүйлсийг зоригтойгоор хасч чадаагүй нь Хотулун болон бусад түлхүүр дүрийг үзэгчдэд таниулах, хайрлуулах эсвэл үзэн ядуулах цаг хугацаа, боломжоос хугасласан байна. Киноноос миний хувьд хүсэн хүлээдэг зүйл нь дүрүүдийг танин мэдэх, таарсан асуудал бэрхшээлээ даван туулахыг харах, дүрүүд өөрсдөө хувиран өөрчлөгдөхыг ажиглах үйл явц юм. Тэгтэл ном болон түүхийг багтаахаар хэт хичээж, олон явдлыг багтаах гэснээс миний өөрийн киноноос хүсэн хүлээдэг зүйл болох дүрийн хувирал өөрчлөлт (character journey) болон сэтгэл хөдөлгөм үйл явдал (story)-ийг орхигдуулсан ажээ. Номын хөрвүүлэг (adaptation) талаасаа үнэхээрийн таалагдсан ч, дүр үйл явдал талаасаа учир дутагдалтай санагдсан АСУУДАЛ #2: Ялгагдах шинжгүй олон дүр, хүч багатай олон явдал СУРГАМЖ #2: ДҮР, ҮЙЛ ЯВДЛЫН ТОО < ЧАНАР “Хотулун гүнж” нь хүйсийн ялгаварлалтай тулгарч буй эмэгтэй хүн, хайртай хүнтэйгээ гэрлэхийн төлөөх тэмцэл, Монголчуудын аугаа бахархалт байлдан дагууллын эмгэнэлт хохирогчид, эв нэгдэлгүй байдлын хор уршгийн талаар олон дүр, үзэл санаа, үйл явдлыг агуулсан зохиол юм. Эдгээр үйл явдлыг бүрэн дүүрэн дэлгэхэд 5-6 ангитай бичил цуврал (miniseries) хэлбэр илүү оновчтой байхсан бизээ. Харин “бүрэн хэмжээний кино хийх” хэмээх өгөгдсөн даалгаврын хүрээнд тэдгээр сонирхолтой санааны зөвхөн 1-2-т л тууштай шамдах байжээ. Гэтэл олон санааг багтаан шингээх гэснээс гол дүрүүдийн хөгжүүлэлт дутуу, туслах дүрүүд ялгагдан танигдах зүйлгүй, үйл явдал олон салангад бөгөөд хүч (impact) багатай мэт санагдам болсон байна. Киноны үйл явдал нь эх зохиолынхоо нийт агуулгын ердөө 30-40% боловч кино мөн л “ачаа” ихтэй болжээ. Кинонд орсон тулаан, очсон байршлуудыг дахин цөөрүүлж, Хотулуны дүрд илүү төвлөрч, тэр хэн бэ гэдгийг илэрхийлэн тодорхойлох орон зайг үлдээх нь киног театрт үзэхэд нэн тодорхой анзаарагдаж байв. АСУУДАЛ #3: Мартагдам бөгөөд сул сөрөг дүр СУРГАМЖ #3: СУЛ СӨРӨГ ДҮРҮҮД = СҮЙРЭЛ Киноны үндсэн сөрөг дүр нь Хубилайн хүү Номгон ханхүү болон түүний туслах Араб шидтэн эмэгтэй (нэрийг мартжээ) байв. Номгон бол номон дээрээ Хотулуны эсрэг талд л төрчихсөн боловч эв нэгдлийг эрхэмлэгч нэгэн, түүний туслах араб бүсгүй нь Монголчуудын байлдан дагуулалд хайртай нандин бүхнээ алдсан эмгэнэлт дүр байсан нь миний сонирхлыг ихээхэн татаж байсан юм. Гэвч “Хотулун гүнж”-д тэр хоёр Марко Пологийн нүдийг нээн гайхуулсан Юань гүрний ихэмсэг язгууртан элч төлөөлөгчид бус, харин хээрээр гэр хийж хэцээр дэр хийж яваа тэнэмэл хүмүүс адил “жул” санагдсан юм. Мэдээж хэрэг Юань гүрний ордон, үгүй гэхэд Юаньд эзлэгдсэн Хархорин хотыг дүрслэхэд кино бүтээлийн нэгэнт өндөр зардал улам ч тэнгэрт тулгах байсан нь лавтай. Магадгүй кино зохиол номоос зоригтойгоор хальж, Номгон ханхүүг ордонд нь үлдээж, оронд нь Хайдуд халдахаар ирсэн тусгай салааны баатруудын нэгийг голчилсон бол үндсэн сөрөг дүр илүү оновчтой болох байжээ. Киноны төгсгөлд баатар нь ялагдсан Номгон ханхүү Marvel-ийн Thanos адил “За тэгвэл би л өөрөө үзээд алдахаас” гээд тансаг их ордондоо аюумшигтайяа инээд алдан суусан бол Номгон ч, шидэт Араб бүсгүй ч хээрээр тэнэгчийн тавилангаас аврагдах байжээ. АСУУДАЛ #4: “Ханачихаад” байхад дуусдаггүй үйл явдал СУРГАМЖ #4: ЮМЫГ ГОЁ ДЭЭР НЬ ДУУСГАХ Л ГОЁ Хотулун аавынхаа итгэлийг олсноор кино гүйцсэнгүй. Гүнж яагаад “Бөх” хэмээн түүхэнд үлдсэнийг кино мөн тайлбарлахаар шулуудсан нь төгсгөлийг сунжруулжээ. Хотулун гүнж киноны явцад хэд хэдэн боломжит залуутай учрах, хайр сэтгэлийн талаар зөрчилдөх эсвэл барилдаанд суралцад ямар нэгэн хугацааг зарцуулалгүй төгсгөлд хүрсэн нь томоохон алдаа болжээ. Шалтгаан үндэслэлийг хангалттай суурилуулаагүйгээс нэг л мэдэхэд тэрээр киноны төгсгөлд танихгүй хүнтэйгээ яагаад ч юм бөх барилдахаар өрөн зогссон нь авцалдаагүй, “далий” мөн илүүц сэтгэгдлийг төрүүлж байв. АСУУДАЛ #5: Нүд баясгаж чих мялаасангүй! СУРГАМЖ #5: КИНО ЗӨВХӨН ДҮР ҮЙЛ ЯВДАЛ БИШ. КИНО БОЛ НҮДЭЭР МЭДЭРЧ ЧИХЭЭР СОНСОХ ТААШААЛ Хотулун адил морь унаж, сэлэм агсаж, сум харвадаг хүмүүстэй (sword & sandal/medieval) төрлийн киноноос хамгийн шилдгийн нэг нь өдгөө Шинэ Зеланд улсын аялал жуулчлалын салбарын мөнхийн реклам болсон “Бөгжний эзэн” кино билээ. Кинонд дүр үйл явдал, хийц чанарын хязгааргүй олон үлгэр жишээ гүйцэтгэл, хийж ажиллагаа, нарийн мэдрэмж шингэсний дунд түүний зураг авалтыг орхигдуулж болохгүй. Баатрууд нэг содон байршлаас нөгөө өвөрмөц газар очихдоо олон сонин газар орныг туулж, зураг авалт түүнийг нүд бэлчтэл өргөн дэлгэр зураглалаар харуулдаг нь түүнийг театрт биш телевизээрээ үзэх бүрд шүүрс алдан харамсдаг олон шалтгааны нэг билээ. Зөвхөн байгалийн зураглалыг л ашиглаж, олон цуврал галт дохио дундад газрыг хөндлөн гулд туулж байгааг харуулдаг нь ч киноны оргил хэсгийн нэг байдаг. Харамсалтай нь Хотулун “Монгол улс” гэж ямар хүмүүс, ямар газар шороог хамгаалахаар тэмцэж байгааг киноноос эс олж харав. Нэг цөл, нэг ой, нэг уулын өвөр нь Улаанбаатарын лоунж хотхонууд хэсдэг дотоодын олон киноноос ялгаралтай мэт боловч тэдгээр хүмүүсийн булаалдан тэмцэж буй Монгол нутаг, байгалийн үзэсгэлэн гоо, ард түмний аж амьдралыг харуулах хэсгүүдийг кинонд тусгаагүй нь нэгэн алдаа болжээ. Цөөн үгээр Үйл явдал талаас гол дүр чухам яагаад, юуны төлөө тэмцээд байгааг ойлгох боломж, орон зайг өгдөггүй сунжруу эсвэл шаардлагагүй хэсгүүд их. Зураг авалт, дуу шум гэх мэт техникийн хийц гүйцэтгэлийн талаас учир дутагдалтай зүйл ч олон. Мөнгөө буцааж авмаар байна уу? Үзэгчийн өнцөгөөс харахаар оролдоход кинонд учир дутагдалтай шинж нь ололттой талаасаа илүү байсан мэт санагдав. Харин киноны зохиолд оролцсон хүний хувьд би киног үзэхэд зарцуулсан цаг хугацаа болоод мөнгөндөө огтхон ч харамссангүй. Учир нь төсөөлсөн, бичсэн зүйлс “амьдрал дээр” хэрхэн хэрэгжиж биеллээ олсныг үзэн харьцуулж, туршлагаа нэмэгдүүлэх нь хязгааргүй үнэ цэнтэй байв.",Шүүдэр продакшн Хаанаас үзэх вэ?,87.17165669,1ц 27м
1718,Би дурламаар байна,Кино,,2016,13+,,6.5,Р.Эрхэмбүрэн,,Ж.Оюундарь Р.Сүхболд Р.Эрхэмбүрэн И.Төмөрхуяг Э.Мөнхтөр Г.Жанчив Д.Эрдэнэтуяа Ш.Жавхлан Г.Лхагвацэрэн Х.Намуун У.Минжин У.Уянга Ц.Алдармаа Ө.Мөнх-Эрдэнэ Б.Отгонтуяа Д.Хосбаяр Д.Батбаяр,Борн фильм студи,87.17165669,1ц 27м
1725,Агууч,Кино,"агууч = ууч, Үгийн утга:",2016,Ангилал хийгдээгүй,,7,,,"А.Цэгмэд, Д.Гүрсэд, Жүжигчид Д.Гүрсэд А.Цэгмэд",[],87.17165669,1ц 27м
1731,Миний эхнэр тагнуулч,Кино,,2016,13+,,7.3,Ц.Бямбажаргал,Ц.Бямбажаргал,Д.Батбаяр Ц.Бямбажаргал Г.Эрхэмбаяр Б.Мөнгөнцэцэг Д.Баттөмөр Б.Буяндэлгэр Г.Алтаншагай М.Бямбаа А.Баярцэцэг П.Хан-Уул С.Хабул,Директорс фильм,87.17165669,1ц 27м
1740,Зөв алдаа,Кино,,2016,ЭЭХ,,6.7,Б.Болдбаатар,Б.Болдбаатар Ж.Сувд,Б.Болдбаатар У.Цогтбаяр Д.Батбаяр Ц.Нямжав Ж.Сувд Г.Эрхэмбаяр Б.Хачиун Н.Нэргүйбаатар Ш.Мишээл Б.Эрдэнэцэцэг Р.Баттогтох Б.Баатархүү,Лайн экшн продакшн Улаан малгайт,87.17165669,1ц 27м
1748,Live from UB,Кино,,2015,ЭЭХ,,7.1,,,"Д.Жаргалсайхан, Ц.Оюунгэрэл, Ц.Нацагдорж, М.хамтлаг, Жүжигчид Д.Жаргалсайхан М.хамтлаг Ц.Оюунгэрэл Ц.Нацагдорж",[],87.17165669,1ц 27м
1749,Одод болохын хүслэн,Кино,,2016,Б,,7.2,Б.Жаргалсайхан,М.Энхдалай,Г.Эрхэмбаяр Ш.Алтанцэцэг Б.Жаргалсайхан М.Энхдалай Д.Баттөмөр Д.Хүрэлхүү Г.Алтаншагай А.Даваахүү Ц.Нарантунгалаг О.Үржинханд,Монгол контент Мөрөөдлийн театр Хаанаас үзэх вэ?,87.17165669,1ц 27м
1754,Тнгри,Кино,Түүхэнд үлдээгүй түүх,2012,Ангилал хийгдээгүй,,6.8,Б.Ганболд,,"Б.Ганболд, Н.Ялалт, Ө.Энхболд, О.Амгаланбаатар, Р.Баттогтох, Ө.Мөнгөнтулга, Б.Эрдэнэцэцэг, Д.Ганцэцэг, Л.Дэмидбаатар, Ж.Пүрэвдорж, А.Баттүшиг, Л.Таванбаяр, Б.Ганхүү, Г.Билгүүн, Э.Чамин-Эрдэнэ, Жүжигчид Б.Ганболд О.Амгаланбаатар Н.Ялалт Р.Баттогтох Ө.Энхболд Ө.Мөнгөнтулга Б.Эрдэнэцэцэг Д.Ганцэцэг Л.Дэмидбаатар Ж.Пүрэвдорж А.Баттүшиг Л.Таванбаяр Б.Ганхүү Г.Билгүүн Э.Чамин-Эрдэнэ",[],87.17165669,1ц 27м
1755,Байтаг богд,Кино,Дайнт,2018,13+,,9,О.Бат-Өлзий,О.Бат-Өлзий,О.Цэгмэд О.Бат-Өлзий Ж.Алтаншагай Б.Тамир Б.Барслхагва Э.Одбаяр Б.Батсайхан Э.Алдар Г.Эрхэмбаяр Ц.Цэрэнболд Э.Мөнхбат Г.Лхагвацэрэн Э.Баярмагнай Г.Золбоот Т.Төгөлдөр Г.Содбаяр М.Баярбат Ц.Алдармаа,Жийж продакшн,87.17165669,1ц 27м
1756,Цагаан хадаг,Кино,"Спортын, White Blessing Movie",2016,Б,,7.4,Ж.Сэнгэдорж,Т.Номуунзул,"Т.Жинжмаа, Б.Базаррагчаа, Н.Ялалт, Б.Шинэбаяр, О.Анужин, О.Оюун, Хаанаас үзэх вэ? Жүжигчид Ж.Сэнгэдорж Т.Номуунзул Т.Жинжмаа Н.Ялалт Б.Базаррагчаа Б.Шинэбаяр О.Анужин О.Оюун",[],87.17165669,1ц 27м
1757,Барьцаа 007,Кино,,2016,ЭЭХ,1ц 12м,7.4,Б.Жаргалсайхан,Б.Дэлгэрхишиг,Г.Мягмарнаран Б.Жаргалсайхан Б.Дэлгэрхишиг Л.Баттулга Д.Баттөмөр Г.Эрхэмбаяр О.Амгаланбаатар,Синема лайн Араг продакшн,72,1ц 12м
1758,Рэкет,Кино,,2016,13+,1ц 45м,2.1,Ц.Золжаргал,Ц.Золжаргал,Б.Тайшир Ц.Золжаргал Б.Мишээл Е.Баярмагнай О.Цэнгэл М.Түвшинхүү Ц.Аззаяа С.Баттулга Э.Урангоо Ж.Лхамхүү Т.Бадамжав,Бондоолой фильм Рек рекордс,105,1ц 45м
1760,Чингисийн хүүхдүүд,Кино,,2017,Б,,7.3,Д.Золбаяр,Д.Золбаяр Г.Буянцогт,Д.Золбаяр Д.Доржсамбуу B.Belt Г.Буянцогт Р.Анхням Б.Батмэнд,EFilm Mongus Pictures Mongol Film Group Los Angeles,87.17165669,1ц 27м
1764,Галзуу зугаалга,Кино,,2016,16+,,6.8,Ц.Хүсэлбаатар,Ц.Хүсэлбаатар Н.Шүүдэрцэцэг,Ц.Хүсэлбаатар А.Алтанхуяг Б.Отгонтуяа Н.Шүүдэрцэцэг Э.Энхболд Х.Намуун Х.Баярмаа А.Энхжин С.Сарнай Б.Баттогтох Г.Золбоот Б.Даваажав Т.Анар Г.Золбоот Т.Баярмагнай,Шүүдэр продакшн Хас урлан фильм,87.17165669,1ц 27м
1769,Шүүдэр дундуур,Кино,,2016,13+,,7.4,Б.Отгонзориг,Л.Таванбаяр Б.Отгонзориг Б.Баярхүү,Л.Таванбаяр Б.Отгонзориг Ц.Төмөрхуяг Д.Бямбацогт Л.Эрдэнэ-Очир У.Батбаатар Б.Баярхүү Г.Золбоот М.Дорждагва О.Мөнхдалай Б.Батмаа,Ю Би Фильм медиа групп Хаанаас үзэх вэ?,87.17165669,1ц 27м
1775,Хараал,Кино,,2016,13+,,6.8,Ц.Төмөрхуяг,А.Мөнхтулга,Ц.Төмөрхуяг А.Мөнхтулга Д.Хосбаяр Б.Одгэрэл,Морьтон интертайнмент,87.17165669,1ц 27м
1776,Амьдралоги,Кино,,2017,13+,,6.7,С.Батмөнх,Д.Гэрэлт-Од,Г.Ундармаа С.Батмөнх Д.Гэрэлт-Од М.Эрдэнэбаяр Ж.Мөнхсайхан Э.Батхүү О.Энхтуул Л.Сөрөлт Д.Энхбаяр Ш.Жавхлан Н.Онон Ж.Лхамхүү Б.Янжиндулам,Блек зебра U film,87.17165669,1ц 27м
1780,Mora,Кино,,2017,Б,,4.7,Ч.Отгонбаяр,Г.Анхбаяр,Ч.Отгонбаяр Г.Анхбаяр,Амжилт анимейшн студи,87.17165669,1ц 27м
1782,Сахиулсан тэнгэр,Кино,Сахиулсан тэнгэр МУСК,2016,13+,,6.7,Д.Бямбацогт,Д.Бямбацогт,Ш.Энхжаргал Д.Бямбацогт Б.Золжаргал Г.Лхагвацэрэн Б.Отгонбат Б.Энхтүвшин Н.Мурат,Цагаан буга фильм продакшн,87.17165669,1ц 27м
1783,Аз жаргал,Кино,,2016,ЭЭХ,,6.8,Б.Чингүүн,Б.Чингүүн,Б.Чингүүн Ц.Мичидмаа А.Гэрэлцэцэг Ө.Мөнгөнтулга Т.Бархүү Г.Золбоот Ч.Сэлэнгэ М.Саранцэцэг Ц.Ганзориг Б.Ариунчимэг С.Батзориг,Аурора фильмс Хаанаас үзэх вэ?,87.17165669,1ц 27м
1784,Шилжилт,Кино,,2017,ЭЭХ,,6.9,Б.Нямдаваа,Б.Мөнхтуяа Б.Нямдаваа,Б.Нямдаваа Д.Баттогтох А.Отгонтөгс Б.Мөнхтуяа Б.Солонго Б.Базаррагчаа Т.Карма,Эйркреатив (Airkreativ),87.17165669,1ц 27м
1785,Admin Z,Кино,,2016,13+,,6,Б.Цогт-Эрдэнэ,,Б.Цогт-Эрдэнэ Э.Пүрэвжаргал З.Хангал Б.Азжаргал Н.Бямбацогт Т.Энэрэл С.Батзориг М.Батзориг,Кино цамхаг студи,87.17165669,1ц 27м
1786,Харанхуй хад,Кино,,2016,ЭЭХ,,6.9,Б.Цогтбаяр,,Б.Цогтбаяр Г.Баярхүү Ц.Төмөрбаатар Ц.Цэрэнболд А.Цэгмэд Б.Анхбаяр Э.Пүрэвжаргал,Дээд гэгээн пикчерс,87.17165669,1ц 27м
1788,Norjim-a / 诺日吉玛 / Norjmaa,Кино,Дайнт,2014,Ангилал хийгдээгүй,,7.1,Б.Баян-Ерөөл,Б.Баян-Ерөөл,"Э.Буянхишиг, Н.Бадмаа, Жүжигчид Б.Баян-Ерөөл Н.Бадмаа Э.Буянхишиг",[],87.17165669,1ц 27м
1789,Шидэт ой,Кино,,2016,ЭЭХ,,6.5,Б.Сүхболд,С.Буяндэлгэр,"О.Долгорсүрэн, Б.Оюунтуяа, Д.Сэлэнгэ, Э.Энхжин, Жүжигчид О.Долгорсүрэн Б.Сүхболд Б.Оюунтуяа С.Буяндэлгэр Д.Сэлэнгэ Э.Энхжин",[],87.17165669,1ц 27м
1792,Boss of Prius,Кино,,2017,ЭЭХ,,5.4,Д.Мөнхбат,Д.Мөнхбат,Д.Баттөмөр Д.Мөнхбат С.Батзориг Б.Болд Т.Мөнх-Эрдэнэ О.Долгор Ц.Цэрэнболд Б.Батмаа,Нүдэн фильм,87.17165669,1ц 27м
1793,Zud,Кино,,2016,Ангилал хийгдээгүй,,6.9,,,,[],87.17165669,1ц 27м
1799,Хоёр гүүрний цаана,Кино,,2016,ЭЭХ,,6.9,М.Энхдалай,М.Энхдалай,Д.Гүрсэд М.Энхдалай Б.Эрдэнэцэцэг Н.Цэцэнбилэг Р.Баттогтох Б.Баатархүү А.Хандмаа,Шинэ ертөнц продакшн Ти Жэй интертайнмент Дот студи Хаанаас үзэх вэ?,87.17165669,1ц 27м
1803,Надыын аав мангар,Кино,,2016,ЭЭХ,,6.8,Ө.Мөнх-Эрдэнэ,Ө.Мөнх-Эрдэнэ,Д.Түвшинтөр Ө.Мөнх-Эрдэнэ Э.Энхтүшиг Д.Одзаяа,Мөнх өлзий интертайнмент,87.17165669,1ц 27м
1805,Зүрхний гэсгээл,Кино,,2016,16+,,6.4,Б.Ганхөлөг,,,[],87.17165669,1ц 27м
1807,Чингис хаан,Кино,,2018,Б,,7.9,Б.Тэнгис,,Б.Тэнгис л.undefined Ө.Наранбаатар Ж.Дарамсүрэн Н.Нэргүйбаатар,Өүшн пикчерс,87.17165669,1ц 27м
1813,Эзэгнэгч,Кино,,2017,16+,,6,Д.Энхбаатар,Р.Оюунгэрэл,Х.Батбаяр Д.Энхбаатар Б.Анхбаяр Р.Оюунгэрэл О.Долгор Б.Дүүрэнболд Ө.Мөнгөнтулга Б.Золзаяа Х.Тамир А.Адилцэцэг Э.Билэгтмаа Н.Бадамцэцэг Б.Эрдэнэцэцэг У.Батбаатар Д.Амин-Эрдэнэ М.Нямцэцэг С.Сэрээтэр,35фильм Дөрвөлжин үсэг,87.17165669,1ц 27м
1815,Нүдээ аниад төсөөл,Кино,,2016,13+,,6.6,Г.Ган-Очир,Г.Ган-Очир,О.Дөлгөөн Г.Ган-Очир Б.Шинэбаяр Э.Тодгэрэл Г.Эрхэмбаяр Д.Баттөмөр Т.Бархүү Н.Баярмаа Ж.Оюундарь П.Цэрэндагва Ц.Цэрэнболд,Экспрессив лайн пикчерс Парамайнд фильм энд арт Жи Эйч интертайнмент,87.17165669,1ц 27м
1823,Зүрхний хилэн,Кино,,2017,ЭЭХ,,9.7,Б.Тамир,Б.Тамир Э.Алдар,Б.Тамир Г.Золбоот Э.Алдар М.Баярбат Б.Батсайхан Б.Ганчулуун Г.Равдан Э.Одбаяр Ц.Төмөрбаатар Ё.Цог Ж.Алтаншагай Б.Барслхагва Ж.Оюундарь Н.Сувд Ц.Ганзориг О.Долгор С.Идэрмаа,Монгол контент Ф студи Хаанаас үзэх вэ?,87.17165669,1ц 27м
1826,Залуу нас,Кино,,2017,ЭЭХ,,7.4,П.Энхбаатар,Ж.Сувд,Ж.Сувд Ц.Аззаяа П.Энхбаатар Т.Батцэцэг Б.Отгонбат О.Энхбаяр Ц.Төмөрхуяг Ц.Санжаадорж М.Саранцэцэг Т.Анар,Борн фильм студи,87.17165669,1ц 27м
1832,Үзэсгэлэнт 12 сар,Кино,,2017,ЭЭХ,,7.1,Ц.Цэрэндорж,Л.Таванбаяр,Ш.Даваасамба Ц.Цэрэндорж Л.Таванбаяр А.Дэлгэрмаа Г.Даваазул Г.Эрхэмбаяр А.Цэгмэд Н.Ялалт Б.Батсумъяа Б.Батхүлэг Д.Төмөрбаатар Г.Алтаншагай Д.Оюунзул М.Намуунцэцэг Ц.Мичидмаа А.Энхжин Ш.Мөнхбаяр Д.Хосбаяр,Майнд студи Хаанаас үзэх вэ?,87.17165669,1ц 27м
1838,Сайн аав,Кино,,2017,ЭЭХ,,7.2,С.Бүжин,С.Бүжин,Г.Жанчив С.Баттулга С.Бүжин Т.Энэрэл Ш.Жавхлан Н.Ялалт Д.Энхжин С.Батзориг И.Мөрөн Б.Хачиун Э.Индра Б.Ариун-Итгэл,Простар (Prostar) Фүлл студи,87.17165669,1ц 27м
1841,Манан зүсэгч,Кино,"Амьд явах амархан, Амьдрах хэцүү...",2017,13+,,6.7,Р.Эрхэмбүрэн,,"Ц.Төмөрхуяг, Т.Нямдорж, Г.Золбоот, Г.Алтандуулга, Р.Сүхболд, Э.Мөнхтөр, Д.Мөнх-Од, Ц.Амартүвшин, М.Бямбаа, Г.Лхагвацэрэн, Б.Барслхагва, Ц.Номин, Жүжигчид Ц.Номин Р.Эрхэмбүрэн Т.Нямдорж Г.Золбоот Ц.Төмөрхуяг Г.Алтандуулга Р.Сүхболд Д.Мөнх-Од Э.Мөнхтөр Ц.Амартүвшин М.Бямбаа Г.Лхагвацэрэн Б.Барслхагва",[],87.17165669,1ц 27м
1844,Шинэ жил,Кино,Шинэ жилийн мэнд хүргэе!,2017,ЭЭХ,,6.3,П.Батболд,С.Хандмаа,Б.Хулан Э.Пүрэвжаргал П.Батболд С.Хандмаа Э.Мөнхтөр Н.Бадрал Ч.Алтан-Өлзий Б.Гарьд,Ви фильм Нүүдэлчний домог телестуди,87.17165669,1ц 27м
1845,Цэцэг шиг нас,Кино,Цэцэг шиг нас МУСК,2017,Ангилал хийгдээгүй,,6.9,,,Д.Мэндбаяр Э.Мөнхтөр Н.Мөнхсоёл Б.Хулан Н.Цэнд-Аюуш Г.Алтангэрэл Э.Ууганбаяр Г.Ариунгэрэл,Аскард сити студи,87.17165669,1ц 27м
1852,Гацуурхан,Кино,Шинэ жилийн адал явдлууд,2016,ЭЭХ,,6.8,Г.Анхбаяр,Г.Анхбаяр,Г.Анхбаяр С.Лхагвасүрэн Г.Золбоот Д.Түвшинтөр Ө.Мөнх-Эрдэнэ О.Тэмүүжин Н.Цэцэнбилэг Ц.Ганбаяр Э.Ууганбаяр Б.Баатархүү Г.Эзэнмөнх Б.Цэцэг Г.Нарансолонго Б.Батзаяа Ш.Алтанцэцэг С.Өлзийхүү О.Дөлгөөн Б.Ариунцэцэг,Монгол ТВ,87.17165669,1ц 27м
1853,Хоёр амь,Кино,,2017,ЭЭХ,,7.4,Б.Ганболд,Х.Алтанхад,Б.Энхжаргал Б.Ганболд С.Болд-Эрдэнэ Х.Алтанхад Б.Анхбаяр Г.Гүндбилгүн Ц.Төмөрбаатар Д.Пүрэвсүрэн Г.Амгаланбаатар Ч.Найдандорж,Монгол контент Хамба фильм Хаанаас үзэх вэ?,87.17165669,1ц 27м
1854,Явуулын хүн,Кино,,2017,13+,,7.3,Д.Баярсайхан,Д.Баярсайхан,болон багийнхан,М Эс Си медиа,87.17165669,1ц 27м
1856,Миний нууц,Кино,,2017,13+,,7.5,Д.Галбаяр,Д.Ганцэцэг А.Ганчимэг,У.Уранчимэг Д.Галбаяр Д.Ганцэцэг А.Ганчимэг Ц.Цэрэнболд Б.Билгүүн Т.Хулан О.Мөнхдалай,Гөү адвенчер студи,87.17165669,1ц 27м
1866,Эцсийн хүсэл,Кино,Эцсийн хүсэл МУСК,2017,16+,,6.4,А.Мөнхтулга,А.Мөнхтулга,болон багийнхан,Борн фильм студи Морьтон интертайнмент,87.17165669,1ц 27м
1872,Баатар,Кино,,2017,Ангилал хийгдээгүй,,6.7,Ч.Билгүүн,Ч.Билгүүн,Ц.Төмөрхуяг Ч.Билгүүн,Спэйс интертайнмент,87.17165669,1ц 27м
1874,Бодлын хулгайч: Яригдаагүй түүх,Кино,,2018,Ангилал хийгдээгүй,,6.8,,,"Б.Амарсайхан, Хаанаас үзэх вэ?",[],87.17165669,1ц 27м
1875,Үхээд өгөөч хайрт минь,Кино,,2017,16+,,6.9,Г.Бандицэрэн,Г.Бандицэрэн,Г.Бандицэрэн Д.Төмөрчөдөр Л.Эрдэнэ-Очир С.Дамдин Р.Хонгорзул М.Дорждагва А.Энхбаяр Н.Ялалт Д.Мөнх-Од Ц.Уранчимэг,Монголын Үг Урлаачидын Нийгэмлэг Хишиг продакшн,87.17165669,1ц 27м
1879,Үүр цайгаасай,Кино,,2017,ЭЭХ,,6.4,Ж.Сэнгэдорж,Ж.Сэнгэдорж А.Баттүшиг,Ж.Сэнгэдорж Б.Навчаа Н.Ялалт Г.Анхмаа А.Баттүшиг Э.Мөнхтөр О.Гэрэлсүх А.Цэгмэд С.Баттулга,Блек зебра Навчаа фильм Сан пикчерс АНА интертайнмент (ANA Entertainment),87.17165669,1ц 27м
1880,Хайр,Кино,,2017,ЭЭХ,,7,Б.Чингүүн,,Б.Чингүүн Ц.Мичидмаа Ц.Ганзориг Т.Цолмон С.Баттулга Ч.Сэлэнгэ,Есү фильм (Yesu),87.17165669,1ц 27м
1881,Багш,Кино,"Багш МУСК, Эрдэнэт хотод нээсэн",2017,ЭЭХ,,7.1,Г.Дарханбаяр,Г.Дарханбаяр Г.Дарханбат,Б.Базаррагчаа Г.Дарханбаяр Г.Дарханбат,Твинс фильмс студи (Twins Film),87.17165669,1ц 27м
1886,ТҮЦний охид,Кино,,2017,ЭЭХ,,7.1,Д.Галбаяр,Д.Галбаяр,Д.Галбаяр С.Сарантуяа Б.Жаргалсайхан Т.Хулан Т.Бадамжав Б.Батмаа Г.Ганбат,Гөү адвенчер студи Ред пойнт медиа Хаанаас үзэх вэ?,87.17165669,1ц 27м
1891,Завсарлаагүй хичээл,Кино,,2017,16+,,7.5,Б.Ганболд,Б.Ганболд,Б.Ганболд С.Сарангэрэл У.Билэгт-Од Ц.Төмөрхуяг М.Хулан Н.Энхсанаа Р.Хонгорзул Э.Мөнх-Эрдэнэ,ГҮБ ХХК Хаанаас үзэх вэ?,87.17165669,1ц 27м
1896,Хавцалд,Кино,,2018,ЭЭХ,,7.4,Б.Чинзоригт,Б.Чинзоригт Т.Төмөр-Очир,Б.Чинзоригт Н.Мөнхсоёл У.Батбаатар Т.Төмөр-Очир Э.Мөнхтөр Г.Золбоот Э.Чинзориг Р.Баттогтох М.Саранцэцэг С.Энхжин,Энержиз интертайнмент,87.17165669,1ц 27м
1897,Төгс бүсгүйн зууч,Кино,,2017,ЭЭХ,,7.2,Ш.Батбаяр,Ж.Сувд,"З.Онон, П.Баярцэнгэл, Т.Баттулга, Н.Мөнхсоёл, М.Дорждагва, Н.Отгонтогос, Ц.Эрдэнэцэцэг, О.Оюун-Эрдэнэ, М.Аззаяа, Жүжигчид Б.Энхжаргал З.Онон Ш.Батбаяр Ж.Сувд Н.Мөнхсоёл П.Баярцэнгэл М.Дорждагва Т.Баттулга Н.Отгонтогос Ц.Эрдэнэцэцэг О.Оюун-Эрдэнэ М.Аззаяа",[],87.17165669,1ц 27м
1899,Мөнх хааны зарлиг (Зуутын захирагч),Кино,Assassins vs Mongols movie,2017,Ангилал хийгдээгүй,0ц 11м,7.3,,,,Лүүк фильмс (Look Films),11,0ц 11м
1905,Илд цэцэг,Кино,,2017,16+,,7.1,П.Дэлгэрбаяр,П.Дэлгэрбаяр,"Т.Өөдөө, Э.Чинзориг, Д.Сүхбаатар, А.Цэгмэд, Э.Ууганбаяр, Ц.Төмөрхуяг, Г.Тэнүүн-Эрдэнэ, Хаанаас үзэх вэ? Жүжигчид П.Дэлгэрбаяр Т.Өөдөө Э.Чинзориг Ц.Төмөрхуяг Д.Сүхбаатар А.Цэгмэд Э.Ууганбаяр Г.Тэнүүн-Эрдэнэ",[],87.17165669,1ц 27м
1906,Хоёр ертөнц,Кино,,2017,ЭЭХ,,6.1,А.Батбаатар,А.Батбаатар,"О.Долгор, Э.Мөнхтөр, Д.Дэлгэрсайхан, Н.Ялалт, Б.Анхбаяр, Н.Буянцог, Ж.Оюундарь, Р.Адъяа, Б.Эрдэнэцэцэг, Б.Базаррагчаа, Б.Бямбасүрэн, У.Батбаатар, Ц.Төмөрхуяг, Б.Батбаатар, Жүжигчид А.Батбаатар О.Долгор Б.Батбаатар Б.Бямбасүрэн У.Батбаатар Ц.Төмөрхуяг Э.Мөнхтөр Д.Дэлгэрсайхан Н.Ялалт Б.Анхбаяр Н.Буянцог Ж.Оюундарь Р.Адъяа Б.Эрдэнэцэцэг Б.Базаррагчаа",[],87.17165669,1ц 27м
1907,Надаар тоглосон хайр,Кино,Надаар тоглосон хайр МУСК,2017,ЭЭХ,,8.1,Н.Элдэв-Очир,Ш.Гүрбазар Л.Таванбаяр,Д.Бямбадорж Ш.Гүрбазар Н.Элдэв-Очир Б.Мишээл Л.Таванбаяр Д.Алтанцоож,Элдэв-Очир фильмс Лайн интертайнмент Хаанаас үзэх вэ?,87.17165669,1ц 27м
1911,Хуримын даашинзтай бүсгүй,Кино,,2017,13+,1ц 50м,6.8,З.Батболд,З.Батболд,Б.Тайшир Б.Энхжаргал Ү.Баяржаргал З.Батболд Б.Шинэбаяр Б.Батмэнд Б.Батмаа Д.Гүрсэд Г.Амгаланбаатар У.Билэгт-Од А.Цэгмэд Э.Билэгжаргал,Биг лайн фильм Ред пойнт медиа Оранж энтертэйнмент Хаанаас үзэх вэ?,110,1ц 50м
1912,Мөрөөдлийн баг,Кино,"Спортын, Мөрөөдлийн баг МУСК Dream team",2017,ЭЭХ,,6.8,,,,М Эс Си медиа,87.17165669,1ц 27м
1913,Царайлаг өдрүүд,Кино,,2017,ЭЭХ,,6.6,Д.Отгонбаяр,,Э.Мөнхтөр Г.Мягмарнаран Д.Отгонбаяр Н.Мөнхсоёл Л.Дэмидбаатар Г.Сэр-Од Ө.Мөнх-Эрдэнэ Г.Золбоот Д.Дэлгэрсайхан Б.Баатархүү С.Батзориг П.Намуун,Оюунлаг продакшн,87.17165669,1ц 27м
1914,Дурлах санал,Кино,,2017,13+,,3.2,Д.Ханьсаг,,Д.Ханьсаг Б.Ангараг Э.Энэрэл Б.Энхсайхан Б.Балжинням Г.Маргад-Эрдэнэ Б.Гантигмаа А.Отгонтөгс Г.Золбоот Д.Гүрсэд Б.Болдбаатар,Нэшнл фильм (National film),87.17165669,1ц 27м
1917,Super league,Кино,,2020,Ангилал хийгдээгүй,,6,Э.Оргил,Д.Ундраа,"Э.Чинзориг, О.Долгор, Б.Анхбаяр, Р.Баттогтох, Э.Мөнхтөр, Б.Гарьд, Жүжигчид Э.Чинзориг Р.Баттогтох Э.Оргил Д.Ундраа О.Долгор Э.Мөнхтөр Б.Анхбаяр Б.Гарьд",[],87.17165669,1ц 27м
1926,Лизинг,Кино,,2017,ЭЭХ,,7.2,,,,Борн фильм студи Гэрэлт суврага продакшн,87.17165669,1ц 27м
1936,战神纪 / Genghis Khan,Кино,Дайнт,2017,Ангилал хийгдээгүй,,7,Х.Чулуу,,Б.Баасанжав Х.Чулуу Б.Баян-Ерөөл Т.undefined Э.Буянхишиг,Өвөр Монголын Кино Хороо (Inner Mongolian Film Association),87.17165669,1ц 27м
1937,Үүлэн хээтэй орчлон,Кино,Шууд Видео санд орсон,2018,13+,,7.4,Г.Бадамрагчаа,Н.Шүүдэрцэцэг,Ж.Уянга Н.Шүүдэрцэцэг Г.Бадамрагчаа Ж.Гүнжидмаа Т.Энэрэл М.Дорждагва Ц.Төмөрхуяг Р.Анхням Э.Пүрэвжаргал,Монгол контент Хаанаас үзэх вэ?,87.17165669,1ц 27м
1944,Single Ladies 3,Кино,,2017,ЭЭХ,,3.2,Б.Жавхлантөгс,А.Миеэгомбо,Г.Жанчив Г.Ундармаа П.Эрдэнэзаан А.Миеэгомбо Б.Жавхлантөгс О.Дөлгөөн Г.Алтаншагай А.Туяа П.Баярцэнгэл А.Дашпэлжээ Ө.Мөнх-Эрдэнэ С.Ариун-Эрдэнэ Э.Сэлэнгэ Б.Сансармаа Г.Ананд,U film,87.17165669,1ц 27м
1948,Том 4 толгой,Кино,,2017,ЭЭХ,,6.8,Н.Ган-Эрдэнэ,Н.Ган-Эрдэнэ,С.Батзориг Н.Ган-Эрдэнэ С.Бишрэл Ц.Мөнхням Т.Батцэцэг О.Эгшиглэнт-Од Ц.Мичидмаа Г.Амгаланбаатар Б.Номин-Эрдэнэ Т.Баттулга,Бросис пикчерс Скрим тийм студи,87.17165669,1ц 27м
1950,Байрны ах,Кино,,2017,16+,,7.2,Б.Нямдаваа,Б.Нямдаваа Л.Таванбаяр,Б.Нямдаваа И.Мөрөн Д.Баттогтох Л.Таванбаяр Б.Ану-Үжин Г.Золбоот О.Самданпүрэв Б.Базаррагчаа А.Цэгмэд О.Итгэл С.Сарангэрэл,НД фильм (ND Film),87.17165669,1ц 27м
1955,3 найз: Эргэж ирсэн нь,Кино,,2017,ЭЭХ,,3.3,С.Баттулга,С.Баттулга Ч.Билгүүн,"О.Тэмүүжин, Г.Анхбаяр, П.Эрдэнэзаан, Г.Нарансолонго, Л.Дэмидбаатар, Ш.Алтанцэцэг, Д.Түвшинтөр, Жүжигчид С.Баттулга О.Тэмүүжин П.Эрдэнэзаан Г.Анхбаяр Г.Нарансолонго Л.Дэмидбаатар Д.Түвшинтөр Ч.Билгүүн Ш.Алтанцэцэг",[],87.17165669,1ц 27м
1958,Under the Turquoise Sky / ターコイズの空の下で,Кино,,2021,Ангилал хийгдээгүй,,6.9,,,Б.Амарсайхан Б.Цэцэг Y.Yagira С.Сарантуяа,Ай Эф Ай продакшн (IFI Production),87.17165669,1ц 27м
1959,Хамгийн хөөрхөн охин,Кино,,2017,ЭЭХ,,7.4,Л.Таванбаяр,Л.Таванбаяр,М.Бат-Эрин Б.Эрдэнэбат Л.Таванбаяр Б.Ану-Үжин Э.Отгончимэг Б.Энхсайхан О.Гэрэлсүх Г.Ижилцэцэг М.Соёл-Эрдэнэ Д.Оюунзул Д.Бямбадорж,Жаалхүү фильм Түвшин интертайнмент Хаанаас үзэх вэ?,87.17165669,1ц 27м
1960,Залуу мөрдөгчид,Кино,,2017,Б,,7.5,С.Бүжин,Э.Очгэрэл,С.Бүжин Э.Очгэрэл Б.Хачиун,Простар (Prostar) Хаанаас үзэх вэ?,87.17165669,1ц 27м
1961,Хийморь,Кино,,2019,ЭЭХ,,7.5,Г.Эрдэнэбилэг,Г.Эрдэнэбилэг,"Г.Эрдэнэбилэг Э.Ариунболд П.Цэрэндагва Э.Тодгэрэл Д.Мэндбаяр Ц.Цэрэнболд Н.Ялалт Ж.Пүрэвдорж Г.Алтангэрэл Кино шүүмж Mungun Хийморь киног хүнтэй харьцуулбал... Тэр царайлаг, стил имидж нь баргийн газар гологдохгүй гоо зүй уран сайхны нарийн мэдрэмжтэй, монгол хүний элгэмсэг дотно зантай, бас эх орныхоо төлөө ямар нэг сайн юм хийхийг амихандаа мэрийдэг. Гэхдээ түүний анхаарал маш амархан олон тийшээ сарнидаг, хальт тааралдахаараа өөрийнхөө тухай л голчлон яриад байдаг нь уйтгартай бас цаганд хайран. Кино эхлээд л - зуны гоё хөдөө. Улаанбаатарт урт өвлийг давах гэж хоног өдрийг өнгөрөөсөөр жуулчид олон нислэг дамжиж зорьж ирдэг байгаль дөрвөн уулаас цааш байдгийг мартах шахжээ. Сайхан зураглалаас гадна, камерын шилжилт хөдөлгөөнтэй хэсгүүд кинонд бишгүй байсан нь үзэхэд урамтай байсны дээр, дүрүүдийн наана цаана амьдрал давхар өрнөж байгаа нь найруулагч, зургийн дарга, зураглаач нар #зохиомж буюу дэлгэц дээр кино яаж харагдах, дүрүүдийг юу гэж ойлгогдох тал дээр үнэхээр анхаарал хандуулсныг мэдэгдүүлж байв. Зураг авалт нь энэ киног өргөж байгаа сайн чанаруудын нэг яалтчгүй мөн юм. Тэгээд кино эхлээд ~10 минут өнгөрөв. 2000д оны солонгос цувралын гол дүрд дэндүү их ачаа оногдсон байдаг шиг энэ кино зовлон дүүрэн “өнөө л” монгол кино болж эхлэв. Хөдөөний амьдралын талаар гардаг монгол кино, ном зохиол, хошин шог болгонд шахам таардаг тахианы дэгдээхийнээс ч хэврэг амь, алтан загаснаас ч богинохон настай хэвшмэл “ээж”-н дүр улиг болсон жамаараа савтай #попкорн талдаа орохоос ч өмнө үгүй болж, ундаагаа задлахаас ч өмнө өнчирсөн хүүг өрөвдөхийг кино үзэгчээс шаардав. Хүний ээж үрэгдэхэд өрөвдөх ёсгүй гэж байгаа юм биш л дээ, харин кинон дээр хэн нэг дүр үхэх гэж байгаа бол үзэж байгаа хүнд нь сэтгэлдээ “юм” мэдрэх үндэс суурь эхлээд тавигдсан байх хэрэгтэй гэж санагддаг юм. Ер нь “Хийморь”-н киноны сэтгэл хөдлөл шаардсан хэсгүүд үндэслэл багатай, бага зэрэг хүчилсэн санагдсан. Үйл явдлын хувьд ижилдэж дассан эзэн морь хоёр – (гэхдээ голчлон морь нь) буцаж гэртээ ирэхийн тулд тус тусын адал явдлыг туулж байгаагаар энэ киноны өрнөл. Хүү морин хуур урлаач өвгөний гэрт санамсаргүй байдлаар очиж, морь нь гар дамжиж нутаг давж алга болно. Уг нь санаа нь муугүй: Кино нь нэг талаас хүүгийн дүрийг ашиглаж Монгол хүн – Морь хоёрын харилцааг үзүүлэх зорилготой бол, нөгөө талаас морины адал явдлаар юуг үзүүлсэн бэ гэхээр...нөгөө…аан...хммм... Морины адал явдлаар зохиолч найруулагч хоёр яааааг юу хэлэх гэснийг би хувьдаа сайн ойлгоогүй. Морины орос цэргүүдтэй өнгөрөөсөн хэсэг үйл явдлыг тэр чигээр нь хассан ч алдах юмгүй, өгөөжгүй санагдсан. Киноны мессежүүд нь “1920д онд морийг уналгад бас маханд хэрэглэдэг байжээ” гэдгээс эхлээд “Морийг хутгаар зүсээд л цусыг нь шууд уух OK”, “Эх орноо хайрла” г.м үзэхэд учир кайфгүй, учир битүүлэг эсвэл улиг болсон байдалтай бөгөөд, бас зарим зүйлсийг тодорхой тайлбарлаагүйгээс болоод 2019 оны үзэгчийн хувьд цочирмдоор бүдүүлэг хэсгүүд энд таарч байв. Гэхдээ таарсан дүрүүд нь муугүй байсан. Дүрүүдийг сайн гүйцэтгэсэн жүжигчдийг сонгосныг дурдах нь зүйтэй. Тэндий дундаас бадарчин, ах дүү гурван сайн эрс, хөдөөний хөлчүү монгол морьтон гэсэн дүрүүд хамгийн онцгой санагдав. Хэдий бадарчин нь үзэгчээс ёс суртахууны #challenge авдаггүй Диснейн хүүхэлдэйн киноны эргэлзэх зүйлгүй хар санаатан, ах дүү гурван сайн эрс нь мөн л нэг бүрийг нь хоёр үгэнд базан тодорхойлж болох stereotype /ерөнхийллүүд/ байсан ч, үзэж байгаа хүний сонирхлыг татаж дэлгэцийг эзэлсэн сайн жүжиглэлтүүд байлаа. Үг цөөтэй бүдүүн хоолойтой ах, гүйлгээ ухаантай сэргэлэн дүү, гэнэн боловч сайхан сэтгэлтэй бага дүү гэсэн бүрэлдэхүүнтэй тэр гурвын өөр адал явдлын тухай салаалсан /spin-off/ кино байвал би л лав үзнэ. Харваас ойлгомжтой зүйлсийг гол дүрийн хүүгийн бодол мэтээр уншуулж тайлбарлуулж байсан нь бас том алдаа юм шиг санагдсан. #ГарьдМагнай-н Далайцэрэн барилдаан, бэлтгэлүүдээ нуршаад, #УлаанбаатартБайгааМинийАав-н хүү санах ганцаардах сэтгэлээ үзэгчид шууд хэлээд байсан бол тэд үндэсний баяр болгоноор гаргадаг шилмэл бүтээлүүд болохгүй байсан биз. Мундаг хүмүүс киног “Ярих биш үзүүлэх урлаг” (Show, don’t tell) гэдэг юм байналээ. Мөн хүчээр харуулах юм, хэлэх зүйлс олон байснаас киноны эхэнд хүүгийн ээжийг түргэвчлэн алсан яаравчилсан хэмнэлээ кино алдаж, 2 цаг хиртэй суухад уйдаж, сандалдаа чилэхэд хүрэв. Дүгнэж хэлэхэд, хүлээж байснаас илүү сайн зураг авалт, сайн жүжиглэлт, үнэмшилтэй харагдах байдал, өөрт нь зориулж бичсэн хөгжим гээд Хийморь кинонд түүнийг сайн болгох зүйлс их байсан. Гэвч эцсээ үздэггүй олон удаан зогсолтуудтай 2 цагийн урт аялал, тодорхойгүй өгүүлэмж, итгэл үнэмшил хангалттай төрүүлээгүй хүчилсэн гаргалгаатай сул дүгнэлт нь энэ киног нэгээс олон үзэхийг санал болгоход хүндрэлтэй болгож байна. TL;tr&dgaf хувилбар Театраас хямдхан тэнэг кино үзлээ гэж бухимдаж гарч ирэхгүй. Нүд баясгах хэсгүүдтэй. Гэхдээ ямар нэг шинэ санаа сэдлийг эндээс олохгүй. +Гоё зураг авалтууд +Жүжигчид сонголтууд маш сайн +Муугүй бичигдсэн харилцан ярианууд +Панмонголизм -Улиг болсон үхэл, зовлон, “муу” хүмүүс -Эцсийн дүндээ үр дүн муутай өрнөл -Сунжруу 2024-05-28 17:19:21 Дэлгэрэнгүй",Гурван дөл пикчерс Бэлгүтэй пикчерс Хаанаас үзэх вэ?,87.17165669,1ц 27м
1962,Бүхнээс дээгүүр,Кино,,2017,ЭЭХ,1ц 40м,5.5,Б.Гарамханд,С.Ангараг,Б.Батмаа Ү.Баяржаргал Б.Гарамханд Т.Саруултөгс С.Ангараг Ч.Цэнгүүн М.Намуунцэцэг,Оранж энтертэйнмент,100,1ц 40м
1964,Анхны харц,Кино,Зусланд тохиолдсон хайрын түүх,2017,ЭЭХ,,7.2,Б.Батзориг,Л.Таванбаяр,Л.Таванбаяр Б.Батзориг Ц.Төмөрхуяг Э.Мөнхтөр Н.Баярсайхан,Лайн интертайнмент Про интертайнмент Хаанаас үзэх вэ?,87.17165669,1ц 27м
1972,UB Squad,Кино,,2018,ЭЭХ,,6.9,Ш.Батсуурь,,"Х.Ихбаяр, М.Халиун, Жүжигчид Х.Ихбаяр М.Халиун Ш.Батсуурь",[],87.17165669,1ц 27м
1974,Такси 2: Шинэ түүх,Кино,,2018,ЭЭХ,,6.5,Г.Дарханбат,Г.Дарханбат,А.Билгүүнсайхан Г.Жанчив Г.Дарханбат А.Өнөржаргал Б.Мишээл Г.Дарханбаяр Ж.Мөнгөнсүх Б.Баярсанаа С.Баттулга С.Өлзийхүү Б.Базаррагчаа Ц.Төмөрхуяг Д.Хүрэлхүү Б.Эрдэнэцэцэг Ж.Буянтөгс,Твинс фильмс студи (Twins Film),87.17165669,1ц 27м
1980,Ах дүү гурав,Кино,,2018,ЭЭХ,,6.8,Ө.Мөнх-Эрдэнэ,Ө.Мөнх-Эрдэнэ,Р.Адъяа Г.Мягмарнаран Ө.Мөнх-Эрдэнэ Х.Манлайбаатар А.Энхжин М.Батзориг С.Баттулга О.Оюун З.Онон Т.Нямдорж,Захиалгат инээд интертайнмент,87.17165669,1ц 27м
1998,Орилоон,Кино,"-Цэнхэр халим, -Цогцос чангаагч",2018,16+,,6.9,Б.Цогт-Эрдэнэ,Ц.Ууганбаяр,С.Батзориг Ж.Уянга Ц.Ууганбаяр Б.Цогт-Эрдэнэ Э.Пүрэвжаргал,Кино цамхаг студи Хаанаас үзэх вэ?,87.17165669,1ц 27м
1999,Солиот эх,Кино,,2017,ЭЭХ,,7.5,И.Одончимэг,,О.Цэгмэд И.Одончимэг Г.Дөлгөөн-Эрдэнэ Д.Цэрэндарьзав Г.Тэнүүн-Эрдэнэ Т.Бархүү,Блек зебра Хаанаас үзэх вэ?,87.17165669,1ц 27м
2002,Ларьдма,Кино,,2018,ЭЭХ,,7.4,Ж.Сэнгэдорж,Т.Номуунзул,Ж.Сэнгэдорж Т.Номуунзул Д.Пүрэвсүрэн С.Болд-Эрдэнэ А.Баттүшиг Б.Навчаа Э.Мөнхтөр Н.Баярмаа Е.Баярмагнай,Лоожикфильм (Logicfilm) Сан пикчерс Дарма фильм,87.17165669,1ц 27м
2005,Хүн мод,Кино,,2017,ЭЭХ,,6.4,А.Төгсбаяр,,А.Төгсбаяр П.Цэрэндагва П.Оюун-Эрдэнэ,Имажинешн фильм Борн фильм студи Рек рекордс Хаанаас үзэх вэ?,87.17165669,1ц 27м
2006,Бумеранг,Кино,,2018,16+,,7.3,Ч.Батбаяр,,Б.Энхжаргал Ч.Батбаяр Р.Баттогтох Б.Ганболд Э.Пүрэвжаргал Ч.Ганзориг Б.Анхбаяр Ш.Доржсүрэн П.Дэлгэрбаяр Б.Чингүүн П.Шүүдэрцэцэг Ч.Сэлэнгэ Н.Ялалт Т.Өөдөө Ц.Төмөрхуяг О.Долгор А.Баттүшиг Б.Одгэрэл Г.Мягмарнаран Д.Түвшинтөр Э.Батхүү Д.Батбаяр С.Баясгалан Ж.Жамъянсүрэн,Монгол контент Хаанаас үзэх вэ?,87.17165669,1ц 27м
2009,Баярлалаа Ааваа,Кино,Чи түүнийг яаж хүлээж авах вэ,2018,Ангилал хийгдээгүй,,6.8,,,"А.Энхжин, Б.Батчимэг, Жүжигчид Б.Батчимэг А.Энхжин",[],87.17165669,1ц 27м
2011,Томоож,Кино,,2018,16+,,6.5,,,Б.Баттөр Б.Баттөр Г.Золбоот Б.Батмаа Д.Лхагва Ю.Балжидмаа О.Цэнгэл С.Зоригтбаатар П.Шүүдэрцэцэг Х.Намуун Р.Адъяа,Марч найн медиа,87.17165669,1ц 27м
2018,One Night,Кино,,2018,13+,,7.5,Э.Алдар,Э.Алдар,Ц.Номин Г.Жанчив Э.Алдар Т.Нямдорж Б.Мишээл Р.Сүхболд У.Цогтбаяр Ц.Энхжин Т.Бадамжав Б.Барслхагва М.Намуунцэцэг Ш.Жавхлан,Бааб фильм Эй Ай интертайнмент,87.17165669,1ц 27м
2019,War,Кино,,2018,16+,,6.9,,,"Э.Ууганбаяр, Н.Ялалт, Г.Баттулга, Ц.Төмөрбаатар, Ц.Төмөрхуяг, Д.Бямбацогт, Жүжигчид Ц.Төмөрбаатар Ц.Төмөрхуяг Д.Бямбацогт Э.Ууганбаяр Н.Ялалт Г.Баттулга",[],87.17165669,1ц 27м
2030,Параллель ертөнц,Кино,,2018,ЭЭХ,,6.9,,,Б.Барслхагва Г.Лхагвацэрэн У.Цогтбаяр Ц.Нямжав Э.Одбаяр,Ф студи,87.17165669,1ц 27м
2032,Love Story,Кино,"Хайрын түүх МУСК, Love Story МУСК",2018,Ангилал хийгдээгүй,,6.7,,,Н.Цэнд-Аюуш М.Дорждэрэм,Гэрэлт медиа групп,87.17165669,1ц 27м
2033,Сэтгэлийн анир,Кино,,2018,13+,,5.2,Э.Чинзориг,Э.Чинзориг,Э.Чинзориг О.Долгор Ц.Эрдэнэбат Э.Мөнхтөр А.Баттүшиг,Лоожикфильм (Logicfilm) Пойнт продакшн Хаанаас үзэх вэ?,87.17165669,1ц 27м
2034,Сараана,Кино,"Сараана МУСК, Шууд видео санд орсон",2018,Ангилал хийгдээгүй,,6.4,,С.Ангараг,"Б.Хулан, Э.Мөнхтөр, Б.Батмэнд, Жүжигчид Б.Хулан С.Ангараг Б.Батмэнд Э.Мөнхтөр",[],87.17165669,1ц 27м
2041,Яллагч,Кино,,2018,13+,,8.3,Г.Эрдэнэбилэг,О.Эрдэнэ,Г.Эрдэнэбилэг Д.Мөнхзул О.Эрдэнэ С.Болд-Эрдэнэ О.Оюун Б.Баатар Г.Маргад-Эрдэнэ Э.Тодгэрэл Ш.Доржсүрэн Г.Равдан Ц.Алдармаа У.Пүрэвжав,Гурван дөл пикчерс,87.17165669,1ц 27м
2046,Орк,Кино,,2018,ЭЭХ,,6.9,Д.Ганцогт,Д.Ганцогт,Г.Ганлхагва Д.Ганцогт Э.Мөнх-Эрдэнэ,Мэсмэризм фильм Хаанаас үзэх вэ?,87.17165669,1ц 27м
2047,Ээжийн дайсан 2,Кино,,2018,ЭЭХ,,7.1,Д.Мөнхбат,Д.Мөнхбат,Д.Мөнхбат Д.Баттөмөр Ж.Номингэрэл Л.Эрдэнэ-Очир Г.Алтаншагай Б.Тунгалаг Г.Эрхэмбаяр,Нүдэн фильм Хаанаас үзэх вэ?,87.17165669,1ц 27м
2054,Онцгой даалгавар,Кино,,2018,ЭЭХ,,5.2,Д.Отгонбаяр,Ж.Оргил,Г.Алтаншагай Ж.Оргил Л.Чаминчулуун Д.Отгонбаяр Г.Сэр-Од С.Баттулга Д.Оюунтуул Ш.Алтанцэцэг Г.Золбоот С.Балданпүрэв Б.Баатархүү Ш.Даваасамба Ё.Алтангэрэл Б.Даваажав Б.Барслхагва Л.Нурбулан Ш.Жавхлан,Оюунлаг продакшн 35фильм,87.17165669,1ц 27м
2055,Эрэгтэй охин,Кино,,2018,13+,,4.6,А.Алтанхундага,Э.Содмагнай,А.Алтанхундага Э.Содмагнай Б.Хулан Ж.Буянтөгс Р.Адъяа Х.Манлайбаатар,Рэд фильм,87.17165669,1ц 27м
2056,Emoji,Кино,,2018,16+,0ц 44м,5.1,Г.Жанчив,Г.Жанчив,"Б.Мишээл, Жүжигчид Г.Жанчив А.Мөнх-Од Б.Мишээл",[],44,0ц 44м
2057,2000,Кино,,2019,13+,,5.3,Б.Отгонзориг,,"Б.Отгонзориг Ц.Цэрэнболд П.Цэрэндагва С.Болд-Эрдэнэ Д.Мэндбаяр С.Ариунбямба Д.Гүрсэд Д.Төмөртогтох Н.Батцэцэг У.Батбаатар Ш.Доржсүрэн Д.Баттөмөр Ч.Дэлгэрцэцэг Кино шүүмж Mungun “2000” киног үзэхэд арчаа тааруухан айлын Цагаан Сар ийм байдаг боловуу гэж бодогдоно. Хальт харахад тэднийхэн ахуй соёлоо сурталчилж, түүх уламжлалаа таниулах нэг оролдлого хийхийн хувьд хийжээ. Харин хойморт нь налайх өрхийн эзэд нь хээнцэр боловч гэр нь хог шороондоо баригдсан, хол ойрын сонин сураглахад өнгөрсөн жилээсээ өөрчлөгдсөн өөдлөсөн зүйлгүй, цагийн өмнө гал дээр тавьсан гэх “горойсон” ганц жигнүүр буузаараа ардах ажлыг уяж, хэрээс хэтэртэл архи шахахын дээр телевизээр нь зогсоо зайгүй солонгос кино чангаар хашхиралдах нь энэ айлд суух минут бүрийг улам залхмаар болгоно. “Түүхэн” гэж киног рекламдахад үзэгч хүнд тодорхой хүлээлт бий болох нь гарцаагүй зүйл боловуу. Өмнө #СоёлынДовтолгоо кинон дээр хэлж байсан шигээ над мэт “сүүлийн үеийн хүүхдүүд”-н Монголын түүхийн мэдлэг -с ч олон онгорхой цоорхойтой билээ. 10 жилийн бүрэн дунд боловсролын түүхийн мэдлэг, хуучны монгол кинонуудаас үлдсэн юм “Хүннүчүүд” цэг цэг цэг “Чингис Хаан, Нууц Товчоо” цэг цэг цэг “Манжийн эршхээлд орж манайхан хог дээр үсрэв” цэг цэг цэг “1911, 1921, 1924” цэг цэг цэг “Лам нарын бослого, Хэлмэгдүүлэлт, Халх Гол” цэг цэг цэг “Ардчилсан хувьсгал” цэг цэг цэг - тэгээд эцэст нь нэг юм өөрөө төрж, мэдрэл орж, гадаад дотоод ертөнцийг анзаарч эхэлсэн 2010д он хавьцаанаас эхлэх Монголын нөхцөл байдал юм. Тиймээс Хуанжу Гэг-с өөр анхааралтай үзэж байсан Манжтай киногүй (“атгахан зөрчилтэй” хочит #ЗүрхнийХилэнг үзээгүй 😛) “2000” киноноос багагүй хүлээлттэй байлаа. Өөрсдийнхөө түүхийн талаар олон шинэ юм олж мэдэх армаанчик мөрөөдөл маань түмэн зовлонгоор эхлэж, буман зовлонгоор өрнөж, мянган зовлонгоор дуусдаг Монгол киноны түгээмэл асуудлын бодит байдалтай мөргөлдөж, кинонд боломж өгсөн гэнэн итгэл маань мөнгөө салхинд хийсгэсэн хүний гашуун харамслаар солигдов. “2000” нь манайхны дэндүү мэргэштлээ хийсэн өнөө л #Зовлонт жанрын кино болжээ. Гэхдээ кинон дотор зовлон үзэхээсээ залхаад байгаа биш, харин Монгол кинонд зовлонг яаж үзүүлдгээс залхаад байгааг минь ойлгоно уу. Улаан пальтотой охинтой хэсэг нь сэтгэл шимшрүүлээд хаячихдаг Шиндлерийн Бүртгэл (#SchindlersList), аав хүү хоёртой Амьдрал Сайхан (#LifeIsBeautiful), урт/шонхор хамартай эрийн тоглосон Төгөлдөр Хуурч (#ThePianist) гээд Еврейчүүд хоморгологдон устгагдаж, зовж байгаа кинонуудыг Монголчууд бид нар дэлхийгээс дуталгүй үзэхээрээ л нэг болсон. Эдгээр кинонуудын зураглал, үлдээдэг дурсамж, өгүүлдэг түүх нь хүний амьдралын хамгийн хэцүү, аймшигтай, гашуун зүйлс боловч, тэр кинонуудыг үзэж байгаад дундаас нь, эсвэл кино нь эхлэнгүүт залхах мэдрэмж төрдөггүй шүү дээ? Манай кино Холливуудад хүртлээ өдий учраас шууд харьцуулалт хийх нь тийм ч шударга биш байж болох юм. Хамаа алга, Монгол жишээ авья. #ТунгалагТамир яаж эхэлдэг билээ? “Энэ хүнийг Эрдэнэ гэнэ. Тэр ингээд тэгээд, тэгээд ингээд явна” гээд, ганц ноорхой овоохойтой, эхнэр хүүхдээ тэжээх гэж ядарч яваа бас морио ч алддаг хирнээ тасарцан өөдрөг эрийг үзүүдэг. #АрдынЭлч яадаг вэ? Дарьбазарыг шууд бариад буудчихдаг уу? Үгүй, наадмаар хайртай хүүхэнтэйгээ шоудаж, аз жаргалтай явааг нь харуулдаг. #ТаньРууНүүжЯвна – хоёр айлын гишүүн нь болтлоо тэдний тухай мэдэж аваад жишнэхэ үйл явдал эхэлдэг. Юу гэх гээд байна вэ гэхээр гадны зовлонтой түүхэн кинонууд ч, манайхны өөрсдийн хийж байсан зовлонтой кинонууд ч зовох гэж байгаа дүрүүдээ хүн юм шүү, дэлгэц дээр байгаа хүмүүс нь чи бид юм шүү гэдгийг ойлгуулж байгаад “юмаа” хийдэг. Гэтэл “2000” кинонд эхлэл байхгүй, шууд л нүүрлүү “Май зовлон” гээд чичлээд байх нь дургүй хүрмээр. Зовлонтой хүнд хүчрийн талаар кино маань шууд л хэтэрхий хүнд эхлээд, эхний 10 минутанд нь хүнийг өрөвдөх энэрэх сэтгэлээ дуусгачихаар киног үзэж байгаа хүн үлдсэн 130 минутанд нь юугаа хийж хуйхаа майжих вэ? Энэ цаг үед кино хийж байгаа уран бүтээлчид маань “бүтээл” гэж нэрлээд байгаа юмаа Монголын хуучны шилдэг кинонууд төдийгүй дэлхийн шилдэг кинонуудыг ч театрт гарахгүй байхад нь ч ухаад, олоод үздэг шинэ үеийн үзэгчдэд үзүүлж байгаа юм шүү гэдгээ дандаа санаж байх хэрэгтэй байгаа юм. “2000” киноны үйл явдал яаж эхнээсээ үзэх хүсэл унагаасан талаар ярьж яваад дэвэн дэлхийн юм яриад явчихав. Кино цааш үргэлжлээд ч зөндөө асуудалтай. Анзаарагдсан дарааллаар нь цааш нь яриад явья. Кинонд компьютер график ашиглахын цорын ганц дүрэм нь “Компьютер график кинонд ашигласан гэж мэдэгдэхгүй байх” гэж би хувьдаа боддог юм. Кино зохиолчын шахалтаар ч юмуу, найруулагчийн шийдлээр ч юмуу компьютер графикээр бүтсэн хүн амьтан, хот балгас, сум жад нь киногоо дэмжсэн нэмэлт зүйл биш, киноны өөрийн гол үзүүлэн болоод эхлэхээрээ буруудаад эхэлж байгаа харагддаг. Харагдаж байгаа ганц юм нь болчихоор алдаа дутагдал нь бүр л илт харагдана шүү дээ. Энд бүр нэг хэлмээр байгаа юм нь том байгууламж, хот, хуаран гэх мэт юман дээр “Би хиймэл шүү” гэдгийг нь зарладаг тэмдэг болчихсон улиг болсон хачин униар хийдгээ нь бүр болих хэрэгтэй юм шиг санагддаг. Бас айхтар ид шидийн хэсгүүд бий. Trailer-н дууг Avengers-с “хуссан” гэж байгаа хүмүүс энд “Avengers”-г санагдуулам өөр юмнуудыг ч энэ киноноос инээдээ барьж ядан анзаарах боловуу. Гэхдээ эцсийн дүндээ хийсэн графикчдынх нь ч буруу гэж юу байхав, зүгээр компьютер графикан зүйлсийг тэгэж их оруулж, товойтол нь голчилж үзүүлэх ёстой байснуу үгүй юу гэдэг нь илүү дээд эрх мэдлийн шийдэх ёстой зүйл боловуу. Улиастай хотын гудам л байх ёстой байсан болтой, модон хашаануудтай гудам нь компьютер графикаасаа ч дор харагдах бөгөөд, өнгөрсөн жилийн #СолиотЭх-н хэдэн хашаатай жижиг тосгоноос ч дор харагдаж байгаа юм шиг санагдав. Дараа нь жүжигчдийн сонголт байна. Том машины реклам, сүртэй сурталчилгаануудад харагддаг супер хоолойтой жүжигчин; саяхан Цагаан Сараар л гар дүүрэн бэлэгтэй нүүр дүүрэн инээгээд зогсож байсан хошин шогийн жүжигчин үнэмшилтэй “өлсгөлөн” цэрэг байсан уу гэдэг бас эргэлзээтэй. Дээр нь манжийн яамны ажилчид, том жижиг албан тушаалтнууд, шүүгч зэрэг дүрүүдэд мань мэтийн үеийн залуучууд тоглосон нь ямар ч чухлаар хүлээж авах боломжгүй, даацгүй, үнэмшилгүй байв. Харилцан яриа нь муу бичигдсэн болоод ч тэр үү, энэ дунд гол дүрийн залуухан хоёр эмэгтэй жүжигчдийн чадвар Facebook-р явж л байдаг хүүхдүүдийн хийдэг sketch-comedy-н муухан жүжиглэлтүүдээс ялгаа бага санагдав. Дээр нь хүмүүс хүн шиг биш, их шүлэглэж ярьдаг нь урт хугацааны монологийг ойлгоход хүндрэлтэй, тамлуулж байгаа хүн нь хүртэл тэгэж ярихад үнэмшилгүй болгож байв. Харин таалагдсан дүр нь гол дүрийн Монгол цэрэгт тоглосон жүжигчний гүйцэтгэл ч, харагдах байдал ч маш үнэмшилтай байсан бол, түүний дараа Манжийн амбаны доорх, цэргийн сайд бөгөөд, тэр энэ киноны ганц “жинхэнэ” хүн, сонирхолтой байв. Мөн өөр таалагдсан жүжиглэлт нь хэдий киноны үйл явдалд ямар падлийгүй илүүц боловч хийлч Дээгийгийн муугүй гүйцэтгэл байлаа. Нүцгэн цээжийг нь энэ кинон дээр харсандаа ч тэгэж хэлж байгаа юм биш шүү хаха. Олон юмны эцэст, энэ сайн кино байхаас гадна сайн түүхэн кино байж чадсан уу? Харамсалтай нь аль аль нь үгүй. Энэ киног үзээрэй гэж хэлж чадахгүй нь. 2024-05-29 13:44:16 Дэлгэрэнгүй",Ю Би Фильм медиа групп Хаанаас үзэх вэ?,87.17165669,1ц 27м
2058,Соёлын довтолгоо,Кино,,2019,13+,,4.2,Д.Мөнхбат,С.Сумъяа Ж.Мөнхсайхан,"М.Баярмагнай, А.Гэрэлцэцэг, Х.Цасчихэр, Ж.Мөнхсайхан, П.Эрдэнэзаан, Д.Дэлгэрсайхан, Ш.Жавхлан, Г.Чулуунцэцэг, Ш.Даваасамба, Б.Ганхүү, Хаанаас үзэх вэ? Жүжигчид Б.Эрдэнэбат М.Баярмагнай П.Эрдэнэзаан Д.Мөнхбат С.Сумъяа А.Гэрэлцэцэг Д.Дэлгэрсайхан Ж.Мөнхсайхан Х.Цасчихэр Ш.Жавхлан Г.Чулуунцэцэг Ш.Даваасамба Б.Ганхүү Кино шүүмж Mungun Монгол кино үзэхийг Улаанбаатарт өвөл гэртээ маскаа мартахтай адилтгаж болох юм. Харагдаж байгаа байдалд нь молигодуулснаас, урьдчилан сайн төлөвлөөгүйгээс, эсвэл зүгээр л санамсаргүй байдлаар энэ зүйл тохиолддож болдог. Гэхдээ аль нь ч бай ялгаагүй, Монгол кино үзэхэд ч, өвөл маскгүй явахад ч 10 тохиолдлоос 9д нь мэдрэхүйн эрхтэнүүд хохирч хэлмэгддэг билээ. “Соёлын Довтолгоо” кино нь тэр 10 тохиолдлын 1д таарах гайхамшиг биш, үлдсэн 9д нь таардаг гэрлүүгээ буцаад явмаар тохиолдлуудын нэг болжээ. Над мэт “одоогийн хүүхдүүд”-д Монгол дахь социализмын үеийн тухай олигтой төсөөлөл ер байдаггүй юм. Яагаад аав ээж ардчиллын чөлөөт нийгмийг сонгох болсныг, бас өвөө эмээ нар социализмын үед амьдрахад үнэхээр ямар байсныг мэдэхийг туйлаас хүсэв ч түүнийг үзүүлэх зүйлс даанч ховор. Тиймээс бага байхад бусдаасаа арай илүү санагддаг байсан хошин шогийн хамтлагуудын нэг “Маск”-нхны, манай дэлгэцээр барагтай гардаггүй бидний түүхийн чухал үеийн талаар киног үзэх нь тодорхой хүлээлтийг үүсгээд байсан юм. Яагаад хүлээлт талаар болсныг, таалагдсан цөөн зүйлийн хамт доор тайлбарлая. Киног үзэхэд хамгийн их бэрхшээл дагуулж байсан зүйл нь - энэ кино яг ямар кино байх гээд байгаагаа шийдэж чадахгүй байсан байдал: #Түүхэн серёзны кино юмуу гэхэд хөдөөнийхнийг шоолбол зохилтой зэрлэг хүмүүс байдлаар дүрслэх; #Thriller юмуу гэхээр мангардуу хөдөөний эрийн дүр хошин шог дээр гардаг бусад мангардуу хөдөөний эрийн дүрүүдээс хэтрэх зүйл хийдэггүй бөгөөд, тэмцлийн үндсэн хэлбэр нь 5 настай хүүхдийн цэцэрлэгийн хов жив; #РомантикДрам юмуу гэхээр сувилагч сумын ганц мисс нь залуухан эмэгтэй гэдгээс өөр дүрслэх ямар ч аргагүй уйтгартай бөгөөд хотын залуу нь киноны ихэнх үед эрхэлсэн ажилгүй, зорилгогүй, хиймэл яриатай instagram-худ-boy; #Инээдмийн юмуу гэхээр ариун цэврийн байцаагч арай л цангачихсан бас харгис; Ингээд бичихлээр киноны үйл явдлаас гадна, зохиолд дүрүүдийг яаж бичсэнээс, найруулагч түүнийг нь яаж удирдсанаас асуудал их байгаа нь харагдаж байна. Дүрүүд бүгдээрээ үзэж байгаа хүндээ таалагдах албагүй ч санаад үлдэх, сэтгэлд хүрэх дүрүүд энд ховор байлаа. #ЗэрэгНэмэхийнӨмнө дээр ноёныг нь бид нар дэмждэггүй ч, сэргэлэн албатын мэхүүдтэй тэмцэж байгааг нь хараад баясдаг, #Сэрэлт дээр ах лам нь Game of Thrones-д байвал зохилтой хор хутгагч боловч нийгэм соёлын шилжилтийн хохирогч болж шахагдаж байгааг мэдэрдэг, #ШинэҮсгийнБагш дээр сурагчид нь боловсролгүй харанхуй боловч биднээс л ялгаагүй амьдрах гэж ядаж яваа хүмүүс гэдгийг хардаг. Харамсалтай нь “Соёлын Довтолгоо”-нд хүмүүс гэхээсээ илүүтэй, stereotype-ууд /хүмүүсийн хялбарчилсан ерөнхийлөл/ голчилж, хоорондох харилцаа нь эргэж дурсах бодлуудыг үлдээсэнгүй. Гэхдээ жүжигчин Дэлгэрсайханы хөрөнгөө хураалгасан экс-саятан эрийн жөтөөрхөж, чадах хүмүүсээ сумласан байдал нь “жинхэнэ Монгол” шинжийг агуулж, бүтээлчээр хараал урсгах байдал нь бусдаасаа өвөрмөц байсан бол, жүжигчин Эрдэнэзааны буюу нэрэлхүү даргын гэр бүл кинонд бага зайг эзэлсэн ч, тэдний хоол идээд сууж байгаа богинохон хэсэг дээр үндэслээд хэлэхэд кино зөвхөн тэр гэр бүлийг гол дүрээ болговол онох байсан юм шиг санагдсан юм. Нөхөр, эхнэр, хүүхдүүдийн хамтдаа мэдрэх бяцхан эргэлзээ, сониуч зан, юмны учрыг олох гэсэн битүүхэн тэмцэл нь хайр хүргэм байсан. Даанч кино нийлбэр дүндээ нэрэлхүү даргын хөөрхөн гэр бүл шиг эгдүүтэй, цэгцтэй, ойлгомжтой байсангүй. Дуу хөгжимд бас шүүмжлэх зүйлс байна. Шинэ цагийн соёлын довтолгоо, хүмүүсийн зөрчил, өөрчлөлтийн үйл явцаас мэдрэх сэтгэл хөдлөлийг баяжуулах, гэртээ хариад Youtube ухмаар санагдтал эгшиглэх аяууд энд байсангүй. Алдартай дуучдыг ашигласан дуугүй л бол дорвитой аягүй байх нь ч угийн монгол киноны норм байх. Харин харилцан ярианууд хол ойр, дээр доор сонсогдох нь киноны чанарыг унагахын зэрэгцээ, зарим ярианууд тусгай микрофоноор цэвэр бичиж авсан мэт боловч эцсийн дүндээ хэт сул сонсогдож байлаа. Кинотой шууд холбоогүй ч, киног сайжруулж болох байсан зүйлсийн нэг нь түүхийн мэдлэг боловуу. Монгол оронд эрүүл ахуйн дэндүү хөөрхийлөлтэй нөхцөлд амьдрах 1 сая хүрэхгүй хүн байсан гэх бүдэг бадаг тоо сонсч, Баабарын Нүүдэл Суудал номонд ариун цэвэр шалгагчдад охид хүүхнүүд үзүүлэхийг эсэргүүцэж байсныг уншч, бас хаанаас ч билээ тэмбүү өвчнөөс үүдэж хамар нь салаад уначихсан хөгшчүүл түгээмэл байсан талаар яриа сонссоноос биш энэ талаар баталгаатай мэдлэг, бодитой мэдээлэлгүй байсан хүн нь би ганцаараа биш байх. Тиймээс ирээдүйн түүхэн сэдэвтэй кино бүтээгчид маркетингийн үйл ажиллагаандаа энэ талын зохих мэдээллийг бэлтгэсэн контентуудыг боловсруулан хийж, киногоо сурталчлах нь үр дүнтэй бөгөөд нийгэмдээ хэрэгцээтэй байх боловуу гэж бодогдлоо. Дүгнэж хэлэхэд “Соёлын Довтолгоо” үзүүлж байгаа сэдвээ сонирхолтойгоор харуулж чадаагүйн дээр, уйтгартай үйлдлүүдтэй хөндий хоосон дүрүүд нь энэ киног дахиж үзэх хүслийг огт төрүүлсэнгүй. Ижил сэдвийг хөндсөн “#ШинэҮсгийнБагш”-г телевизээр гарч байхад нь би таарах болгондоо үзээд суучихдаг юм. Харин “Соёлын Довтолгоог” ирэх сар л мартчих боловуу. TL;tr&dgaf хувилбар Split-н 24 өөр зан чанар шиг аль нь байхаа шийдэж чадахгүй олон өөр өнгө аяс зохимжгүй холилдсон, мөн тооны ганц үгээр тодорхойлж болох үнэмшилгүй уйтгартай хавтгай дүрүүд зонхилсон, зохиол нь бүрэн потенциалдаа хүрч чадаагүй гэнэтийн төгсгөлтэй кино. Алгасахад асуудалгүй. +Санаа нь уг нь сонирхолтой +Жүжигчид нь уг нь гайгүй +Үзлээ гээд удаан зовохгүй, ердөө л 90 минут -Сэтгэл татахгүй гол дүрүүд -Үнэмшилгүй, замбараагүй үйл явдлууд -Сэтгэл ханамжгүй гэнэтийн төгсгөл 2024-05-28 17:17:20 Дэлгэрэнгүй",[],87.17165669,1ц 27м
2062,Мөсөн ээж,Кино,"Мөсөн ээж МУСК, Шууд видео санд орсон",2018,Ангилал хийгдээгүй,,6.7,Ц.Төмөрхуяг,,Ц.Төмөрхуяг Б.Базаррагчаа Л.Эрдэнэ-Очир,Цагаан Цэгмид студи,87.17165669,1ц 27м
2063,Нэхүүл,Кино,,2022,13+,,7.4,М.Лхагва-ийн,,"Б.Базаррагчаа, Б.Анхбаяр, Б.Батмаа, Г.Тэнүүн-Эрдэнэ, Жүжигчид Б.Энхжаргал Б.Базаррагчаа Г.Тэнүүн-Эрдэнэ Б.Анхбаяр Б.Батмаа Кино шүүмж Mungun “Нэхүүл” нь амьдралын ээдрээгээр нэг нь цагдаа, нөгөө нь дээрэмчдийн хөл гар болсон ах дүү хоёр ээжийнхээ нууцлаг үхлийн учрыг тайлж буй талаар гэмт хэрэг, action төрлийн кино юм. Монгол киночдын дунд бичигдээгүй хууль, нууц ам тангараг мэт мөрддөг инээдмийн киноны “өглөө босох” эсвэл гэмт хэргийн киноны “машины хөөцөлдөөн” хэмээх улиг болсон хоёрхон сонголтын нэгээр “Нэхүүл” эхлээгүй нь баярламаар. Гэвч уг киноны үйл явдлын уялдаа холбоо, дүрүүдийн зорилго тэмүүлэл зэрэг “уран сайхан”-ий шинжээс эхлээд жүжиглэлт, зураг авалт, дуу шум, өнгө гэрэл гэх мэт хийц чанарт мэргэжлийн ажиллагаа нэн дутмаг байсан нь “Нэхүүл”-ийн эхний 5 минутад л ил болсон юм. Киноны эхлэлд бид цагдаа ажилтай (эсвэл цагдаагийн оюутан?) гол дүрийн хоёр залуу, нэг бүсгүйтэй танилцана. Хоёр залуу нь ах дүү хоёр бөгөөд бүсгүй яагаад ч юм тэдний эмоци тэг, мэдрэмж яриа ноль, ерөнхийдөө агуулахын хөлдүү төмстэй жишигдэхүйц сэтгэл хөдлөлийн илэрхийлэмжтэй залууд нь сэтгэл алдарчээ. “Хөлдүү төмс” болон хайрын гурвалжингийн охин нар орцонд эв хавгүй үнсэлцэх зуур - хөлдүү төмсийн ах болох “бүтэлгүй төмс” нь орцны гадна эмо-рох зуураа ундааны сав саваагүйтэн өшиглөж байгаад дэлхийн хамгийн ууртай приусны гурван зорчигчийн хилэнг хөдөлгөнө. Хэзээ мөдгүй аварга ногоон Hulk болоод хувирахнуу гэмээр онцгой их цөстэй энэ гурван хүн санамсаргүй явдал болсныг ч, цагдаагийн хувцсыг ч эс хайхран “Бүтэлгүй төмс”-рүү хүйтэн зэвсэг агсан дайрна. Тэрүүхэн тэндээ л John Wick маягийн зодоон өрнөж, тулаан оргил цэгтээ хүрэхэд “Бүтэлгүй төмс” ардаасаа мэсэнд бүлүүлдгийн даваан дээр “Хөлдүү төмс” орцноос амжин гарж ирээд, ахруу нь дайрах улангассан зодоончдын нэгийг ноцтой гэмтээнэ. Ингээд “аргагүй хамгаалалт”, “хэрэг шүүн шийдвэрлэх процесс” эсвэл “логик” гэдэг зүйлгүй энэ ертөнцөд өөрийгөө өмөөрч нэг ч зүйл хэлдэггүй шазруун “Хөлдүү төмс” шоронд ял эдлэх болно. Эдгээр эхний сценд “киноных нь хүмүүст микрофон аваад өгчих юмсан” гэмээр ядаргаатай цуурайтсан яриа чимээнээс эхлээд “сонсголын бэрхшээлтэй хүмүүсийг шилж дууны инженерээр ажиллуулсан юмуу” гэмээр алдаг оног чанартай эсвэл таг мартагдсан шум чимээтэй дуу оруулалт; телевизийн зохиомжийн дүрс андуурагдаж театрт ирээ юу гэмээр хар саарал өнгө будаг; дэлхийн шилдэг бүтээлүүд бүү хэл өнгөрсөн жил гарч ирсэн шинэхэн залуу уран бүтээлчдийн киног үзэхийг гэрийн даалгавар болгож өгмөөр ядмаг жүжиглэлт, сцены зогсонги хэм хэмнэл, орон гаран логиктой үйл явдлын эргэлт, итгэлтэй бус найруулга - гээд ерөнхийдөө базаахгүй хийц гүйцэтгэл “Нэхүүл”-ийн нээлтийн 5 минутын секунд тутамд таарч байлаа. Юу хүсээд, яах гээд байгаа нь шоронд ч, “наранд” ч нь ойлгомжгүй явсаар гангстерын хөл гар болдог таг дүлий “Хөлдүү төмс” экс-цагдаа залуу; Гэр хороололд амьдардаг ээждээ баахан бэлэн мөнгө бариулж, хүн барих нь бүү хэл утасны цэнэглэгчээ маллаж чаддаггүй “Бүтэлгүй төмс” цагдаа эр; эхний 5 минутаас хойш үүрэг хэрэгцээ нь үүрд мартагдсан хайрын гурвалжингийн охин-ий эсрэг талд ажиллагч нь саяхан шоронгоос суллагдсан гангстеруудын босс эр (жүжигчин Б.Базаррагчаа) юм. Хэдий жүжигчин сонголт болон жүжигчний гүйцэтгэл нь дүрдээ тохирсон байсан боловч уг боссын арга барил нь түүнийг сүүлийн 30 гаруй жил 1990-ээд оны оросын рекетирүүдийн талаар шар сонингоос өөр юу ч уншдаггүй хүн байсан юмуу хэмээн гайхан шүүрс алдмаар ажээ. Оффист ороод даргыг нь зодох, захирал хулгайлж гарын үсэг зуруулах гэх мэт үйлдэл нь Бригада-д гардаг 1990-ээд оны үеийн улс орон ороо бусгаа, олон нийт хөл толгойгоо олохгүй асан цаг үед ашиглаж болох мэт гангстерын арга хэрэгсэл боловч энэ нь 2022 онд үнэмшихэд даанч хүндрэлтэй санагдана. “Юу гэж л ганцхан дарга таньдаг байгаад ийм олон ноцтой хэргийг хав дарчихав дээ”, “Хэдхэн нөхөр ингээд дураараа аашилж болдог энэ чөлөөт зах зээлд өөр гангстерын старт-ап компаниуд хаана үйл ажиллагаа явуулаад байна?”, “Интернэт гэж байдаг бол энэ гангстерууд ч нүүрээ нуух газаргүй болохн- Өө юу вэ яагаад хүмүүс интернэтийг мартчихваа?” гэх мэт 1990 онд үзэхэд бодогдохгүй байсан боловч 2000-аад оноос хойших үзэгч бүрийн аманд гарч ирэх асуултыг урьдчилан таглах хангалттай хариултуудыг “Нэхүүл” дэвшүүлж чадсангүй. Монгол киноноос өндөр хүлээлттэй байж яахав хэмээн энэрэнгүй сэтгэлээр алдааг умартаж, татагдах таалагдах шинжгүй дүрүүдийг оюун бодол дахь Instagram filter-ээр өөд нь татаж, өнөөгийн олон саарал ньюанстай эрээн нийгэмд логик нь авцалдахгүй үйл явдлыг нүдээ анин тэвчдэг хүмүүс бий. Заримдаа тэдний ч зөв байж болох. Харин ямар ч тохиолдолд зөвтгөн өмөөрч болшгүй зүйл нь киночдын мэргэжлийн бус байдал юм. “Нэхүүл”-ийн дундуур харагдах микрофоны үзүүр, агаараас авах зураг дотор дроны сүүдэртэйгээ мэлийх кино багийнхан, андашгүйгээр ухраагаад ашиглачихсан бичлэг гэх мэт хамгийн наад захын, уран сайхны кинонд байж болшгүй, мэргэжлийн бус алдаануудыг үзэгчид хүлээн зөвшөөрөх боломжгүй юм. Киночид маань энэ мэтээр аргацаасан, залхуу, хичээл зүтгэл дутмаг, үзэгчдэд хэрэгцээтэй үнэ цэнийг санал болгох чадамжгүй - “сэтгэлгүй” бол үзэгчид бидэнд мөнгө цагаа өгөх нэг ч шалтгаан үгүй. Яагаад гэвэл Монгол үзэгчид амьдрахад Монгол кино ямар ч шаардлагагүй, харин Монгол киночид оршин тогтнож “талхаа олох”-ийн тулд Монгол үзэгчиддээ таалагдах ёстой билээ. Учир нь 2022 онд үзэгчид бид дэлхийн шилдгийн шилдгүүдийн дэндүү олон, хямд, заримдаа бүр үнэгүй энтертаймент сонголтын дунд “живж” явна. Цөөн үгээр “Монгол кино ч дээ 😒” гэх таны бодлыг батлан лавшруулна уу гэхээс эергээр өөрчлөхгүй. Мөнгө цагаа буцааж авмаар байна уу? Тийм.",[],87.17165669,1ц 27м
2064,+17: Bad Angel,Кино,,2018,16+,1ц 30м,5.5,Б.Жаргалсайхан,Г.Анхбаяр,Г.Жанчив Б.Жаргалсайхан Б.Занабалдан Г.Лхагвацэрэн С.Лхагвасүрэн Г.Анхбаяр У.Цогтбаяр Д.Батбаяр Д.Гэрэлмаа,Оранж энтертэйнмент,90,1ц 30м
2065,Хөхөөний үүр,Кино,,2018,13+,,7.3,Б.Цогт-Эрдэнэ,Б.Цогт-Эрдэнэ С.Баярсайхан,Б.Цогт-Эрдэнэ С.Баярсайхан Р.Нандинцэцэг Ө.Мөнгөнтулга Э.Пүрэвжаргал,Кино цамхаг студи,87.17165669,1ц 27м
2066,Толбо,Кино,,2018,13+,,5.6,Э.Батхүү,,"Б.Барслхагва, Ц.Мичидмаа, Н.Мөнхсоёл, Д.Гүрсэд, Б.Эрдэнэчимэг, Э.Ууганбаяр, Ц.Ганбаяр, Э.Алдар, Д.Хосбаяр, Ш.Мөнхбаяр, Жүжигчид Б.Барслхагва Д.Гүрсэд Э.Батхүү Ц.Мичидмаа Б.Эрдэнэчимэг Н.Мөнхсоёл Э.Ууганбаяр Ц.Ганбаяр Э.Алдар Д.Хосбаяр Ш.Мөнхбаяр",[],87.17165669,1ц 27м
2068,Хүний цаана,Кино,,2018,13+,,7.5,Г.Даваазул,Г.Даваазул,"А.Энхжин, Г.Даваазул, С.Болормаа, Г.Золбоот, Л.Эрдэнэ-Очир, Б.Пүрэвдорж, Д.Дэлгэрсайхан, Ц.Номин, Жүжигчид Ц.Номин Г.Даваазул А.Энхжин Г.Золбоот Л.Эрдэнэ-Очир С.Болормаа Б.Пүрэвдорж Д.Дэлгэрсайхан",[],87.17165669,1ц 27м
2069,Нинжин сэтгэл,Кино,,2018,13+,,3.9,Ц.Хүсэлбаатар,Ц.Хүсэлбаатар,С.Өлзийхүү Ц.Төмөрхуяг Ц.Хүсэлбаатар Г.Отгонцэцэг Г.Золбоот Б.Одончимэг П.Шүүдэрцэцэг Г.Ганбат Х.Баярмаа Л.Эрдэнэ-Очир Ц.Алдармаа Г.Ариунгэрэл,Хас урлан фильм Рек рекордс Про интертайнмент Хаанаас үзэх вэ?,87.17165669,1ц 27м
2070,Гэрч,Кино,,2018,13+,1ц 40м,3,,,Б.Тайшир Б.Амарсайхан Т.Бархүү Б.Цэцэг Б.Гарамханд Б.Жаргалсайхан Б.Хулан П.Цэрэндагва Б.Янжиндулам С.Балданпүрэв Б.Баатархүү Г.Тэнүүн-Эрдэнэ У.Пүрэвжав,Оранж энтертэйнмент Ай Эф Ай продакшн (IFI Production),100,1ц 40м
2071,Том 6 толгой,Кино,,2018,Б,,5.4,,,Ц.Мичидмаа Б.Гэгээнсар,Бросис пикчерс,87.17165669,1ц 27м
2072,Ховор хүмүүс,Кино,Ховор хүмүүс МУСК,2018,Ангилал хийгдээгүй,,7,А.Мөнхсүх,Ц.Ганбат А.Мөнхсүх,"Б.Батмаа, С.Зоригтбаатар, Г.Равдан, Д.Энхтөмөр, Ш.Алтанцэцэг, Ш.Даваасамба, Жүжигчид С.Зоригтбаатар Г.Равдан А.Мөнхсүх Ц.Ганбат Б.Батмаа Д.Энхтөмөр Ш.Алтанцэцэг Ш.Даваасамба",[],87.17165669,1ц 27м
2076,Шөнө дундын яриа 2,Кино,,2018,13+,,7.4,О.Батзориг,О.Батзориг,О.Батзориг А.Гантулга Б.Баттогтох Б.Есүжин,Очир фильм студи Борн фильм студи,87.17165669,1ц 27м
2078,Хайр заримдаа,Кино,,2018,ЭЭХ,,6.6,Ц.Золжаргал,Ц.Золжаргал,Ц.Золжаргал Б.Буяндэлгэр Б.Энхсайхан Б.Энхтүвшин Б.Номин Б.Ариунчимэг,Бондоолой фильм,87.17165669,1ц 27м
2079,Торгуд ван,Кино,Торгууд ван УСК,2018,Ангилал хийгдээгүй,,7,Ж.Сэнгэдорж,,"О.Гэрэлсүх, Д.Халин, О.Долгор, А.Өнөржаргал, Жүжигчид Ж.Сэнгэдорж О.Гэрэлсүх О.Долгор Д.Халин А.Өнөржаргал",[],87.17165669,1ц 27м
2080,Boss of Boss,Кино,"Овгорын овгор МУСК, Boss of Boss МУСК",2019,ЭЭХ,,4.8,Д.Мөнхбат,Д.Мөнхбат,"Т.Мөнх-Эрдэнэ Д.Мөнхбат Ц.Цэрэнболд Д.Баттөмөр Т.Бархүү С.Батзориг С.Болд-Эрдэнэ Б.Батмаа Кино шүүмж Mungun “Боссын Босс” кино нь #МикроныБосс, #ПриусныБосс гэдэг хоёр киноны үргэлжлэл нь юм. Энхий хоёр анги нь огт сонирхол татаагүй учраас үзээгүй боловч, хүмүүст таалагддаг ямар нэг шинж чанар байгаа болоод гуравдугаар анги нь гарч байгаа харьцангуй амжилттай Монгол франчайзуудын нэг юм боловуу гэж бодоод энэ шинэ киног нь үзэхээр шийдэв. “Машинтай” жанрын кинонуудаас францын #Taxi, Америкийн #TheFastAndTheFurious цувралуудын зарим киног үзэж байсан бөгөөд, ижил ангиллын Монгол киног үзэх нь нэг талаасаа их сонирхолтой туршлага байлаа. Монгол киног Монгол кинотой харьцуулахыг чухалчилдаг ч, “Боссын Босс” дэлхийн хэмжээний “ах” нартайгаа эн зэрэгцэж байгаа зүйлс мэр сэр байсныг эхлээд яримаар санагдаж байна. Машины хөөцөлдөөнтэй хэсгүүдийн зураг авалт нь энэ киноны бусад Монгол кинонуудаас онцгой илүү хийж чадаж байгаа зүйл мөнөөсөө мөн бөгөөд, энэ тал дээр гадны кинотой харьцуулахад цар хүрээний хувьд л бага болохоос гүйцэтгэлийн хувьд бишгүй сайн санагдав. Давхиж байгаа машинуудыг авч байгаа камерын хөдөлгөөн, дэлгэц дотор харагдаж байгаа зүйлсийн зохиомж, яг эгзгийг нь тааруулж дүрс нь солигдож байгаа монтаж зэрэг зүйлс нь киноны эхлэл хэсэгт байсан Цагдаа нар Vs. Ачааны машин, дунд хавьцаа байсан Гол дүрүүд Vs. Сөрөг дүр гэсэн хоёр хэсгийг үнэхээр өнгөлсөн. Хэдэн сарын өмнөх #ОдБаГэгээМУСК-н зураг авалт Улаанбаатар хотыг яаж харуулах тал дээр миний хувьд их өндөр стандарт тогтоосон шиг, машины хөөцөлдөөнтэй хэсгийг Монгол кинонд сайн хийж болдог юм байна гэдгийг “Боссын Босс” дээр харснаас хойш дараа дараагийн машинтай Монгол кинонуудын ижил хэсгийг илүү өндөр хүлээлттэйгээр дүгнэх байх. Харамсалтай нь онцгой их таалагдсан боловч нийлээд л 3-4 минутын урттай дээр дурдсан хоёр хэсэг нь 90 орчим минутын урттай нийт киноныхоо гялайж гялтайх ганцхан зүйл нь юм шиг санагдсан. Зохиолд нь миний бодлоор хоёр том асуудал байна: 1. Үзэгчид юу болоод байгаагаа танилцуулах: Аливаа Монгол киноны №2 ч бай, №3-р ч бай үргэлжлэл ангиудыг хийхдээ өмнөх ангийг нь хүн үзсэн гэж тооцох нь туйлын өөдрөг хандлага юм шиг санагддаг юм. Youtube дээр байгаа дэлхийн хэмжээний цувралууд битгий хэл, Marvel-н кинонуудын бүх ангийг ч фэнүүд нь бүгдийг нь үзээд байдаггүй. Киногоо шууд өмнөх ангитай нь залгаж эхлэсэн нь над мэт франчайзыг шинээр сонирхож байгаа хүмүүс буюу зах зээлийн шинэ боломжийг хумигдуулсан буруу шийдвэр боловуу. 2. Дүрүүд: Ямар ч утгагүй үйлдэл шийдвэрүүдийг гаргадаг 2010-д оны сураггүй олон инээдмийн/гэмт хэргийн/романтик киноны ухаанд нь ухна ишиг үхсэн, сэтгэцийн эмнэлэгт нэн даруй карантийлах шаардлагатай дүрүүд 2019 онд ч амь бөхтэй хэвээрээ байна. Cool залуу (дуучин Gee), тарган залуу (хошин шогийн Батаа), эмо залуу (хошин шогийн Ишчүү) гурван найзууд мэт боловч хэн нь ч бусадтайгаа асуудлуудаа ярилцдаггүй, гурвуулангийнх нь эрх ашиг шууд хамааралтай асуудлууд дээр ямар ч тайлбар, оршилгүйгээр ганцаараа шийд гаргадаг. Гаргасан шийдвэрүүд нь ядаж байхад эрүүл хүний толгой мэдэж гаргахгүй үйлдлүүд. Ижил асуудлууд гол дүрүүдээс гадна туслах дүрүүд, бүр ганц сонирхолтой байсан сөрөг дүрд ч халдварласан. Гадны хүмүүс гол дүрүүдэд өс санах буюу туслаж байгаа нь ямар ч үндэслэлгүй, логикгүй, үнэмшилгүй. Зохиолын хоёр асуудлаас гадна харилцан яриа болон жүжиглэлтийн том асуудлууд “Боссын Босс” кинонд байлаа. Үйл явдалд хамгийн их оролцож байгаа, идэвхтэйгээр шийдвэрүүд гаргаж байгаа дүр нь тарган залуугийн дүр байсан бөгөөд, энэ дүрийн байгаа байдал нь 5-10 жилийн өмнөх хошин шогийн дүрүүдийн киногоо унагаасан, хэтрүүлэгтэй, хагас галзуу байдлыг санагдуулна. Тэр дүр инээдтэй биш, бүр өмнөөс нь ичиж зовмоор (cringe). Бусад дүрүүд ч яг адил, cool залуу cool хэвээрээ, эмо залуу эмо хэвээрээ, бүр дэлгэцээр гарч байхдаа 24/7 тамхичин эмэгтэйн дүр ч “тамхичин эмэгтэй” гэдгээсээ хэзээ ч давж, хүлээлтийг эвдэж, ялгарах зүйл хийдэггүй. Энэ дүрүүдийн харилцан ярианууд нь бичгийн байдалтай сонсогдох бөгөөд, кинонд зориулж бичээгүй юм шиг. Бас нэг дурдахгүй байхын аргагүй зүйл бол хоол. Кино зохиолын үүднээс үзэгчийн мэдэх ёстой элдвийн уйтгартай нэмэлт мэдээллүүд (exposition)-г өгөхдөө дүрүүд тэр тайлбар ярианыхаа хажуугаар өөр юм хийх “заль” байдаг талаар дурдагддаг. Game of Thrones-н чухал яриан дундуур шалдан хүүхнүүдийн давтамж нэмэгддэгээс эхлээд Шагдар #ГарынТаванХуруу дээр мод хагалж суухдаа салалтын талаар эхнэртээ хэлдэг нь үүний жишээ. Хоол идэж байгаа нь Холливудад ховор биш арга боловч энэ кинод нөгөө тамхичин хүүхний тамхи шиг дандаа л шахам дүрүүдийн аманд хоол үмхээтэй, яриан дундуур нь шалир шалир гэж сонсогдох нь нилээн ядаргаатай. Монгол киноны харилцан яриаг засах нэг гарц харин анзаарагдсан. Бас энэ жил гарсан #ТэнгэрээсБуусанОдМУСК-н Стив гэж Монголоор ярьдаггүй дүр байсан шиг, “Боссын Босс”-н үндсэн сөрөг дүр нь гадаад хүн бий. Аль аль кинонд гадаад дүрүүдийн текст нь бага, түүнийгээ дагаад нэгж үг бүр нь илүү жинтэй, чухал санагдахаар байсан. Жүжигчдээ Монгол үг цээжлэх учиртай гадаад хүмүүс юм гээд бодчихвол харилцан яриаг илүү цөөн үгэнд, үр дүнтэй бичээд байж болмоор, юу гэх гээд байгааг нь ойлгочихоод байхад хий хоосон дэмий ярианаас зайлсхийхээр юм шиг санагдсан. “Боссын Босс” дээр дурдмаар байгаа сүүлчийн асуудал нь энэ киноны төгсгөл. Эхний хэсгийн сонирхолтой хөөцөлдөөн зураг авалт байхгүй, гол дүрүүд ч, сөрөг дүрүүд ч үргэлжлэн ямар ч эрүүл хүний хийхгүй утгагүй шийдвэрүүд гаргана, тэр утгагүй шийдвэрүүдийнхээ хариуд хүнд золиос гаргаж байгааг нь хүлээж авах ямар ч боломжгүй. Дээр нь дараагийн ангийг хийхээр эхлүүлж дуусгасан нь харьцангуй сонирхолтой сөрөг дүр, зарим үед бараг л бахархмаар хийсэн байсан хөөцөлдөөнтэй хэсгүүдээ мартагдтал тун муу хаалтыг хийсэн. Дүгнэж хэлэхэд, “Боссын Босс” кино нь техникийн талаасаа онцгой сайжирч, бүр машины хөөцөлдөөнтэй хэсгийг бараг л бахархмаар хийж байгаа ч, эхнээсээ төгсгөл хүртлээ эмх цэгцтэй, амьдралд ойр хүмүүстэй, сонирхолтой зохиол дутаж; дүрүүд, харилцан яриа, эхлэл, өрнөл, төгсгөлөө сэтгэлд хоногшихоор харуулах найруулга сулхан байдаг бусад Монгол киноны түгээмэл шинж хадгалагдсан хэвээр байна. Мөнгөө буцааж авмаар байна уу? Үзсэн машины хөөцөлдөөнтэй хэсгүүддээ сэтгэл хангалуун байна. Гэхдээ 3-4 минутын л харах мэдрэмжинд гоё хэсгийн төлөө билетийн үнэ төлөх эсэх нь эргэлзээтэй. TL;DR/Хураангуй хувилбар Эрүүл биш, үнэмшилтэй биш шийдвэр гаргадаг дүрүүд, огт сонирхолтой биш хошин шогийн/театрын байдалтай жүжиглэлт. Гэхдээ Монголд өөр кинон дээр хараахан харагдахгүй байгаа тун дажгүй гүйцэтгэлтэй машины хөөцөлдөөнтэй ганц хоёр хэсэгтэй. + Үнэхээр дажгүй зураг авалт, монтажтай ганц хоёр хөөцөлдөөнтэй хэсэг + Нүдэнд барагтай анзаарагддаггүй компьютер график хэрэглээ (CGI) + Ерөнхийдөө дажгүй зураг авалт + Сонирхолтой сөрөг дүр - Гол, туслах, сөрөг дүрүүдийн ямар ч учир зүйн хамааралгүй шийдвэрүүдээс хамааралтай киноны үйл явдал - Инээдтэй ч биш, сонирхолтой ч биш хөндий хоосон дүрүүд - Шинэ жилийн хошин шогийн түвшний ичиж зовмоор (cringy) жүжиглэлт - Шалир шалир – зохиолоо тайлбарладаг хэсгүүд голчлон идэх юмны дуу шуугиантай - Харилцан ярианууд нь 100% шууд утгатай бөгөөд, яриа шиг ч сонсогддоггүй - Хэтэрхий их тамхи - Тааруухан төгсгөл 2024-05-29 14:25:00 Дэлгэрэнгүй",Тэлмэн фильм Хаанаас үзэх вэ?,87.17165669,1ц 27м
2081,Hi Honey,Кино,,2019,13+,,4.9,О.Базаррагчаа,,Б.Билгүүн О.Базаррагчаа Б.Батмаа Т.Билэгжаргал У.Цогтбаяр,Блек зебра Нэгүн студи Хаанаас үзэх вэ?,87.17165669,1ц 27м
2082,Асрагч аав,Кино,,2018,ЭЭХ,,6.8,Ц.Амартүвшин,Д.Хүрэлхүү,Д.Хүрэлхүү Ц.Амартүвшин Х.Сүрэн Г.Нарансолонго М.Аззаяа Ө.Мөнх-Эрдэнэ Р.Отгонбаяр Р.Нандинцэцэг Х.Манлайбаатар У.Хүслэн Г.Лхагвацэрэн Д.Энхбаяр,Ф студи Насу фильм Хаанаас үзэх вэ?,87.17165669,1ц 27м
2083,"Хоёрдугаарт, нударгаар асуудлыг шийдэх, газар орон, онц цагийн өчүүхэн ялгаагаар эрэмбэ зиндаа тогтоох “атаман соёл”-ын элементүүд 1990 оны хуучин нийгэмдээ хоцорч үлдэх ёстой үе нь өнгөрсөн бурангуй сэтгэлгээ мэт. Хаанахын хэн гээч нь, ямар танхай зодоонч байх нь Африкийн сураггүй ширэнгийн нэгэн өчүүхэн модны хамгийн хүчтэй шоргоолж байхын адил явцуу бөгөөд утга учиргүй бахархал гэлтэй. “Цахиур” Төмөрийн үе нь өнгөрсөн үлгэрийг шүтсэн “Итгэлт Баян”-ы Хонгор хүү ч цусан төлөөст унадаг. Учир нь шинэ үеийн залууст тулгарч буй хамгийн том сорилт нь Улаанбаатарын нэг гудамны эрхэлсэн ажилгүй хулигааны орон тоог мөрөөдөх бус, амар амгалан, элбэг тайван амьдралын төлөө Хятад, Солонгос, Америк, Европ гэх жинхэнэ “атаман”-уудтай боловсрол мэдлэг, арга ухаанаар, ажил бүтээлээр дэлхийн хэмжээнд өрсөлдөх билээ.","Түүнд хэрэгтэй дэвшилтэт сэтгэлгээ, үүнд шаардлагатай эв нэгдлийг нударгаар асуудлаа шийдвэрлэх залуус, хүчирхийллээр хүслээ тулгах “ах” нарыг өхөөрдөн харуулах “37-р Точка” өгч чадах болов уу? Дүгнэж хэлэхэд “37-р Точка” нь мартагдам яриа, зарим үед “явж өгдөггүй” үйл явдлын хэмнэл, үнэмшихэд хүндрэлтэй логикийн гаргалгаа, хүчилсэн “мессеж” зэрэгорчин үеийн Монгол кинонытүгээмэл алдааг давтдаг","TL;DR/Хураангуй хувилбар, Мөнгөө буцааж авмаар байна уу?, + Бүтээлч зураг авалт, + Жигд өнгө шүүлт, - Сул нэгдүгээр анги (pilot), - Сул харилцан яриа, - Дууны чанар (sound mixing), Дэлгэрэнгүй",Гэвч дотоодын кинонд урьд өмнө нь төдийлөн харагдаж байгаагүй хийц чанарынх төлөө энэхүү цувралд боломж олгож хэдэн ангийг нь үзэхэд болохгүй зүйлгүй ажээ,Найруулагч Б,Тамир-н өөр ямар бүтээлийг үзэж байсан бэ? + #МашНууц (2015): Цэргийн ангид бослого хийж байгаа социализмын үеийн цэргүүдийн талаар зугаатай кино,8.9,Б.Тамир,Б.Тамир А.Баттүшиг,"О.Цэгмэд З.Хангал А.Баттүшиг Б.Тамир Э.Батнямбуу М.Баярбат С.Сарантуяа Р.Эрхэмбүрэн Б.Номин Б.Барслхагва Б.Ганчулуун Ц.Номин Т.Төгөлдөр Ц.Төмөрхуяг Ж.Амарзаяа Э.Одбаяр Д.Хулан У.Уянга Р.Отгонбаяр Э.Алдар Ж.Алтаншагай Кино шүүмж Mungun Netflix, HBO, Amazon, Disney манлайтай “азарганы ноцолдоо”-ны дүнд монголчууд бид дэлхийн шилдэг контентийг хэнээс ч хоцролгүй, гэрээсээ ч гаралгүй хүлээн авч үзэх боломжтой болсон. Гэвч сонирхолтой олон цувралыг үзэж дуусгах нь битгий хэл нэрийг нь ч тогтоож амжилгүй өнгөрөөх өрсөлдөөнтэй энэ үед хамгийн сүүлд Монголын ямар олон ангитыг үзсэнээ сэргээн санав. Өсвөр насныхны талаар “Хэцүү анги” (2009), цэрэг татлагын “реклам” болох “Тусгай салаа” (2010) зэрэг арваад жилийн өмнөх нэрс л санаанд буух ажээ... Өөрөөр хэлбэл нийтийн анхаарлыг татсан цуврал кино гаралгүй тун уджээ. Тиймээс театрууд хаалгаа барьсан энэ “завшаан”-ыг ашиглаж “37-р Точка” нэртэй шинэ цуврал гарсны эхний бүлэг (~10 цаг)-г үзэж, төрсөн сэтгэгдлээ хуваалцахаар шийдлээ. “37-р Точка” нь 1980-аад оны Улаанбаатарын “атаман”-уудын ертөнц, улс төрийн далд хуйвалдааны дунд өөрсдийн байр суурийг олохоор тэмцэж буй хөдөө орон нутгийн хэсэг залуусын талаар өгүүлэх гэмт хэрэг, драм жанрын цуврал юм. “Анхны болзооны зорилго бол шохоорхож буй бүсгүйдээ хоёр дахь болзоог зөвшөөрөх хэмжээнд таалагдах. Харин хоёр дахь нь гурав дахийг зөвшөөрүүлэх… Яг энэ зарчим уран сайхны киног ч амжилттай болгодог. Киноны хором бүр дараагийн минутыг үзэх хүслийг өдөөж байх учиртай” хэмээн ярьсан нэгэн кино зохиолчийн үгс хэчнээн үнэн болох нь “37-р Точка”-ийн эхний ангийг үзэж суухад санаанд буув. Учир нь миний хувьд уг цувралыг “анхны болзоо” буюу тэргүүн ангиар нь дүгнэвэл түүнтэй хоёр дахиа “уулзах” сэдэл төдийлөн төрөхгүй ажээ. Ямар ч олон ангит киноны хувьд тэргүүн анги (pilot) нь үзэгч тухайн цувралыг цаашид үргэлжлүүлэх эсэхээ шийддэг чухал даваа билээ. Алс умардаас нөмрөх нууцлаг харанхуйн хүч, ноёд хатдын ичгүүр сонжуургүй хоржооныг +18 хачиртай нь нүд бүлтийтэл дэлгэх “Game of Thrones” (2011-2019), хорт хавдрын гэнэтийн сэрүүлгээр гэр бүлийнхээ төлөө арван жилийн багшийн ажлаа орхиж аргагүйн эрхэнд хар тамхины ертөнцөд хөл тавьж буй хижээл насны шазруун эрийг танилцуулдаг “Breaking Bad” (2008-2013), бөмбөрцөг дахин ямар гээч аймшигт аюултай тулах болсныг газар дээрээс нь тодхон харуулах “Chernobyl” (2019) биднийг “анхны болзоо”-гоороо л “уургалсан” гэдэгтэй олон үзэгч санал нийлэх болов уу. “37-р Точка” эхний ангиараа бодит мэт уур амьсгал, хийц чанараа бахархалтайгаар батлан харуулах боловч миний хувьд дүрүүд болон зөрчил драм нь анхаарал болоод сэтгэл татам байж чадсангүй. Магадгүй гол дүрүүдийн эрийн цээнд хүрсэн үеийн амьдралыг харуулах хоёрдугаар ангиас үйл явдал эхэлж, үзэгчид 1980-аад оны Улаанбаатарыг хамгийн түрүүнд харахын зэрэгцээ, зарим зүйлийг нууц хэвээр үлдээх буюу нэмэлт мэдээллийг үйл явдлын дундуур тунг нь тааруулан бага багаар дэлгэсэн бол үзэхэд илүү сонирхолтой (engaging) байх байлаа. Харин цувралын хамгийн онцлууштай, үлгэр жишээ зүйл нь хийц (production design) болон зураг авалт ажээ. Хүмүүсийн эд хогшил, өмсөх зүүх, ажиллаж амьдрах газарт өө хайж гоочлох зүйл төдийлөн анзаарагдсангүй. Газар орныг илэрхийлэх зураг авалтад (establishing shot) приус машин, вакуум цонх, сүүлийн үеийн барилгууд зурвас үзэгдэх ч тэр нь цувралын уур амьсгал, үнэмшил (suspension of disbelief)-ийг сүйтгэх хэмжээнд биш байв. Мөн компьютер графикийг хүүхэлдэйн кино шиг харагдтал хэтрүүлээгүй нь Монгол кинонд ховор ажиглагддаг сахилга бат байлаа. Хэдий социализмын үеийн Улаанбаатарын зураглал хүсч байсан хэмжээнд тэгтлээ хүрээгүй ч уг хотод хүмүүс амьдарч аж төрдөг гэдгийг хангалттай үзүүлж чаджээ. Жишээ нь ганц минут ч хүрэхгүй хэсэгт зориулж Дуурь бүжгийн эрдмийн театрын гаднах орчинг хувирган ашигласан нь зураг авалтыг уран бүтээлчид “халтуурдаагүйн” илрэл юм. Монголын “түүхэн” гэх теле зохиомж, бүрэн хэмжээний киног баригдмал, бачимдмаар бас уйтгартай харагдуулдаг цөөхөн умгар байшин, студийн хэт үнэмшилгүй тавилт, “модон” зураг авалт “37-р Точка”-д барагтай харагдаагүйд баяртай байлаа. Товчхондоо, энэхүү цуврал нь чадварлаг зураг авалт, олон тооны арын жүжигчин (extras), хийц чанар (production design)-аараа үнэмшилтэй түүхэн газрыг бүтээж чаджээ. “37-р Точка” нь олон ангит кино тул түүнд олон дүр байх бөгөөд үйл явдал үргэлжлэх тусам тэдний тоо өсөн нэмэгддэг. Харамсалтай нь тэдгээр олны дунд жүжигчний чадвар дутах эсвэл дүрийн хэрэгцээ шаардлага ойлгогдохгүй байх асуудал ажиглагдаж байв. Мөн Монгол киноны “өнөө л” Буддад сургаж, Есүст үлгэрлэвэл зохилтой элбэрэлт эх, 24/7 төрийн төмөр нүүрт диктатурт эцэг, харь гарагийн вакум орчинд өссөн гэмээр цайлган гэнэн нь хэтийдсэн 18 наст охин, “явдалтай” хүүхэн, төлөв түвшин сайн санаат ах, хэрэг тарьж явдаг дүү, цээжээ дэлдэх залуус гэх мэт дүрүүд уг цувралд багтжээ. Тэдний заримыг үзэхэд шинэ зүйлгүй, залхмаар байсан ч зарим дүрийг дотроо зөрчилтэй, олон талт байдлаар бүтээх оролдлого хийсэн нь сонирхолтой бөгөөд магтууштай санагдсав. Харин миний хувьд энэ цувралын хамгийн том сул тал нь харилцан яриа байлаа. Хэтрүүлэн хэлэхэд “5 настнуудын нууцлаг ертөнц” (Mongol HD)-ийн жаалууд ч “37-р Точка”-ийн ах эгч нараасаа илүү хоржоонтой, нэгийг бодогдуулам бас сэтгэлд үлдэм зүйлийг хэлэлцэх мэт. Эхэнд дурдсан “Game of Thrones”, “Chernobyl” гэх мэт цувралын даацтай, далд хатгаатай, сэтгэлд хоногшим, нэгийг бодогдуулж хоёрыг сануулах, шатрын нүүдэл мэт уран нарийн харилцан яриаг “37-р Точка”-ийн дүрүүдийн амнаас унах үгстэй харьцуулахад тэнгэр газар адил заагтай ажээ. Мэдээж дэлхийн стандартыг хөгжиж буй орны өчүүхэн зах зээлд зориулан гаргаж буй киноноос хүсэх нь өгөөжтэй харьцуулалт болохгүй. Гэвч санаанд үлдэх зүйлгүй шальдар булдар үгс, утга санааг нь ухаарчхаад байхад үргэлжлээд л байдаг залхмаар нуршуу харилцаа нь үйл явдлыг хэмнэлгүй, дүрүүдийг мартагдам болгохын зэрэгцээ чухал түлхүүр хэсгүүдийн “хүч”-ийг унагаажээ. Үлбэгэр харилцан яриа нь кино үзэхдээ хүүхэдтэй ноцолдох, гэр цэвэрлэх, хоол хийх, утсаа оролдох эсвэл зурагтаа асаалттай унтах зэрэг үйлийг хийдэг үзэгчдэд асуудал биш боловч “37-р Точка”-ийн үг яриа нь гайхалтай харагдах хийцээ “гомдмоор” хэмжээнд хөсөрдүүлжээ. Дүрүүдийн үзэл санаа болоод оюун бодлыг илэрхийлж, үзэгчдийг ч “хатгадаг” яруу үгс нь аливаа киног “сонгодог” болгож, дахин үзэх хүслийг ч өдөөдөг болов уу. “37-р Точка”-ийн өөр нэгэн асуудал нь түүний үйл явдлын хэмнэл байв. Нэгж хэсэг төдийгүй нэг бүтэн анги нь ерөнхий үйл явдлынхаа түрлэгт ямар хүч нөлөө үзүүлж байгааг ялган хэлэх боломж байсангүй. Цуврал кино анги тутамдаа, уран сайхны киноны хэсэг бүртээ нэг нууц, нэг түлхүүр, нэг асуулт, нэг хариултыг өгч байхдаа “амттай” байдаг мэт санагддаг. Харамсалтай нь “37-р Точка” нь эдгээр зүйлийг хийх ёстой цаг хугацаагаа тийм ч үр бүтээлтэй ашигладаггүй тул үйл явдлын дунд гарах том өөрчлөлт, чухал шийдвэр нь логикийн хувьд ойлгомжгүй гаргалгаа, гэнэтийн “далий” үсрэлт мэт бууж байв. Цувралын хийц чанар давгүй, зарим хэсэг нь зугаатай бөгөөд сонирхолтой байвч санаа зовоосон хоёр бодол надад төрсөн юм. Тэдгээр нь үндсэндээ “37-р Точка”-ийн “мессеж”-тэй холбоотой зүйлс бөгөөд нэг нь “түүхэн өгүүлэмж” нөгөө нь “атаман соёл” байлаа. Нэгдүгээрт, түүхийг уран сайхны киногоор дүрслэх нь үнэн бол уран биш, уран бол үнэн биш болдог ээдрээтэй асуудал билээ. “Band of Brothers”, “Chernobyl”, “Rome”, “The Crown”, “Marco Polo” гэх мэт түүхэн явдлыг хүндлэлтэй дүрсэлснээс эхлээд баримтыг ичгүүргүй гуйвуулсан цөөнгүй цувралыг бид мэднэ. 2020 оны Оскарт дэвшсэн киног үзэхэд ч түүхэн кино бодит үнэнээс зөрсөн байсан нь цөөнгүй. Харин “37-р Точка”-н хувьд түүний дүрүүд 1990 оны ардчилсан хувьсгалд шууд болон шууд бус байдлаар оролцдог бөгөөд тэдний хэчнээн нь үнэн, хэд нь хэн нэгний зохиосон “фантааз” болохыг ялгах аргагүй мэт. “Хуурамч мэдээ”-ний ухуулга, ээлжит сонгууль, үзэл суртал, гурвалжин дөрвөлжин ашиг сонирхлын мөргөлдөөн дундуран бүтээлчид хэрхэн үнэнийг өгүүлж, үзэгчид хэрхэн өөрийгөө хамгаалах хэрэгтэй бол? Хоёрдугаарт, нударгаар асуудлыг шийдэх, газар орон, онц цагийн өчүүхэн ялгаагаар эрэмбэ зиндаа тогтоох “атаман соёл”-ын элементүүд 1990 оны хуучин нийгэмдээ хоцорч үлдэх ёстой үе нь өнгөрсөн бурангуй сэтгэлгээ мэт. Хаанахын хэн гээч нь, ямар танхай зодоонч байх нь Африкийн сураггүй ширэнгийн нэгэн өчүүхэн модны хамгийн хүчтэй шоргоолж байхын адил явцуу бөгөөд утга учиргүй бахархал гэлтэй. “Цахиур” Төмөрийн үе нь өнгөрсөн үлгэрийг шүтсэн “Итгэлт Баян”-ы Хонгор хүү ч цусан төлөөст унадаг. Учир нь шинэ үеийн залууст тулгарч буй хамгийн том сорилт нь Улаанбаатарын нэг гудамны эрхэлсэн ажилгүй хулигааны орон тоог мөрөөдөх бус, амар амгалан, элбэг тайван амьдралын төлөө Хятад, Солонгос, Америк, Европ гэх жинхэнэ “атаман”-уудтай боловсрол мэдлэг, арга ухаанаар, ажил бүтээлээр дэлхийн хэмжээнд өрсөлдөх билээ. Түүнд хэрэгтэй дэвшилтэт сэтгэлгээ, үүнд шаардлагатай эв нэгдлийг нударгаар асуудлаа шийдвэрлэх залуус, хүчирхийллээр хүслээ тулгах “ах” нарыг өхөөрдөн харуулах “37-р Точка” өгч чадах болов уу? Дүгнэж хэлэхэд “37-р Точка” нь мартагдам яриа, зарим үед “явж өгдөггүй” үйл явдлын хэмнэл, үнэмшихэд хүндрэлтэй логикийн гаргалгаа, хүчилсэн “мессеж” зэрэгорчин үеийн Монгол кинонытүгээмэл алдааг давтдаг. Гэвч дотоодын кинонд урьд өмнө нь төдийлөн харагдаж байгаагүй хийц чанарынх төлөө энэхүү цувралд боломж олгож хэдэн ангийг нь үзэхэд болохгүй зүйлгүй ажээ. Найруулагч Б.Тамир-н өөр ямар бүтээлийг үзэж байсан бэ? + #МашНууц (2015): Цэргийн ангид бослого хийж байгаа социализмын үеийн цэргүүдийн талаар зугаатай кино. Жаахан сунжруу боловч нэг удаа үзэхэд боломжийн. Киноны рекламын зураг ямар санагдсан бэ? Хувцас загварын каталог шиг “Аан” гээд л өнгөрөхөөр онцлох зүйлгүй постер. Зургийн зохиомж, агууламжаас сэтгэл хөдлөл өдөөх сонирхолтой зүйл олж харсангүй. TL;DR/Хураангуй хувилбар Өгөөжтэй зүйлгүй, түүхийн хувьд эргэлзээтэй утга агуулга нь үнэмшилтэй сайн хийц чанар, бүтээлч зураг авалтаа хөсөрдүүлсэн. 10 ангийг угсруулж үзэхэд анх бодож байснаас илүү таалагдсан ч дараагийн бүлгийг эхлүүлэх хэмжээний сонирхол төрөөгүй. Долоо хоногоор хүлээж үзнэ гэвэл амархан уйдна. Мөнгөө буцааж авмаар байна уу? Хийц чанарынх нь төлөө мөнгөө өгмөөр. Гэвч агуулга өгүүлэмж нь сайжрах болов уу? + Хийц чанар (production design) + Бүтээлч зураг авалт + Боломжийн жүжиглэлттэй туслах дүрүүд + Үзэхэд зугаатай монтаж хэсгүүд + Жигд өнгө шүүлт - Сул нэгдүгээр анги (pilot) - Үнэн худал нь үл ялгагдах “түүхэн” өгүүлэмж - Зорилго чиглэл нь ойлгомжгүй гол дүрүүд (motivation) - Үе нь өнгөрсөн “Атаман соёл”-ын ньюансгүй дүрслэл (fetishism) - Нийт цувралын болон нэгж анги тус бүрийн үйл явдлын хэмнэл муу (pacing) - Чухал өөрчлөлтийг хүчээр бий болгох үнэмшилгүй логикийн үсрэлтүүд - Анхаарал татам адармаа, дэлгэцэд “уях” зөрчил үгүй өгүүлэмж - 2000-аад оны Солонгос киноны “атаман”-ууд болон хайр дурлал - Сул харилцан яриа - Алдаг оног жүжиглэлтийн чанар - Дууны чанар (sound mixing) 2024-06-03 11:48:26 Дэлгэрэнгүй",Ред пойнт медиа Үнэт продакшн,87.17165669,1ц 27м
2084,Шилжилт 2,Кино,,2018,13+,,7.2,Б.Нямдаваа,Б.Нямдаваа,М.Бат-Эрин Б.Нямдаваа Д.Баттогтох А.Отгонтөгс Д.Бямбадорж,НД фильм (ND Film),87.17165669,1ц 27м
2085,100 жилийн эморол,Кино,,2019,ЭЭХ,,3.3,Ц.Амартүвшин,Ц.Амартүвшин Г.Жанчив,"Г.Жанчив О.Тэмүүжин Ц.Амартүвшин Д.Бямбацогт Б.Жамъяндорж Б.Чинсанаа Ч.Очгэрэл А.Туяа С.Батзориг Ж.Мөнхсайхан Р.Сүхболд Б.Мишээл Кино шүүмж Mungun Хошин шог үзэх гоё байсан. 10 жилд байхад аав ээж, дүү, найзуудтай үзнэ. Нэг оройн их хөөрхөн энтертаймент болно. Инээдэм, дуунууд, өгүүлэмж драмыг нь гарч ирээд л ярилцана. Хэдэн сардаа л хэллэгүүдийг нь өдөр тутмын яриандаа ашиглаж дахин дахин хөгжилдөнө. Гэхдээ хошин шог маань амьдралыг харах сонирхолтой шинэ өнцөг, нийгмийн сэргэлэн шүүмжлэл байдаг үе хол хоцорч, нийтийн соёлын ул болж, 2000д оны оргил үеийнхээ эмгэнэлтэй элэглэл (sad parody) болж хувирчээ. Үе нь халагдсан яг л тэр тайзны хошин шогийн сэтгэлгээнээс хийгдэж байгаа кинонуудад одоогийн бидний дасал болсон гадна дотны кинонуудаас хоцорч байгаа зүйлс олон байна. “100 Жилийн Эморол“ нь хараал хүрч, ардын хувьсгалаас одоо үеийг хүртэл 100 гаруй жил амьдарч, эр дэвэн дэлхийгээр хэсч яваад Монголд эргэн ирж буй үүрд мөнхийн ~30 настай залуу (хошин шогийн Тэмка)-гийн талаар инээдэм/драм кино юм. Киноны үүдэл санаа нь их олон сонирхолтой бодлыг төрүүлнэ. Одоогийн бидний хар барааныг нь танихгүйгээс хэт романтиклаж боддог социалист Монголыг зах зээлийн үеийн одоогийн амьдралтай харьцуулсан зөрчил гарах боловуу? Улсын Наадмаар 21 ширхэг, сонгуулиар 3 ширхэг бүгд найрамдах улс болчих гээд байдаг бидний балар эртний овгийн хүнээс ялгаагүй (tribal) хандлагад 100 жил дэлхийгээр хэрэн хэссэн хүний уужуу ухаанаас чулуу шиг үгс унах боловуу? Эсвэл зүгээр хийсэн зүйлийнхээ арыг дааж, хүн хүнээ хайрлаж, нэгнээ гэх сэтгэл байх ёстойг 100 жил оройтож сурж байгаа нэгэн эрийн талаар сонирхолтой түүх байх боловуу? Бидэнтэй адил хүмүүсийг туршилтын туулай болгож, амьдралын зөв бурууг үзүүлж, дөрвөн хана дөрвөн уулын цаадах сонин хачинд амсуулдаг кино урлагийн зориг, ид шид, тэмүүлэл “100 Жилийн Эморол” кинонд байсангүй. Харин ямар нэг зүйлтэй зүйрлэвэл сүүлийн хэдэн жил Наадам, Цагаан сараар видео сангуудад ордог, инээлгэхээсээ ярвайлгах (cringe) нь элбэг хошин шогийн бичлэгүүд л бодогдож байна. Хошин шогийн таалагдахаа больсон их олон зүйлс энэ кинонд бий. “Би энд ажлаа хийж байна” амны уншлагатай цагдаа, шалчиганасан эмч, ~30 насны зорилгогүй шигээ хэнэггүй залуу, шуналтай жижигхэн эсвэл махлаг нөхөр, ямар нэг гүн бухимдалтай эцэг, хартай найз залуу, костюм эсвэл сүртэй сахалтай бие хамгаалагч дагуул эрчүүд, хайргүй боловч хөрөнгө чинээтэй найз залуутай бүсгүй бас секс-обьект бүсгүй зэрэг нь Монгол кинонд цөөнгүй хэдэн жил болж байх шиг санагдана. Жинхэнэ хүмүүсээс илүүтэй хэтрүүлэг дүүрэн хадны сүг зургууд шиг энэ дүрүүд нөгөө түгээмэл хэрэлдэж хашхичих хэлбэрийн андуурч будилсан голцуу яриагаараа бодож хийж, хүсч, зорьж байгаа хамаг далан булчирхайгаа тоочих нь Facebook/Youtube-н ээлжит vlogger шиг хэрэгцээтэй сонин зүйл хомс, сэтгэл дутмаг, эмх цэгцгүй, бас алгасаад дараагийн зүйлийг үзмээр уйтгартай санагдана. Үйл явдал нь “Жонон Ба Гоо үзэсгэлэнгийн Монгол хувилбар”, “Түмэн хэл мэддэг музейн тайлбарлагч”, “Монголын одоогийн амьдралаас тасарсан монгол хүн”, “Учир битүүлэг шалтгаанаар дээрэмчдээс зугтааж байгаа сэргэлэн пацаан” гэх мэт 5-6 хошин шогийн үзэгдлийг нэг кино болгоод наачихсан юм шиг. Наачихсан юм шиг гэдэг нь дүрүүдийн хийж байгаа юм, гол дүрүүдэд нөлөөлж байгаа тэр гадны дүр, хүчин зүйлүүд нь уйлдаа хамаарал гэх зүйл үгүй. Ямар ч кино амьдрал шиг логиктой байдаггүй, байх ч шаардлагагүй боловч, кино өөрийн дотрох логик нь үзэж байгаа хүндээ ойлгомжтой, жигд, эвдэгддэггүй байвал илүү амжилттай байдаг юм шиг санагддаг. Яагаад болоод, эсвэл болохгүй байгаа нь тун бүрхэг, ойлгомжгүй үйл явдлууд, дүрүүдийн шийдвэрүүд энэ кинонд тоохгүй өнгөрөөж орхихын аргагүй олон байлаа. Аливаа кинонд нэгээс дээш тооны эмэгтэй дүрүүд хоорондоо ярьж байгаа эсэх, тэр ярианы сэдэв нь эрэгтэйчүүдээс өөр зүйл байсан эсэхийн (Bechdel test) бодоход сонирхолтой шалгуурын талаар саяхан мэдэж авсан юм. Эмэгтэй дүрүүдийн арчаагүй, эсвэл махнаас цаашгүйгээр үзүүлдэг муйхар байдал нь энэ киноны дүрүүдэд байгаа олон асуудлын зөвхөн нэг нь. Уг нь энэ дүрүүдийн эерэг болон сөрөг харилцан үйлчлэл киноны оргил цэгт хүргэх, дүрүүдийн яриа хөөрөө дээр дурдсан улиг болсон харилцаанаас давдаггүй, киноны оргил хэсэг, гол зангилаа ч сонирхол татам биш байсан нь энэ кино миний хувьд тийм ч онц сэтгэгдэл үлдээгээгүй үндсэн шалтгаан байв. Жүжигчид, инженер техникийн ажилчид гээд кино багийнхан өгөгдсөн зүйл дээрээ хамгийн сайнаараа л хичээж ажилласан байх. Гэхдээ хамгийн гол цөм зүйл болох зохиол нь ямар нэгэн зохион байгуулалтгүй юм шиг санагдсан нь бусад бүх хүний хөдөлмөрийг ийнхүү унагаж байгаа нь туйлын харамсалтай. Киноны эхлэлийн А цэгээс, төгсгөлийн Я цэгт хүргэж байгаа зүйлс хоорондоо үзэл санаа, өгүүлэмж зохиомжийн ямар нэгэн эмх цэгцгүй бөгөөд, төгсгөл нь хүртэл эхлэлтэйгээ огт хамааралгүй гэмээр. Уг нь ~130 настай хүн хараалгуулсан яажшуухан амьдарч, “хичээл”-ээ хэрхэн сурч, илүү дээр хүн, эсвэл бүр адгийн чөтгөр болж дуусч байгааг үзсэн бол сэтгэл ханачих байсан юмсан. TL;DR/Хураангуй хувилбар Одоо болтол хошин шогийн билетэнд мөнгө зарцуулдаг бол хоёр гурван инээтэй хэсэг таарах л байх. Сонирхолтой үүдэл санаатай ч, видео санд яах гэж мөнгө төвөл дөө гэж баярын өдөр гэр бүлийнхэнтэйгээ муудалцахад хүргэдэг нөгөө хошин шогийн маруухан зохиомжуудаас дээр зүйл бараг байсангүй. Мөнгөө буцааж авмаар байна уу? Миний хувьд хүнд сонирхуулмаар онц юм үзсэнгүй. Сэтгэгдлээ бичээд сууж байхад ихэнх юмыг нь мартаад эхэлсэн байна. + Сонирхолтой байж болохоор үүдэл санаа (premise) - Авцалдаа холбоо муутай үйл явдлууд - Сэтгэл хөдлөл өдөөдөггүй зохиолын эргэлт, зангилаанууд - Хошин шогийн зохиомжийн маягийн жүжиглэлтүүд - Сонирхолтой биш, үнэмшилгүй дүрүүд - Маш сул эмэгтэй дүрүүд - Уйтгартай харилцан яриа - Их онцгүй яриатай хүүхдийн дүр - Хошигнох ядруухан оролдлогууд - Хэтэрхий их хөгжим ашиглалт - Үзэх сонирхол огт төрүүлдэггүй рекламны зураг (poster 2024-06-03 10:47:36 Дэлгэрэнгүй",Ф студи Рек рекордс,87.17165669,1ц 27м
2086,Single Ladies 4: Эхлэл ба төгсгөл,Кино,,2020,ЭЭХ,,1.9,Л.Бат-Амгалан,Э.undefined,"Г.Ундармаа О.Дөлгөөн Л.Бат-Амгалан Э.undefined А.Туяа Б.Ариунхишиг П.Эрдэнэзаан Э.Зүнжээ С.Хүслэн М.Наранбаатар Кино шүүмж Mungun Гурван бүсгүйн амьдралыг өгүүлэх романтик инээдмийн “#SingleLadies” цуврал нь 2010-аад оны Монгол киноны хамгийн “сэтгэлд өег” франчайзын нэг гэдэгтэй олон үзэгч санал нийлэх болов уу. Мөрөөрөө л хичээж яваа бүсгүйн сэтгэлд ойр хоржоонт амьдралыг өгүүлэх “Бриджет Жонсын Өдрийн Тэмдэглэл” (#BridgetJonessDiary, 2001), гэнэхэн найзуудын гэнэтийн эргэлттэй хайр шохоорхлын паянг дэлгэх “Америк Бялуу” (#AmericanPie, 1999), гэр бүл, дотно харилцааны “дүрэм” өөрчлөгдсөн орчин цагийн нийгэмд эмэгтэйчүүдэд тулгарч буй шинэ сорилтыг хөндсөн “Их Хотын Секс” (#SexandtheCity, 1998-2004) зэрэг бидний хэзээний танил амжилттай франчайзын утга агуулга, үзэл санааг Монголын “Single Ladies” франчайз тун эвтэйхнээр “өөрийн хөрсөнд” буулгаж, олон кино сонирхогчийг байлдан дагуулсан билээ. Миний хувьд “Single Ladies”-ийн хамгийн дуртай анги нь 2013 онд гарсан анхны кино юм. Хэдий уг кино романтик инээдмийн “хөөрхөн” өгүүлэмжээ гэмт хэргийн триллер жанртай цочиж гайхтал шарвуулан мөргөлдүүлдэг боловч таньдаг хүн шиг санагдах “амьдралтай” дүрүүд, жинхэнэ харилцааны бодит асуудлууд, уйтгар гуниг, итгэл найдварыг хослуулан тээсэн өөдрөг өгүүлэмж нь “Single Ladies”-ийг үзүүштэй Монгол инээдмийн киноны нэг болгосон мэт санагддаг билээ. Гэвч аливаа зүйлийн анхдагч нь чамгүй анхаарал татаж, багагүй амжилт олоход түүний удаах “дүү” нар нь олны дэмжлэг хайрыг үргэлжлүүлэн татахын тулд илүү өндөр босгыг давах шаардлагатай болдог нь кино франчайзд ч үйлчилдэг хатуу жам болов уу. Харамсалтай нь дотно найзуудын анхны хөгтэй уулзалтаар сэдэвлэсэн боловч өмнөх ангийнхаа цочир триллер болдог “шизофрин”-ийг өвлөсөн “Single Ladies 2”, гурван бүсгүйн орчныг нүд хужирлам байгалийн өнгөөр сэлгэсэн ч үйл явдал нь жалга тойрон мөлхсөөр “Жүжигчин О.Дөлгөөний дүр хөдөөний залуутай суудаг” гэдгээс өөр үлдэж хоцорсон өгүүлэмжгүй “Single Ladies 3” кино нь анхны ангийнхаа дүр үйл явдлын алдаа дутагдлыг багасгах, чанаржуулан сайжруулах тал дээр тун хангалтгүй байсан нь “Single Ladies” франчайз дахь итгэл хүлээлтийг миний хувьд аажмаар доройтуулсан юм. Тэгвэл орчин цагийн хөгжилтэй бүсгүйчүүдийн романтик инээдмийн өгүүлэмжээ одоо үеээс таслан холдуулж, урьдны Монголчуудын “Хөнжилдөө орох завгүй хөнөөлдөн тэмцэж байв” догшин эринд дүрүүдээ хүргэсэн нэн содон шийдэлтэй “Single Ladies” цувралын энэ анги өвөрмөц цаг хугацаагаа бүтээлчээр ашиглаж, нэгэн хэвийн болсон франчайздаа шинэ тэсрэлт болж чадсан болов уу? “#SingleLadies4ТөгсгөлбаЭхлэл” нь “Single Ladies” цувралын гол дүрийн нэг Ари (жүжигчин Г.Ундармаа) ид шидийн хүчээр Их Монгол улсын байлдан дагууллын үеийн Ойрхи Дорнодод санамсаргүй очиж, төрөлх цаг хугацаандаа эргэн ирэхээр хичээж буй талаар адал явдалт инээдмийн кино юм. Юуны түрүүнд “Single Ladies 4”-ийн хамгийн их таалагдсан зүйл нь орчин цагийн Монгол киноны хийц чанарын “өндөрлөг”-өөс Чингис хааны үед эргэн зочилсон явдал байлаа. Аян дайны отог бууц, хатуужиж туршлагажсан Чингисийн цэргүүд, мориноос давах хурдан унаагүй технологийн түвшин, нүдэнд үл торох уужим хээр тал бүхий дундад зууныг дотоодын киноноос үзэлгүй уджээ. Хамгийн сүүлд энэ үед өрнөх Монгол хэл дээрх ямар томоохон кино үзсэнээ санахыг хичээхэд Нууц Товчооны “нөгөө л” явдлаас төдийлөн холдоогүй “#ҮхэжҮлБолно – Чингис Хаан” (2008, найруулагч Л.Эрдэнэбулган), яагаад ч юм үзэж гүйцээх боломж тохиодоггүй ""#Аравт” (2012, найруулагч Д.Золбаяр) зэрэг 10 орчим жилийн өмнөх бүтээл л бодолд орох аж. Тэгвэл “Single Ladies 4” нь 2020-оод оны Монгол кино продакшны чадал чансаа ямар хэмжээнд хүрээд буйг Монгол үзэгчдэдээ бахархалтай гайхуулахуйц уран чамин зураглал, хөдөлгөөнтэй, чөлөөтэй зураг авалт, үнэмшилтэй жинхэнэ хувцас хэрэглэл, өөрийн ертөнцдөө уусгах өнгө будагтай харагдах нь тааламжтай байсан бөгөөд нэг нартай сайхан өдөр Монгол найзууддаа ч, Америк, Англи, Япон, Солонгос найздаа ч Монгол киног тайлбар шалтаг тоочилгүй итгэл төгс батлан дааж санал болгох мөрөөдөл маань энэ насанд багтан биелэж магадгүй хэмээх горьдлогод итгэл нэмсэн юм. Товчхондоо “Single Ladies 4” нь дэлгэцийн бүтээлийн хувьд үзүүштэй харагдах “үүрэг”-ээ урамтай хэмжээнд гүйцэлдүүлжээ. Харин ийн бүтээсэн олон зуун жилийн өмнөх сонирхолтой цаг хугацаа, хуучны Монгол хүмүүсийн сонин содон дүрийн энэ боломжоо (potential) кино “тултал нь”-аа байг гэхэд, үзэгчийг уйдаж гиюүрэхээргүй өрнөлтэй байдлаарашиглаж чадаагүй нь туйлын хачирхалтай бөгөөднэн харамсалтай ажээ. Гол дүр болох Ари (жүжигчин Г.Ундармаа) өнгөрсөн цагт хаягдан төөрч, дайтаж явсан Монгол цэргүүдтэй таарах бөгөөд тэдний дундах нэгэн түшмэл (жүжигчин П.Эрдэнэзаан) түүнд тусалж, аян дайны замд цэргүүдтэй нүүдэллэн явахдаа хааны санд тушаах олз дунд алдагдсан ирээдүйд буцаагч шидэт хэрэгслийг олох болсноор киноны үйл явдал өрнөдөг. Хэдий франчайзын гол дүрүүдээс зөвхөн Ари (жүжигчин Г.Ундармаа) 800 жилийн өмнөхрүү явж буй боловч үйл явдлыг сонирхолтой чиглэлд хөтөлж болохуйц цөөнгүй дүр үзэгчийг тэнд угтах ажээ. Хайрт залуудаа сэтгэлээ илчлэх аргаа олохгүй яваа залуухан охин, араб ордны татвар эмсийн хүрээлэнд олон жил аж төрсөн хашир бүсгүй зэрэг Аритай амь зангидах эмэгтэй туслах дүрүүдээс гадна Монгол цэргийн дарга, түшмэл, дайчин эрс зэрэг нь Алтан ургийн биш ердийн бидэн шиг хүмүүс тэр үед чухам хэрхэн яаж аж төрж байсныг илтгэх олон сонирхолтой өгүүлэмж, басхүү цөөнгүй инээд наргиа (comedic situation) үүсэх нь хэмээн киноны эхэнд догдолж байв. Өөрөөр хэлбэл “Single Ladies 4” нь дундад зууны Монголын нийгэмд орчин үеийн Монгол эмэгтэй байхад үүсэх зөрчлийг, бидэнд мартагдсан давуу тал болоод бидний зассан дутагдал алдааг, мөн тэр үеийн “single ladies”-ийн асуудал сорилтыг хөгжөөнтэй байдлаар үзүүлэх нь миний хувьд энэхүү киног үзүүштэй бүтээл болгох байв. Гэтэл кино тэдгээр сонирхолтой нөхцөл байдлыг дэвшүүлдэггүй бөгөөд өгүүлэмж санаандаа үлдэцгүй, үйл явдлаа урагшлуулан хөдөлгөдөггүй ФМ радиогийн сурталчилгаа адил инээдтэйгээсээ ядмаг (cringe) нь илүү хоорондоо холбоо сүлбээгүй бичил хошигнолд найдах нь “Single Ladies 1”-т Аригийн дүр эхнэртэй залууг мэдэлгүй гэрт дагаж очоод тагтан дээр гацдагийн адил харамсалтай шигээ инээдтэй, хөгжилтэй шигээ эмгэнэлтэй, нэгийг бодогдуулам үзэгдлүүдийг санагалзахад хүргэх ажээ. Хэдий кино “инээдмийн” хэсгээ жүжигчин Ундармаагийн төрөлх сэтгэл татам хөгжилтэй байдалд (charm) бүрэн даатгаж, ачааны хүндийг ганцааранд нь үүрүүлж байгаадаа гэмшин ухаарах мэт зарим үед адал явдал, драм оруулахыг хичээсэн нь сайшаалтай боловч тэдгээр нь өмнө дурдсаны адил сонирхолтой дүрүүдийн сонин биш асуудал, ядмаг учир шалтгаантай догдлох зүйлгүй адал явдлууд, тэдний үлдэц даацгүй үр дагавар нь киноны үзэгдлүүдийг үзэгчийн бодол төсөөллөөс давах чадамжгүй уйтгартай сулхан өрнөлтэй санагдуулж байв. “Single Ladies 4”-ийн хугацаанд Аригийн хамт яваа цэргийн цуваа замдаа хэд ч хонож хичнээн ч өртөө газар туулдгийг хэлж мэдэхгүй юм. Хэдий тэдгээр хүмүүс нэг үзэгдлээс нөгөөд шилжихдээ бие махбодийн хувьд өөр байршилд очиж байх тэдний хүсэл зорилго, бодол хандлага, айдас нууц нь өсөлт уналт, өөрчлөлт ялгааг туулдаггүй тул өдөр хоног солигдох, газар орон өөрчлөгдөх нь киноны өрнөлийн үнэ цэнийг нэг талаас ядмаг нөгөө талаас хөвөрч үргэлжилсэн бус нэг цэгээс нөгөөд механикаар очих “модон” үйл явдалтай болгожээ. Хэрэв бидний танил Ари адал явдлаасаа амьдралд хэрэгтэй ухаарал тайлал олж, туслах дүрүүд түлхүүр мөчид ялгаран гялалзаж, асуудал сорилтод орчин үеийн хүний хандлага болоод хуучны хүний ертөнцийг үзэх үзлийн ялгааг харуулахын зэрэгцээ дундад зууныг ашиглан “Single Ladies” франчайзын орчин үед хөнддөг асуудлын талаар, бидний нийгмийн талаар ёжлон хэлэхээр хичээсэн бол “Single Ladies 4” миний хувьд цувралынхаа хамгийн шилдэг кино болох байв. Нүүгээд л байгаа мөртлөө очих газаргүй, үргэлжлээд л байгаа мөртлөө үнэмшүүлж хэлэх санаагүй энэ адал явдал нь дүрүүдээ ид шидийн хүчээр дундад зуунд биш ирээдүйн сансрын хөлгөөр Сар, Ангарагт хүргэсэн ч миний хувьд цувралын анхны амжилтыг бий болгосон эмэгтэйчүүдийн өөрийгөө хайрлах нандин захиас, сайхан нөхөрлөл, амьдралын төлөөх тэмцлийн хөгжилтэй өгүүлэмж нь “Single Ladies”-ийн орхиж болшгүй үнэт зүйл хэмээн нэхэмжлэн сураглах байсан биз ээ. Цөөн үгээр “Single Ladies” франчайз дотроо хамгийн сайхан харагддаг (cinematic) бүтээл. Жүжигчин Г.Ундармаа-ийн гүйцэтгэл франчайзын уламжлалын дагуу хөгжилтэй, сэтгэл татам хэвээр. Гэвч кино өөрөө дэлгэж буй өвөрмөц орчин, танилцуулж буй содон дүрүүдээ үр дүнтэй ашиглаж, сонирхолтой өрнөл, бодууштай санаа, хөгжилтэй адал явдал бий болгож чадсангүй. Мөнгөө буцааж авмаар байна уу? Нээлтийн урилгаар үзсэн. Миний хувьд бүтээлийг сонирхолтой сайн кино гэж тодорхойлохгүй. Франчайзын “фэн”-ий хувьд дүрүүд болон үйл явдалд сэтгэл хангалуун бус гарч ирсэн. “Single Ladies 4: Төгсгөл ба Эхлэл” (2020) ★★☆☆☆ (2/5) + Нэгдүгээр анги дээрээ л учраа олох ёстой байсан хайр сэтгэлийн адал явдлын төгсгөл + Эмэгтэй гол дүр, эрэгтэй туслах дүрийн жүжиглэлт + Зарим өнгө зураглал (cinematography) + Танихгүй шинэ жүжигчид + Хувцас хэрэглэл - Тодорхой зорилго чиглэлгүй, “Хаашаа ч явдаггүй” үйл явдал (story) - Өвөрмөц цаг хугацаа, орчин нөхцөлөө сонирхолтой байдлаар ашиглаагүй (setting) - Маш удаан, өрнөлгүй, сунжруу өгүүлэмж (pacing) - Онохоосоо онохгүй нь олон хошигнол (comedy) - Замбараагүй гэнэтийн шийд гаргадаг тууштай логикгүй дүрүүд (character consistency) - Сонирхолтой эсвэл сэтгэл ханамжтай тайлалд хүрдэггүй асуудал шийдлүүд (set up & payoff) - Киноны үйл явдалтай холбоо хамаарал сул төгсгөл - Утгагүй sex scene - Туслах дүрүүдийн жүжиглэлт - Үсрэлт ихтэй монтаж 2024-06-03 12:01:09 Дэлгэрэнгүй",U film,87.17165669,1ц 27м
2088,Өндгөн толгойт,Кино,,2019,13+,,4.2,Ц.Амартүвшин,Г.Анхбаяр Ц.Амартүвшин,"О.Гэрэлсүх Ц.Амартүвшин У.Цогтбаяр Г.Анхбаяр Г.Лхагвацэрэн Ж.Оюундарь Г.Алтаншагай Ч.Лодойсамбуу Д.Түвшинтөр Б.Болдбаатар Р.Сүхболд Э.Батхүү Х.Отгонтунгалаг С.Батзориг Б.Номин А.Солонго Кино шүүмж Mungun Намар болохтой зэрэгцэн “шинэ ургацын” Монгол кинонууд нээлтээ хийж эхэллээ. Энэ зун манай уран бүтээлчид ямар кино хийгээ бол? Хэдхэн сарын өмнө “Диваажинд хүрэх зам” нэртэй сайн Герман киноны базаахгүй Монгол “орчуулга” байсан гэдгээс бусад нь мартагдсан нэгэн киноны талаар сэтгэгдлээ бичиж байсан юм. “Өндгөн толгойт” киног бодоход хүргэсэн шалтгаан нь хоёр кино адилхан сошиалд эрэлттэй хүмүүсийг гол дүр болгож, адилхан хорт хавдрыг үндсэн асуудлаараа сонгож, адилхан хоёр эрийн нөхөрлөлийн талаар байсных юм. Үндсэн өгөгдөл нь хамаатнууд шиг төстэй санагдсан хоёр кино 2019 оныг хорт хавдрын жил билүү ч гэж бодогдуулав. Энэ давхцал эсвэл зүгээр л нэгэн үеэрээ Солонгосын олон ангит кинонд живснийх байх… “Өндгөн толгойт” нь хорт хавдартай, нэгэндээ шинэ элэг шилжүүлэн суулгахаар бүтэлгүйтэж яваа хоёр найзын талаар өгүүлэх инээдмийн монгол кино юм. Амжилттай яваа жүжигчин найзууд гэнэтийн зовлонд арга мухардаж, донор болох эцсийн найдвар хөдөөний хамаатан дээрээ очсоноор үйл явдал өрнөдөг. Шинээр гарч буй монгол киног аль болох бүгдийг үзэх зорилт тавьснаас хойш нэг найруулагчийн хоёр дахь киног үзсэн тохиолдол анх удаагаа болов. Энэ сэтгэгдлийн гол сэдэв “Өндгөн толгойт”-ын найруулагч Ц.Амартүвшин хоёрхон сарын өмнө нээлтээ хийсэн “100 жилийн эморол” киног мөн найруулж байжээ. “100 жилийн эморол” кино нь сонирхолтой үүдэл санаатай боловч тайзны хошин шогийн явцгүй хандлагаа хэзээ ч орхиогүй бөгөөд санаанд үлдэх зүйлгүй тиймхэн кино байсан талаар бичиж байсан билээ. Өмнөх кино нь онц санагдаагүй найруулагчийн дараагийн оролдлогод шинэчлэл сайжрал ажиглагдах болов уу хэмээх битүүхэн найдвартайгаар “Өндгөн Толгойт”-ыг эхлүүлэв. Киноны “мах”-руу орохын өмнө энд реклам, маркетингийн ажил үнэхээрийн нойл байсныг зайлшгүй дурдах хэрэгтэй. “Өндгөн толгойт” нь монгол киноны дэндүү тулгаж нээлтээ зарладаг уламжлалыг бурхны сургаал мэт сахиж, туйлын учир битүүлэг нэр, ойлгомжгүй тайлбар гэсэн угсраа дархан мэхээ тултал нь хийжээ. Энэ долоо хоногт алдарт Тарантиногийн “Once Upon a Time In Hollywood”-г үзнэ гэдгээ аль хоёр сарын өмнөөс төлөвлөөд байтал өнгөрсөн долоо хоногт л сураг нь гарсан “Өндгөн толгойт” хүсээгүй хүүхэд шиг гэнэт гараад ирэв. Гэхдээ төлөвлөгдсөн ч бай төлөвлөгдөөгүй ч бай хүүхэд хөөрхөн байдаг бол, нэр нь сонирхол татахуйц биш, зургийг нь хараад ч үзэх сэдэл оволзуулахааргүй энэ кино өөрийгөө тунхаглан зарлахыг даанч хичээсэнгүй. Над мэт киноны хоббитой, дандаа кино үздэг “ажил”-тай биш л бол дэндүү тулж зарласан, дэндүү нууцлаг, гэнэтийн монгол кино нь Холливуудын хүлээлтээ хэдийнээ үүсгэсэн далай даян дархан аварга франчайз, найруулагч, студиудад цөм цохиулж байна. Энэ долоо хоногт ганцхан шинэ кино үзэх мөнгөтэй хүн сураггүй “Өндгөн толгойт”-ыг сонгох уу, хэдэн сарын өмнөөс зарлагдаж Брэд Питээр зургаа тахлаж мань Тарантиногоор овоглосон шинэ киног үзэх үү гэвэл хариулт тодорхой. Монгол кино хүлээлт үүсгэхгүй, нүд бүлтийлгэж чих соотойтол өөрийгөө зарлан тунхаглахгүй байна. Хүн тогтож үздэг эсэх нь эргэлзээтэй телевизийн хэдэн нэвтрүүлэгт уран бүтээлчдээ шахах нь хүртээмж муутай бас хангалтгүй болов уу. Кино эхлэв. Киноны талаар бүрхэг харанхуй ойлголттой байснаас нэг хэсэгтээ юу үзээд, юу болоод байгааг сайн ойлгосонгүй. Ямар сайндаа энэ кино нь ижил хүйстэн хоёр залуугийн хайрын түүхийн талаар юм байна гэж эхний 10 гаруй минутанд бат үнэмшсэн байхав. Яг юу болох гээд юу болоод байгаа нь ойлгомжгүй байдал энэ киноны турш үргэлжилдэг. Дийлэнх монгол кинотой харьцуулахад “Өндгөн толгойт”-ын үйл явдал галзуу хүний өдрийн тэмдэглэлээс лотогоор сугалж гаргаж ирсэн юм шиг байх нь харьцангуй цөөн боловч, бараг хоёр цагийн турш үргэлжлэх киноны хагаст нь хүрээд үндсэн зохиол нь дууссан юм шиг санагдсан. Үлдсэн хагасыг хүчээр дүүргэх гэж оролдсон зүйлс нь толгойгоо тастуулсан тахиа хүссэн зүгтээ зугтаахыг санагдуулах бөгөөд 13+ насныханд гэж зарласан кинонд амьд адууны бэлэг эртхнээс эхлээд биеэ үнэлэгч хүүхэн хөдөөнөөс ирсэн хүнд гар утасны тоглоомын талаар тайлбар тавих зэрэг шаардлагатай байсан эсэх нь туйлын эргэлзээтэй цөөнгүй хэсэг байв. “Hangover”, “American Pie”, “Dumb and Dumber” зэрэг найзуудын талаар өгүүлэх барууны инээдмийн кинонуудад хачин сонин зүйл болдог нь дандаа үр дүнтэй байдаггүй ч тэдгээр зүйлс нь хэтэрхий сунжирдаггүйн дээр, ядаж зохиол нь ямар нэг байдлаар үйл явдалтайгаа холбоотой байдаг. “Өндгөн толгойт”-ын олон илүү ургацаг нь шинэ элэггүй бол хэзээ мөдгүй кино дуусчих гээд байгаа “яаралтай” үндсэн үйл явдлаа минут тутам нам зогсооно. Тал хэсэгтээ очоод яахаа мэдэхээ больсон киноны зохиол цагаа дүүргэхийн тулд бүх зүйлийг удаашруулж, хошин шогийн үзэгдлүүдийн цуглуулгаар нөхөх оролдлого хийсэн юм шиг мэдрэгдсэн. Бүрэн хэмжээний кино байх хэмжээнд дүрүүд болон тэдний тэмцлийг хангалттай харуулаагүй бөгөөд, хагас дутуу санаатай дутуу дулимаг гүйцэтгэлтэй хэсгүүд олон байлаа. “Өндгөн толгойт”-ыг би буруу үзээд байна. Энэ бол тархиа унтраагаад зүгээр л зугаацах ёстой стресс тайлагч “мангар” жанрын кино юмуу гэхээр хүнд өвчин, хүмүүсийн харилцааны ээдрээ, итгэлцлийн талаар хэрүүл хашхираанууд тогтмол давтамжтайгаар хачирлагдан оржээ. Харин гол дүрийн хоёр залуугийн жүжиглэлт хаа очиж муугүй байв. Сайнаар хэлбэл Оросын “ХБ” /Харламов и Батрутдинов/, Америкийн “Key and Peele” киноноос үлгэр жишээ авсан, муугаар хэлбэл шууд болон шууд бусаар хусчихсан гэх зүйл цөөнгүй. Тэдний “+17 цуврал”-ын ганц хоёр хэсгийг үзээд cringy буюу ядчихсан бас өмнөөс нь ичиж зовмоор цуврал юм гэж тогтсон доогуур хүлээлттэй харьцуулахад Жижгээ болон Цогтоо, ялангуяа Цогтоогийн дүр давгүй үнэмшилтэй байлаа. Баяр наадмаар видео сангаас худалдаж авсандаа харамсдаг “Монголд нэг удаа”-гийн адилаар “+17 цуврал” нь тайзны хошин шогийн улиг болсон cringy элементүүд дагтаршин тогтсон байдаг ч, гол дүрд тоглосон хоёр жүжигчинд хэтэрхий эрт итгэл алдарч буруу бодож байснаа анзаарав. Харамсалтай нь хамгийн том туслах дүрийн жүжигчин Алтаншагайгийн “хөдөөний мангар”-ын дүр дэндүү үеэ өнгөрөөсөн дүрслэл гэдэг нь секунд бүрт мэдрэгдэж байв. Түүгээр ч үл барам цувралын дундуурх царайг нь будлихаар олон тооны эмэгтэй дүрүүд нь секс-обьект, доог тохууны бай, эсвэл хэрүүл уруулын тэнгэр гэх мэт нэг хэмжээст “хүнэнцэр”-ийн байдлаас огт давсангүй. Зураг авалт, дуу чимээний чанарын хувьд монгол кино хэдэн жилийн өмнө анзаарагддаг байсантай харьцуулахад давгүй сайжраад байгаа трэнд энд ч үргэлжилж байна. Онцолж хэлэхээр бүтээлч зураглал байхгүй ч олон дахин давтагдсан монтаж ховор, санаанд үлдэх аяз саундтрекгүй ч чих “хүчирхийлдэггүй” бага хөгжим, орчноосоо ялгарч тод сонсогддог ярианы чанар зэрэг нь энэхүү уйтгартай киног тэсвэрлэхэд туслалцаа үзүүлж байв. Товчхондоо, монгол киноны техникийн гүйцэтгэл нь монгол зохиолч найруулагчийн чадвараас хол давжээ. Монгол кино маань кино шиг харагддаг, кино шиг сонсогддог болж байна. Гэхдээ хүний сэтгэлийг хөдөлгөх, бодлыг өдөөх, ухаарал хайрлах, зоримог санааг дэвшүүлэх кино урлагийн мөн чанар одоо болтол үгүйлэгдсээр. Их хотын намрын бужигнаан дунд ашгаа өгөх зуны гурван сард бүтээсэн түргэн-хоолнууд айсуй. TL;DR/Хураангуй хувилбар Маркетинг нь ямар ч сонирхол төрүүлээгүй энэ кино бодсон шиг тийм ч аймшигтай муу биш. Зураг авалт гоочлох зүйлгүй, дууны чанар боломжийн. Гэхдээ зуун задгай зохиол, сонирхолтой ч биш, инээдтэй ч биш олон хэсгүүдийг сунган сунжруулах нь хүнийг залхаана. Мөнгөө буцааж авмаар байна уу? Тийм. Киноноос юу ч олж аваагүй. + Дууны чанар. Ярианууд цэвэр тод сонсогдож байв + Кинондоо ахдаагүй, бараг анзаарагддаггүй хөгжим + Хоёр эрэгтэй гол дүр муугүй жүжиглэсэн - Маш муу маркетинг - Талдаа очоод дуусчихдаг хагас дутуу зохиол - Ямар ч нюансгүй хорт хавдрын дүрслэл - Сонирхол татах жинхэнэ зөрчил байхгүй - Кинонд юу ч нэмдэггүй, зорилгогүй, учир утгагүй хэсгүүд - Авцалдаагүй, сунжруу, удаан үйл явдал - Үеэ өнгөрөөсөн “хөдөөний мангар”-ын дүр - Өөдтэй, хүчтэй эмэгтэй дүр нэг ч байхгүй, бараг бүгд секс-обьект - 13+ насны гэсэн мөртлөө сургамжтай, хэрэгцээтэй өгүүлэмж огт үгүй - Дүрүүдэд тусалдаг гэнэтийн зүйлстэй төгсгөл 2024-06-03 10:50:23 Дэлгэрэнгүй",Ф студи Жижгээ & Цогтоо Хаанаас үзэх вэ?,87.17165669,1ц 27м
2089,Онцгой эрх,Кино,Онцгой эрх МУСК,2020,13+,,7,,,Б.Баттогтох М.Наранмөнх Г.Мягмарнаран П.Баттөр Н.Ялалт Б.Базаррагчаа Ц.Төмөрхуяг Л.Дэмидбаатар,Борн фильм студи Хаанаас үзэх вэ?,87.17165669,1ц 27м
2091,Хөх тавилан,Кино,Хөх тавилан МУСК,2022,13+,,7.1,Т.Алтантуяа,Д.Норов,"А.Баярцэцэг, С.Болд-Эрдэнэ, Б.Шинэбаяр, Жүжигчид Б.Эрдэнэбат А.Баярцэцэг Т.Алтантуяа Д.Норов Б.Шинэбаяр С.Болд-Эрдэнэ Кино шүүмж Mungun “Хөх Тавилан” нь хүүхэд олж чадахгүйгээс нөхөртөө хаягдаж, улмаар нэгэн ууланд (Ээж хайрхан) очиж хүслээ шивнэн мөргөл үйлдэж буй эмэгтэйн талаар драм кино юм. Киног адил нэртэй “Хөх тавилан” (19?? он, зохиолч Д.Норов) туужаас сэдэвлэн бүтээсэн бөгөөд миний хувьд эх материалтай танил биш, зөвхөн өнөөдрийн киног л мэдэх ердийн үзэгч юм. Кино гурван цаг үед өрнөх нь эх туужтай нь холбоотой болтой ажээ. Хэдий номынхоо энэхүү онцлогийг дэлгэцнээ хөрвүүлэхээр оролдсон хичээл зүтгэл нь үнэлүүштэй боловч энэ нь таван цагийн кино үзэж буй мэт хэмнэл муутай бөгөөд өөр хоорондоо авцалдаа багатай үйл явдал, урсаж хөвөрч “сүлэлддэггүй” түг таг хийсэн хачин уур амьсгал (mood/atmosphere), эрс тэс жанрын эвцэлдүүлэхээр хүчилсэн мэт ойлгож мэдрэхэд түвэгтэй үзвэр (viewing experience)-ийг бий болгосон байлаа. Жирэмслүүлдэг увдистай шашны зан үйл гүйцэтгэхээр явж буй 1910-аад оны бүсгүйн талаар арт-хаус/драм; Game of Thrones-ийн галын шидтэн эмэгтэй зүүлтээ тайлаад өтөл буурал болдог шиг өндөр нас, залуу төрх нь солигддог 1960-аад оны говийн зөрүүд ганц хөгшний талаар инээдэм/аймшиг; мөнөөх эмгэний үхсэн амьд нь үл мэгдэх учир битүүлэг хүүг сурвалжлан эрэгчийн талаар 1980-аад оны нууцлаг (mystery) гурван кино энд багтжээ. “Хөх Тавилан”-ийн дүр үйл явдлаа үзэгчид тайлбарлан ойлгуулах хэрэгсэл (narrative device) нь мөнөөх бүсгүй/эмгэнтэй хамт хонохдоо амьдралын түүхийг нь яриулж буй нэгэн залуугийн явдал байв. Харамсалтай нь шидэт эмгэний амьдралын өөр цаг үеийг харуулсан тэдгээр гурван “бичил кино” нь кайфтайгаар эвлэрч цуглах утга санаагүй, зүглэн чиглэх фокусгүй байсны дээр нууцлаг хэсгүүд нь хошин, өрөвдмөөр хэсгүүд нь алиа, уянгалуулан сэтгэл хөдөлгөх хэсгүүд нь ярвайж нүүр буруулам (cringe) болсон нь элбэг байв. “Хөх Тавилан”-ийн дийлэнх хэсэг нь “Эхх ҮРИЙН сэтгэл гэдэг чинэ бээшдээ, энэ дэлхийн хаммгийн нандин…” хэмээх өнөө л зовлонгоор зодож, уянгаллаар залхаасан ээлжит Монгол юм. Харин энэхүү улиглалынхаа дунд киноны цухас дэвшүүлсэн “Эмэгтэй хүн хүүхэд гаргахгүй бол хувь хүнийхээ хувьд үнэ цэнгүй болох уу, үүнийг нь хайртай хүмүүс нь болоод нийгэм хэрхэн хүлээж авах вэ” гэдэг асуулт нь тунчиг цагаа олсон, орчин үеийн сэдэв шиг санагдсан билээ. Гэвч кино орчин үеийн үзэгч болоод өнөөгийн дэлхий ертөнцтэй холбогдох (relatable) боломжоо нээж, тэрхүү чухал асуултаа лавшруулан судалж, төрөл бүрийн гаргалгаа санааг дэвшүүлэхээр огтхон ч оролдоогүй нь тоогүй явдал болжээ. Оронд нь ДиКаприо-д Оскар олгосон боловч түүний хамгийн уйтгартай кино, гурван цаг цасанд мөлхдөг #TheRevenant (2015)-ийн өрнөл явдал ядмагхан, цан жаврынх нь оронд элс гантай, цомхон төсөв хийцтэй Монгол хувилбарыг үзэж буй мэт санагдах ажээ. “Хөх Тавилан”-ийн дуншсан хэмнэл, уйтгарт үйлээ ахин дахин давтах ядмаг өрнөл, гол дүрийн бодол сэтгэлийг уудлах бус аманд элдвийн хогийг хоол болгон чихэхэд анхаарсан урагшгүй үйл явдлыг тэсвэрлэсэн няцашгүй тэвчээрт үзэгчийг “шагнах” төгсгөл (pay-off) киноны эцэст даанч байгаагүй нь урам хугарам. Улмаар киноны төгсгөлд учир бүхнийг тайлах эцсийн эргэлт нь гайхаж цочирдом, хөндлөн далий, хөх инээд хүргэм зүйл байсан нь театраас сэтгэл тун доогуур гарахад хүргэм байв. Киног хийхэд хүргэсэн эх зохиол нь уншсан хүмүүстээ үнэхээр мундаг сайн бүтээл байж болохыг үгүйсгэхгүй. Гэвч уншиж шингээх хэрэгтэй материал нь Монгол бүү хэл гадаад хэл дээр уул овоо мэт оочер үүссэн өнөөгийн нэгэн үзэгчийн хувьд киног нь үзээд номыг судлан сонирхох хүслийг кино огтхон ч төрүүлсэнгүй нь харамсалтай. Хөх Тавилан (2022) – ★☆☆☆☆ (1/5) + Хөгжим (background/ambient music) - Үүсгэсэн олон асуултынхаа нэгд нь ч үл хариулах дутуу дулимаг үйл явдал - Хоорондоо үл авцалдах инээдэм, аймшиг, драм жанрууд - Өсөлт уналтгүй, сэтгэл хөдлөл үл өдөөх уйтгартай гол дүр - Гол дүрийн жүжиглэлт, тэр дундаа өндөр настай үеийн ажиллагаа сул - Киногоо гоцлон авч явахад хангалтгүй гол дүрийн жүжиглэлт - Хэрэгцээ, ач холбогдолгүй туслах дүрүүд - 0 хэмнэл өрнөл (pacing) - Тааруухан нүүр хувиргалт (make-up) - Жүжигчнээ л баахан зовоосноос киногоо огтхон ч баяжуулаагүй заваан юм идэж уусан хэсгүүд (questionable & pointless method acting) - Кинондоо үл зохих, эв хавгүй ашигласан ардын дуу (Гоолингоо) - Киноны өрнөл явдалд хамааралгүй, өгүүлэмжээ бүрмөсөн “булшлах” таг далий тайлалтай төгсгөл 2024-06-03 16:50:47 Дэлгэрэнгүй",[],87.17165669,1ц 27м
2096,Түүх мартахгүй,Кино,,2020,Ангилал хийгдээгүй,,7,А.Мөнхсүх,Ж.Мөнхбат,А.Мөнхсүх Ж.Мөнхбат А.Дашпэлжээ Г.Амгаланбаатар Ц.Төмөрбаатар Е.Кобба,Хүмүүн фильм,87.17165669,1ц 27м
2107,Хэнд ч хэлээгүй нууц,Кино,Хэнд ч хэлээгүй нууц МУСК,2021,Ангилал хийгдээгүй,,7.2,Ц.Хүсэлбаатар,Ц.Хүсэлбаатар,Ц.Хүсэлбаатар Ц.Төмөрхуяг Б.Баттогтох С.Өлзийхүү Г.Золбоот П.Баттөр Б.Даваажав Т.Хулан О.Гоомарал М.Пүрэвдулам,Хас урлан фильм Рек рекордс,87.17165669,1ц 27м
2108,Тэнгэрээс буусан од,Кино,,2019,16+,,8.2,У.Уранчимэг,Г.Бямбасүрэн,"У.Уранчимэг, О.Дөлгөөн, О.Мөнхдалай, С.Лхагвасүрэн, Э.Батнямбуу, Хаанаас үзэх вэ? Жүжигчид У.Уранчимэг С.Лхагвасүрэн Г.Бямбасүрэн О.Дөлгөөн Э.Батнямбуу О.Мөнхдалай Кино шүүмж Mungun Энэ киноноос авах сэтгэл ханамж нь хуушуур идэх үйл явцтай их төстэй. Гадуур таардаг дийлэнх хуушуурны адилаар эхний хазалт нь ямар ч махгүй дан гурил, эцэс сүүл нь хоолны тавган дээр үлдэж хоцордог тос даасан бас хэсэг гурил боловч голдоо бишгүй өгөөмөр махтай мөн шинэ ногооны салат дагалдуулж өгдөг нь оройн хоол хийхээс залхуу хүрсэн зарим үед хэдийг аваад идчихэж болмоор болгожээ. Ямар нэг чанга хөгжим дээр хөдөө явж байгаа машины дээгүүр дрон явуулдаг Монголын зураг авалтын түгээмэл шийдэл, юу бодож байгаагаа шууд тайлбарлаад явчихдаг дүрүүдийн уйтгартай хиймэл яриа, ердийн хүмүүсийн хэзээ ч гаргадаггүй гайхшрам шийдвэрүүд зэрэг нь “Зиа энэ ч нөгөө л кинонуудын нэг болох нь дээ” гэж битүүхэн санаа алдахад хүргэв. Гэтэл улаан үст Дөлгөөн буйдхан сумын амьдралд нэвтэрснээс эхлээд киноны үйл явц жигдхэн уйтгартай байдлаасаа огцом үсрэлт авч, #НоёнСолиот-н хэнхэг уйтгартай байдал галзуугийн эмнэлэгээс эхлэн тэс өөр болдог шиг энэ кино ч сонирхолтой болж эхлэв. Кинон дээр хамгийн их гарах гол дүрүүд ер нь их өнгөлөг бас үзэхэд сонирхолтой. Улаан үст хотын охин (Дөлгөөн) зарим үед stereotype (хүмүүсийг хэт хялбарчилсан ерөнхийлөл) авир гаргаж ганц нэг ядсан инээд татах гэж оролдох ч, биеэ авч явж байгаа байдал болоод яриа нь бодитой, хүлээж авахад төвөггүй, нүд баясгам; Сумын “single-lady” багш (Уранчимэг)-н ярих нь зарим үед амьдралаас жаахан хөндий боловч, цагаа олж хэлдэг хөгжилтэй монголиан-англиш, хань ижилгүй ганц биеээрээ хүний эмзэг бөгөөд аргаа барж байгаа байдал нь сэтгэлд тусам байсан нь эдгээр хүмүүсийн жүжиглэх авьяас чадвар болон зохиол нь гол хэсэгтээ муугүй бичигдсэнийг дэлгэнэ. Харин Гадаад эр боломжийн сайн уу эсвэл ердийн дундаж жүжигчин эсэхийг ялгаж мэдэхгүй ч, түүний Монголоор ярьж байгаа өрөвдөлтэй/эгдүүтэй оролдлого нь киноны дийлэнх хэсгийг уйдаахааргүй, сонирхолтой, найз охин буюу эхнэртэйгээ болзоонд үзэхэд өөрөө залхахгүй даган баясч болохоор аятайхан болгожээ. Киног театрт үзэхэд танхим дийлэнх нь эмэгтэйчүүд байх шиг анзаарагдсан, тэд инээлдээд л, уйлаад л, утаснуудаа ч бараг гаргаж ирэхгүй тэвчиж суугаа нь дэлгэц дээр болж байгаа зүйлс хүмүүсийг автуулж чадаж байгаагийн илрэл боловуу. Харамсалтай нь сөрөг дүрүүд жаахан тиймхэн. Бэсрэгхэн нэг сөрөг дүр нь хүүхэлдэйн киноны адил цагаатгах ганц ч зүйлгүй нь өнөө л ямар ч ньюанс, мэдрэмжгүй хүмүүсийг хэт хялбарчлан ерөнхийлж үзэн яддаг хандлагын гэмтэй. Харин үндсэн сөрөг дүр нь киноны явцад хэд хэдэн удаа төрөл арилжиж итгэмээргүй хурдаар өөрчлөгдөж байгаа нь энэ киноны хамгийн том “панаалтай” байдал. Сөрөг дүрүүдийн кино зохиолдоо бичигдсэн байдал нь тэдэнд тоглож байгаа жүжигчиддээ хийх, илэрхийлэх орон зайг маш бага өгсөн юм шиг санагдсан. Гол сөрөг дүрүүд нь сул “цөм”-тэй байхаар тэднийг хүрээлсэн бусад жижиг дүрүүд нь муухан Монгол кинонуудтай адилаар санаанд үлдэх зүйлгүй, киног удаашруулах хандлагатай, илүүц санагдав. Үүн дээр үргэлжлүүлээд ярихад дүрүүдийн мотиваци, бодлыг шууд хэлүүлээд байх хандлагатай, хүмүүсийн арын түүхийг ер нь л эргэн дурсдаг хэсэг (flashback)-р үзүүлэх чанартай, дүрүүд хэн бэ гэдэг нь илрэх маш эгзэгтэй чухал үед кино гэнэт өөр хүмүүс дээр очих нь миний хувьд тааруухан найруулгын шийдэл байсан бол, нэг газраа залхтал яриад хэрэлдээд зогсчихдоггүй дандаа дараагийн үйл явдлууд цуварч, киногоо андуурсан хошигнолуудыг цөөн байлгаж, сонирхолтой дүрүүдээ хооронд харилцуулахад анхаарсан нь сайн найруулгын жишээ байлаа. Харин хэдэн сарын өмнө гарсан #Хийморь-н адилаар миний нүдэнд киноны зураг авалт, зураглалууд, ая дуу ашиглалт, дуу бичлэгийн чанар гэх мэт техник зүйлс нь тэр энэ гэх ноцтой асуудалгүй байсан нь сэтгэгдлээ бичихдээ киноны үйл явдал, дүрүүдэд анхаарах боломжийг илүү бий болгож байгааг хэлэх нь зүйтэй. Дэлгэц дотор харагдаж байгаа зүйлсийг их бодолтойгоор төлөвлөж бэлдсэн нь сайн түүхэн кинонуудынх шиг нямбай санагдсан. Аа тийм, байгалийг зураг авалтынхаа зохиомжинд их сүрлэгээр оруулсан Монгол ахуй шингэсэн их гоё хэсэг энд байсныг өөр Монгол кинонд таарсан зүйлстэй жишихэд их бэрхшээлтэй юм. #Terminator-н төгсгөлд Сара Коннор машинтайгаа аянга цахиж байгаа тэнгэрлүү жолоо татдаг шиг, #Sicario дээр картелийн нууц байгууламжруу цэргүүд дайрахдаа нар жаргаж байгаа талруу уусч алга болдог шиг, эсвэл #BladeRunner2049 дээр аврага том хүмүүсийн хот уу гэмээр эзэнгүй мөртлөө сүрдмээр газар гол дүр өчүүхэн харагддаг шиг тийм зөвхөн зураглалаараа сэтгэл их хөдөлгөж чадсан. Даанч киноны төгсгөл жаахан сонин тийшээгээ явчихсан. #SingleLadies-н нэг хоёрдугаар анги дээр романтик-инээдмийн кино явж байгаад, айшгийн-триллер болж нэг билетний үнээр хоёр өөр эсрэг тэсрэг жанрын кино үзэх хачирхалтай боломж олддог оо доо? Яг ижил киноны уур амьсгалын цочир өөрчлөлт энд ч бас давтагдав. Цочирдмоор цочирдмоордоо эмэгтэйд нь таалагдах энэ болзооны хөөрхөн кино маань 90д оны +18 үнэлгээтэй #ХатууСамар #Commando #Рэмбо маягийн эргэлтийг хийнэ. Тэгээд эцсийн үр дүн нь урдчилан таахын аргагүй, ямар ч логикгүй, хөх инээд хүргэм үнэхээрийн панаалтай учраас би тэрийг нь хэн нэгэн дүр нь киноны дунд үхээд, эцсийн бодолд нь тэр зүйлс өрнөжээ гэж өөрөө өөртөө итгүүлээд байгаа. TL;DR Эхлэл төгсгөл хоёр нь жаахан аргуу боловч их сонирхолтой өрнөлтэй боломжийн кино. Болзоогоороо супер баатруудын кино, тааруухан Монгол кинонууд үзүүллээ гэж чичлүүлж байгаа бол энэ киног хамтдаа үзэхэд их зүгээр. + Үзэхэд сонирхолтой гол дүрүүд + Өрнөл хэсэг уйдаахааргүй + Үйл явдлын хэмнэл сайтай + Цагаан залуу ертөнцийг аврагч (white savior) биш - Сул эхлэл - Хөгжүүлэлт муутай сөрөг дүрүүд - Дүрүүд логикгүй шийдвэрүүд нилээн гаргадаг - Чухал зүйлс гарч байх үед кино шал өөр тийш шилждэг хачин зуршилтай - Үнэмшил бага төрүүлэх төгсгөл 2024-05-29 13:47:08 Дэлгэрэнгүй",[],87.17165669,1ц 27м
2109,Халуун зүрх,Кино,,2019,13+,,8,Д.Ганцэцэг,А.Ганчимэг,Э.Эрдэнэбаяр А.Ганчимэг Ц.Төмөрбаатар Д.Ганцэцэг Б.Тамир П.Цэрэндагва,Ред пойнт медиа Аримун продакшн Хаанаас үзэх вэ?,87.17165669,1ц 27м
2110,Хөөрхөн ээжтэй охин,Кино,,2019,Б,,5.3,И.Одончимэг,И.Одончимэг,"И.Одончимэг Б.Сундари Б.Ариунцэцэг Д.Баттөмөр Т.Бархүү М.Баярмагнай Н.Онон М.Нарантуяа Кино шүүмж Mungun Багадаа үзээд таашааж байсан шинэ үеийн монгол кинонууд дийлэнх нь хошин шогийнхонтой холбоотой байсан санагдана. Том хамтлагуудын тоглолт, шинэ жил/цагаан сарын нэвтрүүлэг, кинонуудыг нь бараг алгасалгүй үздэг байж билээ. Анхаарал сонирхлыг маань тэгтлээ их татдаг байсан хүмүүс орчин үеийн үзэгчдэд ямар уран бүтээл хүргэж байгааг олж мэдэх хүсэлдээ хөтлөгдөн цайны цагаа тааруулан киноны билет авав. Үзлэгийн танхимд ортол эрэгтэй хүн харагдсангүй… Харин хүүхдүүд, эмэгтэйчүүд, эсвэл хүүхэдтэй эмэгтэйчүүд цуглажээ. Би энд байх ёсгүй байсан юм болов уу? “Хөөрхөн ээжтэй охин” нь ганц бие эмэгтэйчүүдийг луйвардаж амьдардаг жүжигчин эрийн тухай өгүүлэх бөгөөд тэрээр ээлжит байгаа болгосон ээж охин хоёрын нөлөөгөөр худал хуурмагийн замаа өөрчилж байгаа талаар гардаг романтик инээдмийн кино юм. Миний хувьд найруулагч И.Одончимэгийн ажилласан “Солиот Эх” (драм, 2017), “Танхай Тээгч” (инээдэм, 2015), “Болсон Явдал” (романтик инээдэм, 2011) кинонуудыг үзжээ. Хятад өгүүллэг дээр сэдэвлэсэн “Солиот Эх” нь хийц чанар сайн боловч түүнд дүрслэгдэх түмэн зовлонд сонирхолтой гаргалгаа үгүйлэгдсэн бол нөгөө хоёр инээдмийн киног заавал үз гэж бусдад санал болгохооргүй ч нэг удаа үзэхэд давгүй санагдаж билээ. Тиймээс дотоодын зах зээл дээр бүтээгдэхүүн тогтмол үйлдвэрлэж буй найруулагчийн шинэ кино нь гэр бүл, найз нөхдөдөө санал болгохоор сонирхолтой бүтээл байх магадлалтай болов уу хэмээх найдварыг тээн киногоо эхлүүлэв. Киноны эхэнд бид хүүхэн “тархидах”-даа гаршиж, хүн залилахдаа “цайсан” жүжигчин эр (жүжигчин Т.Бархүү), түүний ээлжит чинээлэг бай болох тансаг байртай өрх толгойлсон бүсгүй (жүжигчин Б.Ариунцэцэг), бүсгүйн адтай сэргэлэн охин (жүжигчин Б.Сүндари) гуравтай танилцана. “Хөөрхөн Ээжтэй Охин” нь манай нийгэмд нүүрлээд буй гэр бүл салалт, ганц бие бүсгүйчүүд, хагас өнчнөөс ялгаагүй өсч байгаа хөөрхий хүүхдүүдийн дүр зургийг сэдвээ болгосноороо онцлог бөгөөд эдгээр асуудлыг жүжигчин эр болон сэргэлэн охины хоорондох зөрчлөөр харуулахыг зорьжээ. Харамсалтай нь өглөөний сэрүүлгээр гол дүрүүд сандран гүйлдэх улиг болсон эхлэл нь “Хөөрхөн ээжтэй охин”-ны ерөнхий “өнгийг” тодорхойлжээ гэхэд хилсдэхгүй. “Youtube” дээрх төсөвгүй шахам сонирхогчдын кино ч ашиглахаа больсон энэ мэт хуучирсан үзэгдлүүд киног дүүргэхээр чармайхын зэрэгцээ сургамж болох зүйл багатай салан задгай дүрүүд 100 гаруй минутын дурш дэлгэцийг эзлэх учиртай байжээ. Гэхдээ киноны энэхүү асуудал нь сул дүрүүдээс илүүтэй төвлөрсөн санаа, бүтэц гэх зүйлгүй зохиол, үйл явдалтай нь холбоотой байсан болов уу. Зөвхөн жүжигчин залуу л гэхэд өөрийнх нь ажиллаж буй сэтгэл ханамжгүй кино, хэдэн хэдээр нь сүлбэлдэх бүсгүйчүүд, хойноос нь мөшгих хохирогчид зэрэг хэд хэдэн “сүүлтэй” бол, гол дүрийн бүсгүй нь хайр халамжаар гачигдах амьдрал, дээрэлхүү хөрш, хэл амтай сайн найз гэх мэт “ачаа”-тай. Харин сэргэлэн охин бол нэг ангийн өрсөлдөгч хүү, төрсөн эцгийн эрэл, мөн өөрийгөө хүлээн зөвшөөрүүлэх хүсэл зэрэг тус бүр хэтэрхий олон салаа дэд-үйл явдлуудтай байв. Эдгээр нэмэлт ачаа нь инээлгэх чадвар багатай хямд хошигнол, дахин харагдахгүй нэг удаагийн дүр, ямар нэгэн том утга санаагүй харилцан яриа, үр нөлөөгүй үйл явдлыг олноор үүсгэдэг. Улаанбаатарын хаврын шороонд тэнгэрт хөвөх гялгар уут мэт зорилго чиглэлгүй энэ байдлыг найруулагч, зохиолч нар ур чадвараа гарган цэгцлэх хэрэгтэй байжээ. Дүрүүд, нэн ялангуяа “шийдчихсэн” нэг хэмжээст эмэгтэй дүрүүд нь энэ киноны онцлууштай бүтэлгүйтлийн нэг. “Дуртай хүүхэн”, “дарга хүүхэн”, “хэрүүлч хүүхэн” гэх мэт орчин үеийн монгол киноны уламжлал болсон тууштай “сайхан” дүрүүд ч энэ кинонд багтаж чаджээ. Ердийн монгол инээдмийн кинонд харьцангуй олон эмэгтэй дүр байгаа нь ховор бөгөөд магтууштай боловч хэлэх зүйлгүй, зогсох газаргүй сул дүрүүд нь эмэгтэйчүүдийн оролцоо, төлөөллийн үнэ цэнийг унагааж байгаа мэт санагдав. Харин энэ киноны ямар ч эргэлзээгүй сайн зүйл нь зураг авалт болон монтаж байсныг хэлэхэд таатай байна. Зураг авалтын хувьд хавар нээлтээ хийсэн “Тэнгэрээс буусан од”, “Од ба Гэгээ”-тэй зүйрлэх хэмжээнд харах мэдрэхүйг өдөөм сонирхол татсан тавилттай биш боловч дэлгэц дотор үзэгдэх зүйлс хөдөлгөөнтэй, амьдралтай, баялаг бөгөөд хүмүүс ярьж байхад хоёр гуравхан өнцөг хооронд шилждэг уйтгартай шийдлээс зайлсхийсэн нь таалагдав. Хэдий киноны агуулга үйл явдал туйлын учир дутагдалтай байсан боловч хичээл зүтгэл орсон зураг авалтыг хэмнэлтэй, мэдрэмжтэй, цэгцтэй монтаж дагасан нь “Хөөрхөн ээжтэй охин”-г энэ оны тун дажгүй техник гүйцэтгэлтэй кино болгосон байв. Гэвч кино ердөө л сайн зураг авалт, монтажтай байгаад хангалтгүй. Эдгээр техникийн зүйлийн гол цөмд зохиол, найруулга, жүжиглэлт, утга санаа, онцлох ишлэл, жинхэнэ сэтгэл хөдлөл үүсгэх чадвар гээд олон хүчин зүйлд хичээл зүтгэл, бодол шингэсэн байж үзүүштэй кино бүтдэг болов уу. Энэ чухал чанар “Хөөрхөн ээжтэй охин”-нд үгүйлэгджээ. TL;DR/Хураангуй хувилбар Тайзны хошин шогийн билетийг одоо болтол худалдан авдаг, видео сангаас монгол бичлэг хашралгүй түрээслэсээр байгаа бол энэ киног үзээд хэд хэд инээх л байх. Техникийн хувьд сайн гүйцэтгэлтэй ч утга санааны хувьд ядмаг, эмх замбараагүй үйл явдалтай ээлжит нэгэн “хошин шогийн” кино. Мөнгөө буцааж авмаар байна уу? Миний хувьд энэ кинонд зарцуулсан цаг тийм ч үр бүтээлтэй байсангүй. + Дажгүй зураг авалт + Тун мэдрэмжтэй монтаж (editing) + Харьцангуй олон эмэгтэй дүр - Долоон уулын цаанаас харагдах эргэлт, төгсгөл - Хоорондоо учир зүйн хамаарал сул үйл явдал - Хэзээ ч үнэмшил төрүүлдэггүй дүрүүд, тэдний хиймэл амьдрал - Хэрүүл маазраанд суурилах харилцан яриа - Санааг нь ойлгочихоод байхад үргэлжлээд л байдаг үзэгдлүүд (sequence, story beat) - Чадвар туршлага суугаагүй бага насны жүжигчинд киноны хүндийг үүрүүлсэн - Үе нь өнгөрсөн хошин шогийн жүжиглэлт - Ухаанд нь ухна ишиг үхсэн мэт эмэгтэй дүрүүд 2024-06-03 11:03:23 Дэлгэрэнгүй",Тэнгэр продакшн Хаанаас үзэх вэ?,87.17165669,1ц 27м
2111,Насан туршдаа,Кино,,2019,ЭЭХ,,7.8,Р.Эрхэмбүрэн,,Г.Жанчив Р.Эрхэмбүрэн Б.Одончимэг Д.Хүрэлхүү Ш.Доржсүрэн Д.Дэлгэрсайхан А.Баттүшиг Э.Мөнхтөр Т.Нямдорж Б.Болорчулуун Р.Нандинцэцэг,Насу фильм Хаанаас үзэх вэ?,87.17165669,1ц 27м
2119,Хонх,Кино,,2019,13+,,7,Б.Цогт-Эрдэнэ,,"Р.Нандинцэцэг, Х.Азбуян, Г.Дөлгөөн, Жүжигчид Р.Нандинцэцэг Б.Цогт-Эрдэнэ Х.Азбуян Г.Дөлгөөн",[],87.17165669,1ц 27м
2120,Солонго Үүл,Кино,,2020,13+,,8.1,Р.Эрхэмбүрэн,Р.Эрхэмбүрэн,"Б.Одончимэг Р.Эрхэмбүрэн С.Болд-Эрдэнэ Г.Нарансолонго Г.Эрхэмбаяр А.Баттүшиг А.Өнөржаргал М.Тогтохжаргал Т.Нямдорж Б.Болорчулуун Т.Бадамжав Кино шүүмж Mungun Санаанд үлдсэн сонирхолтой эмэгтэй дүр сүүлийн үеийн монгол кинонд хэн байв хэмээн хэсэг бодов. Миний хувьд эр хүнд хувираад хөгшин дарга нарыг “мад”-ладаг сэргэлэн Дуламсүрэн (“Энэ Хүүхнүүд үү”, 1963), танихгүй нутагт хүмүүсийн төлөө хүндхэн даалгавартай ирсэн даруухан орос эмч бүсгүй (“Сэрэлт”, 1957), Монголын их хаадын дунд алдар гавьяагаараа цойлох Мандухай хатан (“Мандухай Сэцэн Хатан”, 1988) нарын хэмжээнд дөхөх эмэгтэй дүр санаанд орж ирсэнгүй. Тэгвэл эерэг бөгөөд өнгөлөг рекламын зургаараа ""эмэгтэйчүүдийн"" тухай өгүүлэхээ тодотгон тунхагласан “Солонго Үүл” нэртэй монгол кино 2019 оны сүүлчийн өдрүүдэд нээлтээ хийжээ. Энэ кино ирэх жилүүдэд дурсамжид хадгалагдах хүчтэй эмэгтэйчүүдийг дүрсэлж чадсан болов уу? “Солонго Үүл” нь Эрхүү хотод алга болсон хүүгээ хайн холын замд гарсан ээж, хүчирхийлэгч нөхрөөсөө оргох хөдөөний эхнэр хоёрын санаандгүй учрал, зовлон нэгтнүүдийн нөхөрлөл, адал явдлын талаар өгүүлдэг эмэгтэйчүүдийн тухай драм төрлийн кино юм. Гэвч хэрэг дээрээ уг кино нь “Хөдөө амрангаа телевизийн зохиомж/хошин шог хийчихээд ирье” гэж нэрлэмээр үзэл хандлагын Орост очсон хувилбар байлаа. Аргагүй хамгаалалтаас хүний аминд хүрээд, цагдаагаас зугтаадаг хоёр эмэгтэйн талаар өгүүлдэг “Thelma & Louise” (1991) киног санаж байна уу? Хэнд ч тохиож болох амьдралын хүндхэн сонголт сорилтууд, гунигтай боловч гэгээн мэдрэмжийг сэтгэлд бэлэглэдэг (bittersweet) төгсгөлтэй тэр кино Үндэсний телевизээр хааяа гардаг байсныг тод санадаг юм. Харамсалтай нь ""“Солонго Үүл” кино нь уг бүтээлийн маруухан Монгол хувилбар болжээ"" гэж тодорхойлбол энэхүү бичвэр ойлгомжтой бөгөөд цаг хэмнэсэн сэтгэгдэл/review болох ажээ… “Thelma & Louise”-ийн санаа (premise)-аас онцгойрон ялгарах зүйл “Солонго Үүл”-д хомс байсны дээр, орчин үеийн Монгол киноны суурь асуудал болсон сулбагар дүрүүд, үлбэгэр зөрчил, авцалдаагүй үйл явдал, хэтэрхий азтай (plot convenience) тохиолдлууд нь энэ кинонд агуулагдаж байв. Киноны үйл явдлын дийлэнх хэсэг Орос улсад өрнөдөг. Танил биш Эрхүү хот, хараахан улиг болоогүй байгаа орос дүрүүдийг харах нь Монгол үзэгчийн хувьд содон бөгөөд таатай мэдрэмж байв. Гэвч кино өрнөж буй газар нь үйл явдалтайгаа төдийлөн хамааралтай, эсвэл зайлшгүй шаардлагатай санагдсангүй. “Хүүхдээ алс газраас хайх эмэгтэй” гэсэн энэ киноны үндсэн үйл явдлыг Ховдын хязгаар, Хөвсгөлийн гүн тайга, Гучин гурван говийн аль нэгэд оршин суудаг эмэгтэй Улаанбаатарт ирж байгаагаар үзүүлсэн ч киноны утга агууламжид төдийлөн их өөрчлөлт орохгүй мэт. Өөрөөр хэлбэл киноны үйл явдал Орост өрнөснөөрөө киноны утга санаа (theme) хэрхэн тодорч, өгүүлэмж үйл явдал нь хэрхэн баяжиж байгаа нь харагдахгүй байв. Харь улсын танил бус хууль журмын хүрээнд ажиллах, хэлний ялгаатай уран бүтээлчидтэй түншлэх, кино багийг дагалдах бүх зүйлтэй нь хил давуулах гэдэг амаргүй л байж таарна. Гэвч энэ их хүч хөдөлмөр эцсийн дүндээ киноныхоо утга агууламжид үнэ цэнэ нэмсэн үү гэвэл эргэлзээтэй… 2019 онд үзсэн бусад Монгол киног эргэн санахад ч зураг авалтаа гадаад улсад хийвэл кино нь “автоматаар” сайжирдаг гэх төөрөгдөл уран бүтээлчдийн дунд байх шиг. “Солонго Үүл”-ийн гол дүрүүд нь Эрхүү хотод сураг нь гарсан хүүгээ хайж яваа Гэрэл (жүжигчин Г.Нарансолонго), хүчирхийлэгч нөхрөөсөө зугтаах Жаргал (жүжигчин Б.Одончимэг) нар юм. Гэрэл дүрийн бүхэл бүтэн ертөнцийг “хүүхдээ хайж байгаа орос хэлтэй эмэгтэй” гэх ганцхан өгүүлбэрт багтааж болох бол Жаргалын гэрээсээ зугтахад хүрэх зовлон зүдгүүр нь “өнөө л” гэр бүлийн хүчирхийллийн учир шалтгаангүй, эрэл хайгуулгүй, гаргалгаагүй – нэг үгээр - ньюансгүй дүрслэл байв. Хоёр гол дүрд сэтгэл татах, сэтгэл хөдөлгөх чанар барагтай үгүй. Гэрэл хамар дороосоо хүүхдээ гээчихээд (бүр хулгайлах ч биш, зүгээр л хүүхдээ алга болгох!) арван хэдэн жил юугаа хийж урсгалаараа амьдарсан нь ойлгомжгүй. Энэ дүрээр хүүхэд нь алга болж элэг нь эмтэрсэн хөөрхий эцэг эхчүүдийн зовлон, туулж буй асуудал бэрхшээл, хэрэгцээтэй байгаа тусламж дэмжлэгийг дүрслэх алтан боломжийг “Солонго Үүл” ашигладаггүй нь хачирхалтай. Харин хөдөлгөөнтэй бас сэргэлэн Жаргал шиг хүн чухам ямар шалтгаанаар сэтгэл санаа, бие махбодийн хүчирхийллийг хүлцэж, эрүүл бус харилцааг тэвчдэгийг “Солонго Үүл” тайлбарлахыг огтхон ч хичээгээгүй нь урам хугармаар. Түүний оронд киноны багагүй хугацааг Жаргалын нөхөр (жүжигчин С.Болд-Эрдэнэ)-ийг үзэн ядуулахад зарцуулжээ. Орилоон хашхираан, зодоон цохион, бэлгийн дарамттай эдгээр хэсэг нь Эрхүүг зорих учиртай үйл явдлаа саатуулахын зэрэгцээ, чадварлаг жүжигчнийг нэг хэмжээс дүрээр хязгаарласан үр өгөөжгүй өгүүлэмж мэт санагдав. Эцэст нь машинтай хоёр бүсгүйн адал явдал аяны зам дээр гарах боловч бүсгүйчүүд яагаад хамт яваад байгаа, тэр хоёр яагаад хэлхэлдэх ёстойг кино үнэмшилтэйгээр тайлбарлаж чадсангүй. Бүтээлч байдлын энэхүү ноцтой дутагдал хоёр бүсгүй хилээр давах, цагдаа нараас зугтах, Эрхүүд очоод Гэрэлийн хүүхдийг хайхад ч цаг ямагт илэрсээр байв. Монголд байхдаа л зохиолын авцалдаа хамаарал сул, дүрүүдийн мотиваци нь хангалттай сэтгэл хөдөлгөхгүй байсан “Солонго Үүл”-ийн үйл явдал 100 гаруй сая хүн амтай, дэлхийн хамгийн том газар нутагтай Орос улсад очоод гэнэтхэн үнэмшилтэй болж сайжрахгүй гэдгийг киноны зохиолыг анх бичсэн хүмүүс болон найруулагч урьдчилан харах хэрэгтэй байсан болов уу. Дүгнэж хэлэхэд “Солонго Үүл” кино эмэгтэйчүүдийн зовлон жаргал, нөхөрлөл, тэсвэр тэвчээрийг дүрслэх үндсэн зорилгоо биелүүлж чадсангүй. Дэвшүүлсэн асуудалдаа эрэл хайгуул хийх, дүрүүдийнхээ дотоод ертөнцийг уудлах оролдлого хийгээд бүтээлч санаа энэ кинонд төдийлөн байсангүй. Энэ кино юуг хэлэх гэж бүтсэн, яагаад байх шаардлагатайг ч олж харсангүй. Энэ нь зөвхөн “Солонго Үүл”-д харагдсан зүйл бус, орчин үеийн нийт Монгол кинонд нүүрлэж буй асуудал юм. Уран сайхан үйл явдал, бүтээлч санаа, эрэл хайгуулгүй хөндий хоосон киног бүтээхэд олон авьяаслаг уран бүтээлчдийн хүч хөдөлмөр хий үрэгдэж, хөрөнгө оруулагчдын мөнгө салхинд хийсч, Монгол үзэгчдийн итгэл унасаар. Найруулагч Р.Эрхэмбүрэн-ий өөр ямар бүтээлийг үзэж байсан бэ? Өөр киног үзэж байгаагүй. Киноны сурталчилгааны зураг ямар санагдсан бэ? “Солонго Үүл”-ийн хамгийн таалагдсан зүйл нь рекламны зураг. Донжийг нь олсон чамин дизайнтай постер аргагүй нүд татдаг боловч загварын каталогийнх шиг мэргэжлийн зураг киног “зарж” чаддаг л юм байна. Харамсалтай нь кино өөрөө постерынхоо “амлалтад” хүрсэнгүй. TL;DR/Хураангуй хувилбар Эмэгтэйчүүдийн нөхөрлөл, тэсвэр тэвчээрийн талаар кино үзмээр байвал шууд “Thelma & Louise”-ээ үзсэн нь дээр. Нөгөө л замбараагүй үйл явдал, нус нулимсаар далайлгаж сэтгэл хөдлөл өдөөх гэж хүчилсэн драм, утга учиргүй гэр бүлийн хүчирхийлэл, уянгын хэт халилтай дүрүүд. Мөнгөө буцааж авмаар байна уу? Тийм. Мөн чанар хийц шингэсэн мэт Монгол кино ийм үр дүнтэй байгаад урам хугарлаа. + Production value + Эмэгтэйчүүдийг онцолсон - Утга санаагүй, гаргалгаагүй зохиол (thesis) - Онцгой сул гол дүрүүд - Хэрэгцээгүй туслах дүрүүд - Киноны үйл явдлыг урагшлуулах нууц, хүчтэй сэдэл үгүй (motivation) - Авцалдааг хүчилсэн, үнэмшилгүй үйл явдал - Хэрэгцээгүй хэсгүүд үргэлжлээд л байх сунжруу байдал (pacing) 2024-06-03 11:35:58 Дэлгэрэнгүй",Донна фильм Хаанаас үзэх вэ?,87.17165669,1ц 27м
2121,Огтлолцол,Кино,,2019,13+,,7.4,Г.Анхбаяр,,"О.Баярсайхан, Т.Билэгжаргал, Г.Эрдэнэбилэг, Ц.Цэрэнболд, Ч.Очгэрэл, Ц.Намуун, Б.Батмаа, Э.Энэрэл, Жүжигчид Г.Анхбаяр О.Баярсайхан Ц.Намуун Т.Билэгжаргал Б.Батмаа Г.Эрдэнэбилэг Ц.Цэрэнболд Ч.Очгэрэл Э.Энэрэл Кино шүүмж Mungun Энэ жилээс нээлтээ хийж байгаа Монгол кинонуудыг зорьж үздэг болсноос хойш нэгэн сонирхолтой зүйлийг олж мэдэв. Тэр нь юу гэвэл нэг хэсэг зөвхөн романтик-инээдэм, инээдмийн жанрын кинонуудаар дагнаад байна уу гэмээр байсан монгол кино зах зээл нь түүхэн, адал явдалт, хөгжимт, залуучуудын сэдэвтэй кинонууд шинээр мэндэлдэг сонирхолтой талбар болжээ. Мэдээж “нөгөө л” арилжааны кинонууд оршин тогтносоор байгаа ч үүний хажуугаар сонирхолтой туршилт, янз бүрийн оролдлогууд гарсаар байгаа нь олзуурхууштай. Тиймээс хурц сэтгэл хөдлөл, догдлол, аюул түгшүүрийн мэдрэмжийг амладаг триллер төрлийн шинэ монгол киноноос урьдчилсан үзлэг (pre-screening)-ийн урилга ирэхэд уухайн тас хүлээж авлаа… “Огтлолцол” нь триллер, аймшгийн сэдэвтэй цоморлог (anthology) кино юм. Харгис этгээдүүдээс зугтах зуслангийн жаалууд (Нисдэг хэрэг), сүнс шүгэлсэн байранд нүүж орсон золгүй гэр бүл (Гэрийн эзэн), 1930-аад оны хэлмэгдүүлэлтийн үеийн цаазын ял гүйцэтгэгч цэргүүд (Бугийг дарагч), шөнийн клубээс “чихэдсэн” хүүхэнтэйгээ ойд очоод “хүнд гар”-уудтай нүүр тулгарч байгаа залуу (Харих зам) зэрэг дөрвөн богино үйл явдал бүхий кино “Огтлолцол”-ыг бүрдүүлнэ. Хэдхэн сарын өмнө аймшгийн өгүүллэгүүд дээр сэдэвлэн хийсэн “Орилоон 2” гэх нэгэн өөр цоморлог киног үзсэн юм. Бүтээлч байдал, шинэ санаа, хийц чанар дэндүү ядмаг уг киног үзээд зарим уран бүтээлчид “Бүрэн хэмжээний кино болохооргүй хэдэн дутуу дулимаг санаагаа хутгаад цоморлог кино гэж нэрлээд зарж болно” гэсэн бодолтой явдаг юм боловуу гэж бодсон. Тиймээс монгол уран бүтээлчдийн хямдруулсан “цоморлог” гэх тайлбараас үүдсэн доогуур хүлээлттэйгээр “Огтлолцол” киног эхлүүлэв. Энэ кино нь хоорондоо хамааралгүй дөрвөн өөр бичил киноны нэгдэл тул тус бүр дээр нь бодлоо хуваалцья гэж бодлоо. #НисдэгХэрэг “Strangers Things”-ийн унадаг дугуйтай пацаанууд, сэтгэхүйн хувьд эрүүл биш Америк маягийн маниак, мөн л кинонд түгээмэл үзэгддэг цээжээ дэлдсэн том машинтай ширүүн залуусыг нэгтгэн хутгаснаар энэ киноны дүр болон үйл явдлууд гарсан болов уу. Томчуултайгаа харьцуулахад хүүхдүүдийн жүжиглэлт догь байсан. Харин багачуудын харилцан ярианд хараалын үгс цухалзсан нь зарим үедээ инээдтэй ч эцэстээ залхмаар, дэндүү зохисгүй санагдсан. Хамгийн онцгой дүр болох сэтгэхүйн доголдолтой алуурчин (дуучин Rokit Bay)-ийн жүжиглэлт харамсалтай нь тийм ч наалдацтай биш. Түүнийг клипүүд болон “Авьяаслаг Монголчууд”-ын рекламанд хальт харахад хэсэгтээ зугаатай байдаг ч кино бүтээлд жүжиглэлт нь илүү их ажиллагаа хэрэгтэй, баригдмал санагдсан. #ГэрийнЭзэн “Аймшиг” гэдгийг бид “Цочоох цочоох бас дахин цочоох” гэж ойлгоод байх шиг. “Хуурайгаар нь чихэх” гэдэг үг “Гэрийн эзэн”-ийг тодорхойлно. Хүлээлт (set-up) үүсгэлгүй өрнөж эхлэх үйл явдал, учир битүүлэг далдын хүч гэхээс илүүтэй сахилгагүй тэжээвэр муур шиг аашлах сүнс, 10 жилийн өмнөх компьютер тоглоом шиг харагдах графикийн чанар зэрэг нь энэ киноны хамгийн түрүүнд анзаарагдах асуудлууд. Гэхдээ “Гэрийн эзэн”-ий төгсгөл энэ бичил киноныхоо хамгийн том бүтэлгүйтэл болов уу. Төгсгөлийн эргэлт тайлалыг киноны туршид ямар нэг түлхүүр сэжүүрүүдээр урьдчилан бэлдээгүй бөгөөд гэнэтийн. Хүний бодлыг сорьсон, ухааныг ажиллуулдаг “гэнэтийн” биш, харин “өө юу вэ” гэмээр утга өгөөж, сэтгэл ханамж үгүй “гэнэтийн”. “Гэрийн эзэн” айлгалтуудаа ч, төгсгөлөө ч “хуурайгаар нь чихдэг”. Жинхнээсээ цочсон ганц нэг хэсэг байсан. Гэхдээ хий цочоолтууд уйтгартай. Бодолд үлдэх ямар нэг үзэл санаагүй хоосон зохиол нь жүжигчид, зураглаачид, гэрэлтүүлэг, дуу шум гээд уран бүтээл, инженер техникийн олон хүний хүч хөдөлмөрийг хөсөрдүүлж байгаа нь харамсалтай. #БугийгДарагч 10 жилийн сургуульд Монголын Нууц Товчооны үеийг голчлон заахаас бус бага хаадын үе, хэлмэгдүүлэлтийн үе зэрэг манай түүхийн эмгэнэлтэй, сургамжтай, онц сонирхолтой хэсгүүдэд хангалттай ач холбогдол өгөөгүй юм шиг санагддаг. Тиймээс нэр дурдагдсан хүмүүсийг устгах тусгай нууц даалгавартай ногоон малгайтнуудын талаар сэдэв нь онц сонирхолтой байсан юм. Цэргүүдийн харьцангуй сайн жүжиглэлтүүд, ерөнхийдөө бараан уур амьсгал нь энэ киноны талаар харьцангуй эерэг сэтгэгдэл төрүүлсэн. Гэхдээ асуудлууд бий. Гол дүрүүд нь сэтгэл татам бус шинж чанартай, киноны үйл явдал ямар хугацааны туршид өрнөөд байгаа нь огт ойлгомжгүй, үйл явдал өрнөх газрууд хавчиг давчуугаас теле-зохиомж шиг мэдрэгддэг, мөн хангалтгүй компьютер графикт киноны хамгийн хүнд ачаануудыг үүрүүлсэн. Мөн туслах дүрүүдийн тааруухан жүжиглэлт, ямар нэгэн хязгаарлалт буюу логикгүй ид шид нь “Бугийг дарагч”-ийг хойш нь татаж байв. Гэхдээ хэлмэгдүүлэлтийн үед цөөн кино өрнөдөг учир энэ сэдвийг хөндөн сонгосон нь таалагдсан. Кино сонирхогчийн хувьд ч, улсынхаа түүхийг ухаж мэдэх хүсэлтэй залуу Монгол хүний хувьд ч манай түүхийн чухал үеийн талаарх бүтээлүүд цөөн байна. “The Blair Witch Project”-тэй дэндүү адилхан “Улаан ой”, буриад хүмүүсийн талаар “Мойлхон” мөн буудуулахаас зугтааж, хээрийн сүнсэнд дурладаг эрийн талаар кино (нэрийг мартсан)-ноос өөрийг нэрлэж чадахгүй юм? #ХарихЗам Амьтны ертөнцийн баримтат кино үзэхэд хэний талаас вэ гэдгээс хамааран “дэмждэг” амьтад ялгаатай байдаг билээ. Арслан барсын тухай үзэхдээ бид тэднийг хүнсээ барихыг хүсдэг бол, буга зээрний тухай кинонд тэднийг амьд мэнд зугтаан гарахыг эрмэлзэн дэмждэг шүү дээ. Яг энэ зарчим аюулд орж байгаа хүмүүсийн талаар кинонд ч үйлчлэх болов уу. Харамсалтай нь гол дүрийн залуу бүсгүй хоёр алуурчны гарт ороход хүрвэл тэдний амьд гарахыг дэмжих шалтгаан цөөн. Хүний амьдралд хээ хуар, зугаа цэнгэлийн хэрэгцээ байхыг үгүйсгэхгүй. Гэвч “Харих зам”-ын дүрүүдийн гол цөм нь хөндий хоосон. Дүрүүдэд ааш авир, стиль имиж гээд шинж чанар байсан боловч тэдэнд хэлэх зүйл, хүсэл тэмүүлэл, далдхан сул тал зэрэг мөн чанарт хамаарах зүйлс огт байсангүй. Харин гол дүрийн бүсгүй (жүжигчин Очгэрэл) “секс-обьект” дүрслэлийнхээ хэвшмэл байдлыг эвдэж зоригтой, санаачлагатай, зальтай байсан нь өвөрмөц бөгөөд харьцангуй шинэлэг санагдсан. Гэвч богино киноны төгсгөл мөн л хошин шогийн “хүлээлтээс нь өөр байжээ” төгсгөл нь киноныхоо шинэ санаануудыг миний хувьд унагаав. Харин кино бүхэлдээ ямар байв? Төдийлөн монгол кино хийгдэхгүй байгаа триллер жанрт бүтээл хийж, засаж залруулах зүйлстэй байсан ч урьдчилсан үзвэрийг зохион байгуулсан нь манай зарим уран бүтээлчид шинэлэг өөр зүйл хийхийг оролдон эрэл хайгуул хийж байгаагийн баталгаа хэмээн харж байна. Харин “Огтлолцол”-ын хувьд анхнаас нь цоморлог кино байдлаар бус, таван задгай хэдэн санааг хутгаж нэг кино болгосон юм шиг санагдсан. Дээр дурдсан дөрвөн киноны аль нэгийнх нь бүрэн хэмжээний хувилбарыг бүтээхэд суурь болох сонирхолтой дүрүүд, тэдний дотоод зөрчил, боломж бололцоо дүүрэн ертөнц зэрэг зүйлс хаана нь ч байсангүй. Цоморлог киног ерөнхийд нь найзуудын гал тойрсон яриа хэлбэрээр түүвэрлэсэн ч, тэр хүмүүс хэн болох, яагаад тэд ийм зүйл ярих ёстой гэдгийг тайлбарлах сонирхол татам зүйл алга байлаа. TL;DR/Хураангуй хувилбар Хошин шогийнхны нэг хэсэг сайн “балбасан” инээдмийн, романтик-инээдмийн жанраас Монгол кино салаалан тэлж байна. Гэхдээ хошин шогийн хуучинсаг сэтгэлгээ нь киноны зохиол үйл явдалд халдварласан байна. Мөнгөө буцааж авмаар байна уу? Урьдчилсан үзвэр (pre-screening)-ийн урилгаар үзсэн. “Огтлолцол” энэ жил үзсэн Монгол кинонуудтай харьцуулахад тийм ч муу байгаагүй ч нөгөө талдаа найзуудынхаа цагийг үрэхгүй гэж баталгаа гарган санал болгохоор сонирхолтой эсвэл онцгой байсангүй. + Ээлжит инээдмийн жанрын кино биш + Ганц нэг ишлэмээр “зэвүүн” үгс, мэр сэр инээдтэй харилцан яриа + Энэ жилийн Монгол киноны харьцангуй сонирхолтой эмэгтэй дүрүүдийн нэг (“Харих зам”) + Дажгүй зураг авалт - Хангалттай боловсруулаагүй хавчигдмал зохиол - Сэтгэл татах шинж чанаргүй, үхэж үрэгдсэн ч хэн ч тоохооргүй сул дүрүүд - Мартагдам харилцан яриа - Киног ойлгомжгүй бас үнэмшилгүй болгох үйл явдлын хурд (pacing) - Хошин шогуудад улиг болсон үйл явдлын эргэлтүүд (plot twists) - Цочоохоос биш айлгаж чаддаггүй аймшиг - Авцалдааг нь хүчилсэн цоморлог кино (theme) - Оновчгүй ашигласан компьютер график (CGI) - Жигд биш жүжиглэлт 2024-06-03 10:58:16 Дэлгэрэнгүй",[],87.17165669,1ц 27м
2122,1990,Кино,,2020,13+,,5.4,Д.Лхагва,Д.Лхагва,Н.Сугармаа С.Удвал Д.Лхагва М.Саранцэцэг О.Самданпүрэв А.Хишигдалай Б.Эрдэнэцэцэг Б.Батмэнд Б.Жаргалсайхан Д.Мөнхтөмөр Е.Баярмагнай Д.Мөнх-Од Ц.Мичидмаа,Л Ви Эй интертайнмент,87.17165669,1ц 27м
2131,Cool аав,Кино,,2019,Б,1ц 30м,5.9,Д.Галбаяр,Д.Хүрэлхүү Д.Галбаяр,"Г.Билгүүн Ү.Баяржаргал Д.Хүрэлхүү Д.Галбаяр Ё.Цог М.Бямбаа Б.Барслхагва Ж.Номингэрэл У.Содхүү А.Бадамлянхуа Кино шүүмж Mungun Бүгдээрээ орчин үеийн Монгол инээдмийн кино хийе. Тансаг хотхон, тансаг машин, тансаг хувцас, тансаг дэлгүүр, тансаг оффис, тансаг лоунж, тансаг амралт, тансаг зүйлс цаана чинь юу байна? Мэдээж жүжигчид хэрэгтэй. Хуучны хошин шогийнхон одоо хангалтгүй, энэ жилдээ трэнд болж байгаа ээлжит сошиалын залуусыг багтааж шинэ үеийнхнийг татах нь чухал. Эдгээр зүйлсийг цуглуулж байх хэдэн долоо хоногийн хугацаанд зохиолоо гялалзуулчихна. “Масс” юуны талаар шуурч байна? Сонгууль, сошиал, синглчүүд, ядуурал, хорт хавдар, гадаадад ажиллахаар явсан хүмүүс… Ойрд дурдаагүй сэдвээр ноорог гаргаад зун дуусахаас өмнө зураг авалтаа гүйцээнэ. Кино театраар гарвал сайн, гаргахгүй ч гэсэн видео санд өгчихнө. Учир нь цөөн бартертай киног цөм цохих есөн шид нь бүрдсэн trailer, зургуудаа бид цацчихсан. Дараа зун дахиад азаа үзнэ. Үсэртэл баяжихгүй ч үнэ мөнгөө эргээд олох киногоо ахин машиндана... Заавал инээдмийн гэлтгүй бүх Монгол киног ингээд л шийдчихдэг юм болов уу гэж бодмоор цөөнгүй киног энэ намар үзэв. Харин одоо “Cool Аав” хэмээх шинэ кино нээлтээ хийжээ. Энэ бүтээл дээр дурдсан түгээмэл хүлээлтийг эвдэж, инээдмийн Монгол кинон дахь үзэгчдийн итгэлийг сэргээж чадах болов уу? “Cool Аав” нь Солонгост олон жил ажилласан эр (жүжигчин Д.Хүрэлхүү), түүнтэй танихгүй хүн болтлоо хөндийрч өссөн охидын (жүжигчин Ж.Номингэрэл, А.Бадамлянхуа) эргээд нэг гэр бүл болохоор оролдож буй талаар өгүүлдэг инээдмийн кино юм. Эцэг нь хэмээн өөрийгөө танилцуулах хижээл насны эрээс зугтаах элдэв аргыг адтай охид сэдэж байгаагаар киноны үйл явдал өрнөдөг. Киноны эхлэл сонирхолтой бөгөөд амлалт дүүрэн байв. Дэлхий дахинд хэдийнээ улиг болсон боловч яагаад ч юм энэ намар Монгол инээдмийн кинонд трэнд болсон шүд угаалт, 00-ийн ачаалал, өглөөний зан үйл бүхий эхлэл үзэгчийг угтах боловч “Cool Аав” гол дүрүүдээ танилцуулахдаа энэ хоосон хугацааг охидын нэрийг цээжлүүлэх тусгай монтажаар хачирласан нь сонирхолтой байв. Охидын нэрийг тэр дор нь мартсан боловч дүрүүдийн талаар ойлголт өгөхөөр хүч хөдөлмөр зарцуулсан, хошигнохыг хичээсэн энэ оролдлого нь магтууштай байлаа. Цөөн үгээр хэлбэл, “Cool Аав”-ын эхлэл эрч хүчтэй бас харьцангуй бүтээлч байж чаджээ. Энэ киноны тулгын гурван чулуу нь телевизийн сэтгүүлч бүсгүй, түүний дүү сошиалын бичлэг хийгч болон тэдний Солонгос улсад усанд хаясан чулуу мэт 16 жил алга болоод гэнэтхэн эргэж ирсэн эцгийн дүр юм. Миний ойлгож байгаагаар нэг байшинд багтах аргаа ололгүй зөрчилдөх энэ гурван ертөнц үл үзэгдэх нандин холбоогоо сэргээж, нэгнээ хайрлаж сурах нь энэ киноны зорилго байсан болов уу. Гэвч “Cool Аав” сонирхолтой дүрүүдээ ашиглан гэр бүл байх талаар хөгжилтэй адал явдлыг өгүүлэх бус, рекламны зургаа чимэглэсэн “өгзөг” чиглэлд үзэгчийг хөтөлжээ. Тэгэх тэгэхдээ уг кино төсөөллөөс давсан, итгэхийн аргагүй галзуу адал явдлыг үзүүлсэнгүй, харин ойлгомжгүй, авцалдаагүй, инээдэмгүй байх асуудал дүүрэн “бантан”-г хутгасан байна. Киноныхоо утга санааг шууд тооччихдог тайлбар яриа байгаагүйсэн бол зохиол нь юу хэлж, найруулагч юу үзүүлэх гэснийг ухаж ойлгоход түвэгтэй байлаа. Тулгарсан асуудлаа тайлбарлах үүднээс нэгэн жишээ авья. Киноны дунд хэсэгт үйл явдал яагаад ч юм гэнэтхэн шинэ дүрлүү шилждэг. Энэ бол постер зураг дээр байх өгзөгний эзэн буюу фитнессээр хичээллэгч эмэгтэй (жүжигчин М.Бямбаа) юм. Фитнесс эмэгтэй гадуур нэгэн кафед суух зуур гол дүрийн охидын нэг болох сошиалын бичлэг хийгч түүнтэй таарч, хормойг нь сөхсөн бичлэг хийн интернетэд тавьдаг. Ингэснээр фитнесс бүсгүй, сошиалын бичлэг хийгч хоёр муур хулгана болон хөөцөлдөнө. Дараа нь гол дүрүүд охидын ээжийн нутагруу явах зуур фитнесс бүсгүй тэдний замд эвдэрхий машинтай таарна. Аав нь фитнесс бүсгүйд дурлаж, тэд хамтдаа цааш явж нэгэн амралтын газар очдог. Фитнесс бүсгүй яагаад энэ зохиолд хэрэгтэй вэ, интернетэд нэгэнт тавигдсан нэр, нүүргүй өгзөгний бичлэг амь тавин хөөцөлдөх асуудал мөн үү, бас хөдөөгийн замд энэ дүрүүд ямар их хувь тохиолоор таарав, аав нь эмэгтэй хүн харж байгаагүй юм шиг яагаад дурлав, гол дүрүүдийн зорьж очсон ээжийнх нь нутаг гэх газар яагаад ердийн нэг амралтын газар байв, тэр амралтын менежер хошин шогийнхны ямар ч мэдрэмжгүй үзүүлдэг ижил хүйстэн байх шаардлагатай байсан юм уу гэх мэт олон угсраа асуулт кино үзэх зуур төрж байлаа. Цаашлаад “Cool Аав”-ын постер бүрийг мялаасан киноны цорын ганц өөр эрэгтэй дүр (комедиан У.Содхүү) ч дутуу зохиол, зорилго чиглэлгүй найруулгын бас нэгэн хохирогч болов. Охид аавтайгаа анх уулзах мөчид тэр салхи мэт гэнэтхэн гарч ирэх бөгөөд хэн болох нь тодорхойгүй, охидтой ямар харилцаатай нь ч ойлгомжгүй. Хөгжилтэй энэ залуугийн дүр киноны туршид аавын дүртэй зөрчилдөж байгаад фитнесс бүсгүйн үеэр хумхын тоос ч үлдээлгүй алга болсон бөгөөд төгсгөл хэсэгт гэнэтхэн эргэн ирж, эцгийн дүртэй дотно найзууд болж, бүр тэр айлд хүргэн орсон ч байх шиг... Хүмүүсийн танил царайг рекламны зургандаа багтаах, тайзны хошин шогийн тарган хүний үүрэг биелүүлэхээс өөрөөр энэ дүр ямар зорилго биелүүлж байгаа нь тодорхойгүй. Киноны үйл явдал, туслах дүрүүд, зохиолын эргэлт хувирлууд бүгд дээр дурдсаны адил эмх замбараагүй, ойлгомжгүй эсвэл үнэмшилгүй байв. Миний харж буйгаар энэ асуудал нь жүжигчид, кино багийн гүйцэтгэлтэй төдийлөн холбоогүй бөгөөд зохиол, найруулгын түвшний ноцтой дутагдлаас үүдэлтэй юм. Бүх юмыг хоолтой жишэж болно. Киног ч мөн адил. Хоолны заавар, жортой цаас нь кино зохиол бол түүнийг амилуулан гүйцэтгэх ахлах тогооч нь найруулагч юм. Жүжигчид, уран сайхны арга хэрэглүүрүүд, кино багийн олон ажилчид, компьютер график, техник хэрэгслүүд нь яаж л бол яаж ашиглаж болох хоолны материал, гал тогооны сав суулга, хэрэгслүүд юм. Тогооч хүн энэ нөөц баялгаар түлэнхий цуйван сэгсэрч болно, эсвэл ээжийн хоол, нутгийн амтыг санагдуулам зоог бэлдэж ч чадна. Чухам гар доор буй зүйлээ уран бүтээлч хэрхэн ашиглахаас бүх зүйл шалтгаалах билээ. Харин дутуу жор, зүтгэлгүй тогооч нийлбэл нохой ч тоож шиншлэхгүй жонхуу гарч мэднэ. TL;DR/Хураангуй хувилбар Хамаа замбараагүй үйл явдалтай түүхий зохиол нь сонирхолтой байж болох гол дүрүүдээ живүүлсэн ээлжит инээдмийн кино. Мөнгөө буцааж авмаар байна уу? Билет авсан мөнгөндөө горойж кино сайжрахыг хүлээн эцсийг нь үзсэн. Хүсэл биелээгүй. + Мода нь Монголоор дуусч өгөхгүй байгаа өглөө шүдээ угаадаг эхлэлийг өөрөөр хийх оролдлого + Монгол инээдмийн кино дундаа сонирхолтойд тооцож болох эмэгтэй дүрүүд + Харьцангуй цөөн хэрүүл, хашхичаантай харилцан яриа - Бүх логик, уялдаа холбоо нь замхран алга болдог утгагүй зохиол - Учир зүйн хамааралгүй, үнэмшихэд хүндрэлтэй үйл явдал - Үүрэг хэрэгцээгүй, ойлгомжгүй, хагас галзуу туслах дүрүүд - Үйл явдлын ойлгомжгүй шилжилтүүд - Сэтгэл хөдлөл тулган шаардсан, хэзээ ч зогсдоггүй хөгжим - Trailer-т л зориулсан гэмээр кинондоо авцалдаагүй хэсгүүд - Уран сайхны гэх зүйлгүй, шууд хүчлэн тулгах киноны утга санаа, мессежүүд 2024-06-03 11:08:32 Дэлгэрэнгүй",Оранж энтертэйнмент Насу фильм,90,1ц 30м
2132,Бууны сумыг буцааж болдоггүй,Кино,Дайнт,2019,13+,,4.8,П.Дэлгэрбаяр,Б.Догмид,"Ж.Алтаншагай, Э.Батнямбуу, Б.Отгонбаяр, Ё.Цог, Д.Гүрсэд, Г.Равдан, Г.Мягмарнаран, Н.Нэргүйбаатар, У.Учрал, Жүжигчид П.Дэлгэрбаяр Б.Догмид Ж.Алтаншагай Б.Отгонбаяр У.Учрал Э.Батнямбуу Ж.Солонго Ё.Цог Д.Гүрсэд Г.Равдан Г.Мягмарнаран Н.Нэргүйбаатар",[],87.17165669,1ц 27м
2145,Сүүн замын сахиул,Кино,,2019,ЭЭХ,,6,Т.Анар,,"С.Ариунбямба Ч.Болд Т.Анар С.Болд-Эрдэнэ А.Баттүшиг С.Исембаев Д.Гүрсэд Б.Сүйхцагаан Б.Эрдэнэхүү Ц.Төмөрхуяг Ч.Ганбаатар Ц.Оросбаяр Ж.Оюундарь Ё.Цог Г.Золбоот Ө.Энхболд Н.Алтанхуяг Ц.Төмөрбаатар Л.Уранзул П.Баярмагнай Кино шүүмж Mungun “Сүүн замын сахиул” нь Чингис хааны тамгыг удам залгамжлан хамгаалдаг нууцлаг “сахиул”-уудын талаар өгүүлдэг адал явдалт action кино юм. Монгол төрийн тамгыг өөрийн болгох харийн дайсны явуулга эхлэхэд хэдэн зуун жилийн өмнө холбоо тасарсан “сахиул”-уудын үр сад хувь заяагаараа эргэн холбогдсоноор киноны үйл явдал өрнөдөг. Киноны талаар ярихаас урьтаж киноны нэрийн хуудас болох сурталчилгааны зураг, түүнийг дагалдах тайлбар бичээсийг онцолмоор санагдлаа. Зарим монгол кино тайлбар дээрээхарамласан юм шиг хэдхэн үг “чулууддаг” бол “Сүүн замын сахиул” энэ дутагдлаас зайлсхийх гэж хичээхдээ хэт их зүйл нуршжээ. Бага ангийн хүүхдийн зохион бичлэг байхад ч ахдахаар сунжруу урт текст нь нүд эрээлжлүүлж, сонирхол төрөх нь битгий хэл гайхан төөрөх их үйл явдлыг өгүүлсэн байна. Харин постер зургийн хувьд дундад зууны хувилбар нь цухас харахад “Бөгжний Эзэн”-ий “Хоббит” киноны одой дайчдыг санагдуулам бол орчин үеийн хувилбар нь “Рекитир”-ийн Саяан (жүжигчин Саят Исембаев)-ийг кинондоо байгааг бардам дэлгэжээ. Гэвч дэндүү түгээмэл улбар шар/цэнхэр өнгийг эсрэгцүүлэх дизайны шийдэл нь залхуу бөгөөд бүтээлч бус байв. Товчхондоо киноны тайлбар нь үйл явдлыг хялбар ойлгуулж чадаагүй бол, сурталчилгааны зургууд нь нүдэнд онцлох зүйлгүй байлаа. Монгол кинонд түгээмэл ажиглагддаг энэ дутагдал нь театрт ирээд хөлс хүчээ шавхан байж олсон мөнгөө аль кинонд өгөх вэ хэмээн гашилгаж байгаа үзэгчийн шийдвэрт тодорхой хэмжээнд нөлөөлдөг болов уу. Зиа одоо кинондоо оръё. Киноны эхэнд “Star Wars” маягийн тайлбар уйгаржин монгол бичгээр дэлгэц дүүрэн гарах боловч түүний дунд төрийн хасбуу тамга гэж юу вэ, сахиулууд яагаад 60 жил тутамд ганцхан уулздаг юм бэ, тамга хүний гарт яагаад орж болохгүй вэ зэрэг чухал мэдээлэл үгүйлэгдэж байв. Төрийн тамга бол монголчуудын тусгаар тогтнол, биеэ даасан бүрэн эрхэт байдлын билэг тэмдэг юм гэдгийг бид “автоматаар” гадарладаг. Гэвч тэр тамгыг хамгаалах яагаад тийм чухал юм бэ гэдгийг кино хангалттай таниулаагүй тул хасбуу тамга нь ямар нэг алтны уурхай, үл хөдлөх хөрөнгө эзэмшлийн бичиг, компанийн үнэт цаас, Жангумын ээжийн цууны нууц жор, “Ядуугийн зовлон”-гийн эрдэнэс байсан аль нь ч ялгаагүй хүмүүсийг өрсөлдүүлэн тэмцэлдүүлэх учиртай ердийн нэг зохиолын хэрэгсэл (plot device - MacGuffin) байсанд урам хугарав. Зун нээлтээ хийсэн “7-р тусгай тасаг” кинон дээр ажиглагдсан бас нэг асуудал энд давтагдсан нь тулааны хэсэг байлаа. Хэдий хувцас хэрэглэл нь боломжийн хийцтэй, цөөнгүй тооны цэрэг ашигласан бэсрэгхэн байлдаантай хэсэг энд байсан боловч элдвийн реклам, кинонд “өвөө”-гийн дүрээр л харагддаг ахмад жүжигчид залуусын “дунд нь эргэх” нь дэндүү үнэмшилгүй байв. Action домог “Rambo”-ийн од Sylvester Stallone хүртэл алдарт боксчинтой цуврал “Rocky”-ийнхоо үргэлжлэл “Creed” кинонд хөгшин дасгалжуулагчийн дүрлүү шилжиж, нас намба, хашир туршлагадаа суурилсан “тоглолт” хийж байхад угийн action баатар гэдгээр нь мэдэхгүй ахмад жүжигчдэд зэвсэг атгууландайн тулаанд оролцуулах нь оновчгүй болов уу. Үүний зэрэгцээ өмнө дурдсанчлан хасбуу тамга болон түүнд хүргэх хүзүүний зүүлтийн ач холбогдлыг кино төдийлөн ойлгуулаагүй тул сахиулуудын цус нөж дүүрэн золиос сэтгэл хөдөлгөсөнгүй. Хасбуу тамга Монгол улсад яагаад хэрэгтэй талаар бодож суутал киноны оршил хэсэг өндөрлөж, үйл явдал орчин цагт ирэв. Дундад зууны хэсэг нь хийцийн хувьд (production design) үнэтэй харагдах боловч үзэгчид сэтгэл хөдлөл үүсгэх тал дээр маруухан байсан бол, орчин үеийн хэсэг нь гял цал зүйл багатай ч утга агуулгын хувьд илүү сайн байсан мэт санагдав. Сахиулууд нэр нөлөөгөө алдаж, мартагдан доройтсоноор үр сад ньч энгийн жаргал зовлонтой жирийн хүмүүс болжээ. Гэвч өвгөдөөс үлдээсэн тэдний үүрэг, түүнийг дагах аюул ард хоцорсонгүй. Киноны үйл явдал Монгол, Орос, Хятадад өрнөдөг. Монгол дахь үйл явдлын дийлэнх хэсэг дасал болсон Улаанбаатарт бус өөр хот сууринд өрнөсөн нь таалагдсан бол, хоёр хөршид болох үйл явдал гадны “гоё” газруудад зургаа авснаа гайхуулах бус киноны дотоод ертөнцийг нээх зориулалттай байсан нь сэтгэлд хүрэв. Мөн түүнчлэн танил жүжигчдээс гадна цөөнгүй гадны жүжигчид кинонд байсан нь “Сүүн Замын Сахиул”-ын адал явдлыг өргөн цар хүрээтэй, үнэмшилтэй мэт болгож байлаа. Харамсалтай нь монгол кинонд төдийлөн ажиглагддаггүй өөрийн гэсэн сонирхолтой орчин (world building), бие даасан үлгэр домог (lore)-той “Сүүн Замын Сахиул” гэх нэгэн ертөнцөд түүний “тоосыг хөдөлгөх” хүчирхэг дүрүүд дутагджээ. Гэвч энэ нь жүжигчдийн чадвар гүйцэтгэл бус, тухайн дүрүүд хэрхэн дүрслэгдсэнтэй холбоотой болов уу. Нийт дүрүүдийн мотиваци, боломж чадал, хүсэл мөрөөдөл хэт ойлгомжгүй байгаа нь сөрөг дүрүүдийн жишээнээс хамгийн тод харагдаж байв. Хятадад байх нууцлаг ноён (жүжигчин Ц.Төмөрхуяг) болон түүний монгол дахь төлөөлөгч (жүжигчин С.Болд-Эрдэнэ) нар нь гол дүрүүдийг загнан зандарч, сүрдүүлж, хахуульдаж, амь насанд хүрэхийг завдах боловч хүссэнээ авахаар улайран тэмцэхгүй, гартаа оруулаад ч юу хийх нь ойлгомжгүй, юунаас айж хэний зараалаар хөдлөх нь тодорхой бус байсан нь тэднийг сонирхолгүй болгож байлаа. Юуны төлөө амьдарч, хэний төлөө тэмцэж байгаа нь ойлгомжгүй байх ижил асуудал гол болон туслах дүрүүдэд ч их бага хэмжээгээр ажиглагдсан. Миний бодлоор “Сүүн Замын Сахиул” кино өөрийн сонирхолтой үүдэл санаа (premise)-аа ашиглан зорилтот зах зээлээ “Hunger Games”, “Divergent”, “Maze Runner” гэх мэт киног сонирхдог залуучуудад (young-adult) чиглүүлсэн бол хэд хэдэн ангитай франчайз болох боломжтой байсан болов уу. Учир нь уг кинонд үлгэр домог, тодорхой хэмжээний “ертөнц” байсан боловч “action” жанрын бүтээл байхад хангалтгүй гүйцэтгэлтэй санагдсан юм. Орчин үед өрнөдөг Монгол action кинонд их хэмжээний буудалцаан үнэмшилтэй байсан тохиолдол үгүй. “Сүүн Замын Сахиул”-д буудалцаан бага дүрслэгдэж, гол анхаарал нь зодоон, хөөцөлдөөнд чиглэсэн нь оновчтой сонголт байв. Хэт их чичирхийлсэн зураг авалт (shaky-cam), замбараагүй монтаж ховор байсан нь ч таалагдсан. Гэвч цөөн хүнтэй, богинохон хугацаатай тулаанууд нь Холливудын гэлтгүй Ази action кинонд 1990-ээд оноос хойш “нүдүүлсэн” үзэгчдийн цөсийг хөөргөхөд дэндүү хангалтгүй болов уу. Дээр нь нэмээд 90-ээд оны Mortal Kombat-аас шууд авчихсан мэт авцалдаагүй бөгөөд хэтрүүлэгтэй дууны эффектүүд тэдгээр хэсгийн үнэмшлийг эрс унагааж байлаа. “Сүүн Замын Сахиул”-ийн үйл явдлын дараалал хэмнэлд ч цөөнгүй асуудал ажиглагдав. Киноны гуравны нэг хүртэл гол дүр нь хэн гэдэг нь ойлгомжгүй бөгөөд хасбуу тамганы төлөөх “аминд тулсан & яаралтай” адал явдал үе үе гэнэтхэн зогсоод, хэдэн долоо хоног, хэдэн сар жил юу ч болоогүй мэт өнгөрөх нь гайхалтай. Дүгнэж хэлэхэд “Сүүн Замын Сахиул” кино нь Монголчуудын эв нэгдлийн үзэл санаа, үзэхэд сонирхолтой жүжигчид, өргөн цар хүрээг хамрахыг зорьсон адал явдал зэрэг давуу талтай боловч Монгол кинонд түгээмэл ажиглагдсаар буй сул дүрүүд, тэдний сэтгэл хөдлөл өдөөдөггүй зорилго тэмцэл зэрэг суурь асуудлуудыг давтжээ. Найруулагч Т.Анарын өөр ямар бүтээлийг үзэж байсан бэ? Өөр бүтээлийг үзэж байгаагүй. “Google”-дэж үзэхэд найруулагчаар ажилласан анхны кино нь бололтой. TL;DR/Хураангуй хувилбар “Action” кино үзнэ гэж бодож орвол тулаан, хөөцөлдөө, буудалцаа нь үзэгчийг цатгаж чадахгүй. Түүх домог, дүрүүд, адал явдал, action зэрэг нь үр дүнтэй холбогдоогүй. Харин үүдэл санааг хэд хэдэн кинотой франчайз болгох боломжтой мэт санагдсан. Мөнгөө буцааж авмаар байна уу? Үгүй. Гэхдээ цаг мөнгөө зарцуул гэж санал болгоход хүндрэлтэй. Энэ намар гарсандөнгүүр киноны нэг боловч дутуу зүйл олон. Үзээд учиргүй уйдаж залхахгүй ч, өнжлөө гээд их юмнаас хоцрохгүй. + Өргөн том ертөнц бүтээх оролдлого (world-building) + Сонирхолтой байж болохоор амбицтай санаа (premise) + Хэтрүүлсэн, ядсан жүжиглэлт ховор + Ядсанхошигнол огт байхгүй + Панмонголизм - Киноны зөрчлийг үүсгэж байгаа зүйлийн үүрэг хэрэгцээг хангалттай ойлгуулаагүй - Олон сарнисан адал явдал нь аманд ч үгүй, хамарт ч үгүй сул эцсийн цэгтэй (pay-off) - “Төөрсөөр төрөлдөө” хэт азтай учралууд - Хангалттай мотивацигүй сул дүрүүд - Тулааны дуу чимээ онцгой муу - Уран сайхнаар бус хүчилсэн аргаар өгүүлэх мессеж - Киноныхоо өгүүлэмжид юу ч нэмдэггүй цус нөж, хэрцгийлэл - Урамгүй төгсгөл 2024-06-03 11:11:25 Дэлгэрэнгүй",Титанс фильм Хаанаас үзэх вэ?,87.17165669,1ц 27м
2148,Монголын сүүлчийн эзэн хаан,Кино,,2021,Ангилал хийгдээгүй,,7,Б.Цогтбаяр,,"Ч.Болд, Ө.Мөнгөнтулга, Ц.Цэрэнболд, Д.Гүрсэд, С.Болд-Эрдэнэ, Жүжигчид Ч.Болд Д.Гүрсэд Б.Цогтбаяр Ө.Мөнгөнтулга С.Болд-Эрдэнэ Ц.Цэрэнболд",[],87.17165669,1ц 27м
2151,Энгийн иргэн,Кино,,2019,16+,,7.2,Э.Чинзориг,Э.Чинзориг,"Э.Чинзориг Ш.Доржсүрэн Т.Бадамжав С.Зоригтбаатар Х.Манлайбаатар С.Батзориг Р.Адъяа М.Саранцэцэг Кино шүүмж Mungun Харин шинэ долоо хоног гарсаар сүр дуулиан багатай нээсэн боловч нэртэй жүжигчнээр зургаа чимсэн “Энгийн Иргэн” киног эргэн санав. Өндөр сэтгэл ханамж авсан “Ad Astra”-аас дутахгүй гоё кино байсныг нь би дутуу үнэлж, үзэлгүй орхисон юм биш биз? “Энгийн Иргэн” нь идсэн ууснаа шингээж чаддаггүй хоёр эр “мэргэжлийн шантаажчин”-ы ээлжит бай болж байгаа талаар гардаг инээдмийн жанрын кино юм. “ЖИЖҮҮРИЙН” ЭХЛЭЛ Кино эхлэхэд бид гол дүр болох явуулын хүнсний лангуу ажиллуулагч бүтэлгүй эр (дуучин Зоригт) болон түүний эхнэртэй (жүжигчин Бадамжав) танилцана. Өглөөний сэрүүлэгт гол дүр сандран босох улиг эхлэлийг эс тооцвол эхнэр нөхөр хоёрын эвсэг харилцаа, гэр бүлийн санхүүгийн гачигдал, дахиад хүүхэдтэй болох хүсэл гээд тэдний талаар хангалттай ойлголтыг кино өгдөг. Энэ хоёр амжиргаагаа залгуулах зуур гол дүрийн найз болох цүнх баригч эр (жүжигчин Батзориг) гэнэт гарч ирж, гол дүрийг уруу татан архидна. Маргааш нь тэд урд шөнийн явдлаа санахгүй байх бөгөөд бүлэглэн хүн зодсон хэргээр цагдаад дуудагдсанаар киноны үйл явдал өрнөдөг. УРАМ ХУГАЛАХ ДҮРҮҮД Хачирхалтай нь дүрүүдийн зорилго чиглэл, хүсэл мөрөөдөл, ертөнцийг үзэх үзэл нь энэ киноны туршид нэг ч удаа сорилтод орох буюу өөрчлөгддөггүй. Эхнэр буюу эмэгтэй туслах дүрийн жүжиглэлт боломжийн сайн байсан ч тэр дүрийн ач холбогдол киноны явцад сулран багасдаг. Харин арчаагүй шинж чанар давамгайлах гол дүрийн залуу болон түүний үл бүтэх найз хоёр киноны эхлэлийн цэгээс эцэс хүртлээ хувирч өөрчлөгддөггүй. Гол дүрийн залуу хэтэрхий гэнэн, санаачлагагүй, арчаагүй байдлаа орхиж эрх ашгийнхаа төлөө босч зогссон бол, эсвэл түүний найз болох цүнх баригч эр буруу замаар яваагаа ойлгож үлгэр жишээ төрийн албан хаагч болсон бол дүрүүд сонирхолтой байхын дээр кино ч илүү үзүүштэй болох байжээ. Харин “Энгийн Иргэн”-ий үндсэн сөрөг дүр (жүжигчин Доржсүрэн) энэ жил Монгол кинонд үзсэн харьцангуй сонирхолтой сөрөг дүрүүдийн нэг байлаа. Тэрээр “мэргэжлийн шантаажчин” бөгөөд түүний хувьд гол дүрийн хоёр эр бол ердөө л олон ажлынх нь нэг юм. Ажилчдадаа шаардлага тавьж, байгууллагын хурал маягийн зүйл хийж байгаа нь тухайн дүрийг баялаг болгож байв. Гэхдээ энэ жилийн Монгол киноны сулхан сөрөг дүрүүдээс бага зэрэг илүү байсан гээд “мэргэжлийн шантаажчин”-ий дүр үзүүштэй сайн байсангүй. Солонгос савангийн дуурийн хашхичсан байдал, нөгөө л ширүүн царайтай бие хамгаалагчид, жижүүрийн том машин, байдаг л тансаг байр зэрэг зүйлс хүрээлнэ. Эдгээр нь сүр хүч, аюул түгшүүрийг мэдрүүлсэнгүй. Харин ч Монгол киноны “босс ах”-ын дүр нь “хөдөөний мангар”-ын дүрийн адилаар шинэчлэл хэрэгтэй улиг болсон дүр болохыг сануулав. Хөдөлмөр зарцуулсан боловч өвөрмөц зүйлгүй уйтгартай сөрөг дүр, мөн чанар нь хувирч өөрчлөгддөггүй гол дүрүүдэд “Энгийн Иргэн”-ийг “авч явах” ахадсан даалгавар оногджээ. ЗАНАЛТ, ЗАНДРАЛТ БАС ХАШХИЧИХ НЬ ҮР ДҮНТЭЙ ХАРИЛЦАН ЯРИА МӨН ҮҮ? Киноны нөхцөл байдлыг улам хүндрүүлж байсан зүйл нь эдгээр дүрийн хэрүүл, хашхичих, заналт зандралаас бүрдсэн чихэнд чийртэй, залхам харилцаа байв. Яригдаж буй зүйлсийг “харилцан яриа” гэж нэрлэхэд бэрх. “Гуагичин амьтны ертөнц” гэлтэй. Мөн түүнчлэн тайзны хошин шогийн нөлөөтэй кинонуудад ажиглагддаг этгээд хэллэг, “трэнд үгүүд”-ийг энд их хэмжээгээр ашигласан нь энэ удаад хэтэрхий хүчилсэн мэт. “ДАЛАН ЗАДГАЙ” ҮЙЛ ЯВДАЛ Үйл явдлын хувьд “Энгийн Иргэн”-ийг цэвэрхэн идэж ууж чаддаггүй хүмүүстэй гэдгээр нь Холливудын “Hangover” (Шарталт), хоёр Монгол найзын талаар гэдгээр нь саяхан гарсан “Өндгөн Толгойт”-той жишиж болох юм. Харамсалтай нь энэ кинонд “Hangover”-ийн галзуу эргэлтүүд, хүндрэл бэрхшээлийг хамтдаа давж буй нөхөрлөлийн утга санаа үгүй. Эсвэл “Өндгөн Толгойт”-ын харьцангуй хөгжилтэй гол дүрүүд, мөн харьцангуй илүү хөдөлмөр шингээсэн хийц чанар ч байсангүй. Зохиолын хувьд “Энгийн Иргэн”-нд нэг нь нөгөөгөөсөө урган гарах үйл явдлын учир зангилаа үгүй бөгөөд болж байгаа зүйлсийн хооронд логик хамаарал ховор байлаа. Дүрүүдийн санаачлагатай үйлдэл, шийдвэр гэхээс илүүтэй хүчилсэн гэмээр үйл явдлууд цуврав. СОНИРХОЛТОЙ БИШ УТГА САНАА Кино нь орчин үеийн олон нийтийн сүлжээний “сенсаацлах” асуудал, нийгэм улс төрийн паянууд, сонгуулиар “амь ордог” хачирхалтай хүмүүс зэргийн дүрслэл шүүмжлэл боловч эдгээр асуудлыг киноны мэдэхгүй, ухаараагүй үзэгч үгүй болов уу. Хүн бүрийн мэдэж байгаа зүйлийг “Энгийн Иргэн” шинэлэг өвөрмөц байдлаар тусгах, ухаалгаар шүүмжлэх оролдлогыг хийсэнгүй. Миний хувьд кино урлагийн гоо сайхан нь ямар ч улиг болсон зүйлийг өвөрмөц шинэ өнцгөөс тусгаж, хүмүүсийн анхаарал сэдлийг хамгийн уйтгартай зүйл дээр ч гайхшруулан барих хэмээн боддог юм. “Энгийн Иргэн” нь миний хувьд энэ жил үзсэн хамгийн сул Монгол кинонуудын нэг байлаа. Өмнөх кинонууд дунд сэтгэл хөдөлгөөгүй бүтээлүүд цөөнгүй байсан ч тэдгээр нь “Энгийн Иргэн”-тэй жишихэд харьцангуй ололт амжилттай байсан мэт санагдав. TL;DR/Хураангуй хувилбар “Монгол кино үзээд хэрэг байхгүй” хэмээн дотоодын кинонд итгэл алдраад буй цөөнгүй хүний үзэл бодлыг энэ кино эвдэх биш илүү бэхжүүлнэ. Хошин шог үзэхээ больсон бүх шалтгаанаа эргэн санахыг хүсвэл энэ киног үз. Харин багын дурсамж болсон чанартай хошин шогуудаас ялгаатай нь энд утга учир, уран бүтээлч хандлага, инээдэм байсангүй. Мөнгөө буцааж авмаар байна уу? Хайран мөнгө. Хамгийн гол нь хайран цаг минь. + Энэ жил үзсэн гайгүй жүжиглэлттэй цагдаагийн дүр (жүжигчин Манлай) + Сонирхолтой сөрөг дүр бүтээх гэж хичээсэн (antagonist) - Хангалтгүй, тулгуу сурталчилгаа (advertising, public awareness) - Бүтээлч байдлаар хандаагүй үүдэл санаа (premise) - Facebook дээр олноор хийгдэж байгаа сонирхогчийн бичлэгүүдээс ялгагдах зүйлгүй хийц (production design) - Нэг ч инээх хэсэггүй инээдмийн кино - Эмх замбараагүй бүтэц дараалал (structure) - Ямар нэгэн дотоод логикгүй, учир зүйн хамааралгүй үйл явдал - Улиг болсон хуучин санаануудыг л давтахаас биш хэлэх зүйлгүй, зорилго чиглэлгүй зохиол - Сэтгэлтатах зүйлгүй, сонирхолтой биш, “хаашаа ч явдаггүй”, өөрчлөлтгүй гол дүрүүд - Туршлагатай жүжигчдийг сориогүй, хий үрсэн дэмий дүрүүд - Нэг удаагийн аяга шиг хэрэг нь дуусаад л үзэгдэхээ больдог туслах дүрүүд - Хэрүүлээс л бүрдэх харилцан яриа - Хүчилсэн хошин шогийн хэллэгүүд - Зөрүүтэй сонсогдохдууны эвлүүлэг - Илт англиар ярьж байгаа арын шум ашигласан байсан 2024-06-03 11:00:36 Дэлгэрэнгүй",Лоожикфильм (Logicfilm) Пойнт продакшн Хаанаас үзэх вэ?,87.17165669,1ц 27м
2153,Том амжилт: Том Толгойтын адал явдал 3,Кино,,2019,Б,,7.3,,,,Бросис пикчерс Хаанаас үзэх вэ?,87.17165669,1ц 27м
2155,Мам,Кино,,2019,16+,,7.1,Б.Ганболд,Д.Золзаяа,Б.Батчимэг Б.Ганболд Д.Золзаяа н.undefined Л.Эрдэнэ-Очир Т.Дашсурмаа Ж.Пүрэвдорж О.Золжаргал Р.Баттогтох Ц.Төмөрбаатар Б.Пүрэвдорж А.Жавзан,Хамба фильм Хаанаас үзэх вэ?,87.17165669,1ц 27м
2157,Однажды UB,Кино,,2019,13+,,7,Б.Батбаатар,Д.Алтансүх,Г.Билгүүн Р.Адъяа Б.Батбаатар Д.Алтансүх Б.Азжаргал Э.Батхүү Б.Баатархүү Н.Баясаа С.Зоригтбаатар М.Баярмагнай Ш.Жавхлан Ц.Төмөрбаатар Д.Дэлгэрсайхан Б.Даваажав,Хас форм пикчерс,87.17165669,1ц 27м
2158,Хадмын хайр,Кино,,2020,ЭЭХ,,7.5,Д.Отгонбаяр,Д.Отгонбаяр,Д.Отгонбаяр Ш.Доржсүрэн Д.Гэрэлмаа Г.Сэр-Од М.Наранмөнх Б.Дэлгэрмөрөн Б.Навчаа Д.Оюунтуул Т.Хулан Б.Баатархүү М.Энхриймаа Т.Баттулга Р.Адъяа,Оюунлаг продакшн Хаанаас үзэх вэ?,87.17165669,1ц 27м
2166,Таарсан хоёр,Кино,,2020,13+,,4.9,М.Энхдалай-ийн,Ж.Оргил,"М.Баярмагнай М.Энхдалай Ж.Оргил Э.Урангоо Д.Баттөмөр Б.Ариунцэцэг Ц.Мичидмаа Б.Гэгээнсар Д.Гүрсэд А.Цэгмэд Кино шүүмж Mungun 2019 онд 20 шинэ Монгол кино үзэж, түүний 18-д нь review бичсэн боловч сонирхолтой байж болох цөөнгүй хэдэн киног зэрэгцсэн нээлт, давхацсан ажлаас үүдэн үзэж амжаагүйдээ харамссан юм. Тиймээс 2020 онд илүү олон Монгол кино үзэх, сэтгэгдэл бичих зорилтыг өөртөө тавив. Тэгвэл Монгол кино урлагийн шинэ он, шинэхэн арваныг нээх хүндтэй үүргийг нэгдүгээр сарын нэгний өдөр нээлтээ хийж буй “Таарсан Хоёр” кино хүлээжээ. “Таарсан Хоёр” нь цайчихсан луйварчин, бүх юмаа тавиад туучихсан хохирогч хоёрын талаарх инээдмийн кино юм. “Монгол кино”, “хошин урлаг”, “инээдмийн” гэх үгс нэг дороо байх нь тун эрсдэлтэй. Учир нь эдгээр үг ""муу зохиол"", ""шинийг сэтгэхээ зогссон салбар"", ""сайн бүтээл барагтай гардаггүй жанр"" зэргийг илэрхийлэх болсоор багагүй хугацаа өнгөрчээ. Тиймээс миний хувьд “Таарсан Хоёр” киноны хүлээлт тийм ч өндөр байсангүй. Хачирхалтай нь хамгийн доод цэгтээ тулсан гэж бодсон Монгол инээдмийн киноны хүлээлт сэтгэгдэл минь уг киног үзэж дууссаны дараа элгээрээ мөлхсөн байв. “Таарсан Хоёр” нь Монгол киноны нэр хүнд, хүлээлт, үзэгчдийн итгэл найдварыг хөсөрдүүлсэн ""ялыг"" үүрэлцэх ёстой ээлжит нэгэн муу кино болжээ. Киноны эхэнд бид орох оронгүй болоод байгаа Онон (жүжигчин М.Баярмагнай) болон түүний эхнэр охидтой танилцана. Үзэгчид тэдний төлөө санаа тавьж, тэдний үйлдлийг ойлгон зөвтгөх ёстой боловч киноны дүрсэлж буй зүйлс яг эсрэг сэтгэл хөдлөлийг бий болгож байлаа. Эхнэр нөхөр хоёр байрны урьдчилгаанд хангалттай хүрэх чамгүй хадгаламж, өвөр дээр нь үнэгүй унаад ирсэн хээнцэр аяллын машинаа (бүр тал үнээр нь шүү!) тансаг хаус зарж буй луйварчинд өгснөөр киноны адал явдал эхэлдэг. Аливаа кинонд бүх зүйл үнэмшилтэй байх шаардлага үгүй. Учир нь кино бодит амьдрал биш билээ. Гэвч дүрүүдийн үйлдэл шийдвэр, зохиолын логик дараалал, үйл явдлын “амьдралтай” байдал хэт олон давтагдах эсвэл хэтэрхий том алдаа гаргаж эхлэхэд үзэгчдийн кинонд уусах итгэл үнэмших (suspension of disbelief) үгүй болдог. Яг энэ асуудал “Таарсан Хоёр” кинонд нүүрлэжээ. Гол дүрийн эхнэр нөхөр хоёрын хоорондоо ярилцдаггүй хөндий харилцаа, гэр бүлийн санхүүгийн шийдвэрийг сэтгэлийн хөөрлөөр толгой мэдэн гаргах хариуцлагагүй байдал, бодлого бэлтгэлгүй гэр бүл төлөвлөлт гэх мэт үйлдэл нь тэднийг эхний арван минутад л сайн сайхан амьдралд үнэмшилтэйгээр хүрч чадахгүй дорой дүрүүд болгож байв. Үүний дээр гол дүр болох Онон олон зовлон тоочих, хүмүүст өрөвдүүлэх замаар хүссэнээ авах, нэг худал хуурмагийг дараагийн худал хуурмагаар хаацайлдаг байдал үзэгчдийн тэвчээрийг барна. Харин киноны хоёр дахь гол хүн болох Цэцэ (жүжигчин Д.Баттөмөр)-гийн хувьд харц нь нэг газраа тогтолгүй гүйлгэнэж, инээх уйлах нь галзуу солиотой хүн шиг хором бүр хувирч, орилоон хашхичаан, гиншээ шивнээ, хиймэл инээдийг чих чилтэл бялхуулдаг тайзны хошин шогийн “өнөө л” улиг болсон дүр байв. Өөрөөр хэлбэл энэ киноны Цэцээгийн дүрийг жүжигчин Д.Баттөмөрийн бүтээдэг “Банш Батаа” хэлбэрийн бусад дүртэй байрыг нь солиход зөрүү гарахгүй. Гэвч энэ нь зөвхөн жүжигчин Д.Баттөмөрт ажиглагдаж буй зүйл биш юм. Олон Монгол жүжигчин хоорондоо ялгагдах зүйлгүй нэгэн хэвийн дүрээ бүх кинонд “copy-paste” хийдэг нь тэдгээр дүрийг, цаашлаад тэр киног санаанд үлдэх зүйлгүй болгодог билээ. Манай жүжигчид үнэхээр хувирч өөрчлөгдөх чадваргүй байна уу, эсвэл продюсер найруулагчид нь авьяаслаг жүжигчдийг хүчээр нэг хэвэнд цутгаад байна уу, эсвэл кино зохиолчдод бүтээлч байдал, эрэл хайгуул дутагдаж байна уу? Ямартай ч энэ асуудал дан ганц жүжигчдийн шийдвэрлэх зүйл биш болов уу. Цаашлаад сонирхолтой байж болох гэр бүлийн дүрүүд хөсөр хаягдсан, киноны төгсгөлд гэнэтийн илүүц дүрүүд нэмэгдсэн, гол дүрүүдийн хувирал өөрчлөлт (character arc) үнэмшилгүй хийгээд тууштай бус байсан гэх мэт дүрүүдийн талаар олон зүйлийг дурдаж болно. Харин киног үйл явдлын хувьд түүнийг сайшаах буюу сайжруулах талаар яриа дэлгэхийн тулд эхлээд кинонд өөрт нь зохиол гэдэг зүйл байх хэрэгтэй болов уу. Харамсалтай нь “Таарсан Хоёр”-т ямар нэг бодол санаа, эрэл хайгуул шингэсэн “кино зохиол” хэмээн нэрлэж болохоор зүйл огт байсангүй. Орчин үеийн Монгол киноны билэг тэмдэг болсон авцалдаагүй түмэн үйл явдал, ядсан хошигнол, хөдөлж өгдөггүй өрнөл, уялдаа холбоогүй зохиомжуудын хэлхээ нь уг киноны үйл явцыг бүрэн тодорхойлдог. Энэ киноноос мэдэрсэн миний цухалдал кино баг эсвэл жүжигчдэд чиглэсэнгүй. Эцсийн дүндээ тэд найруулагчийн үгээр хөдөлж, зохиолын дагуу л ажиллаж байгаа хүмүүс. Гэвч зохиолч, найруулагчдын түвшинд үзэл хандлага, соёл боловсролын томоохон өөрчлөлт гарахгүй бол Монгол кино Netflix, HBO, Amazon, Disney-ийн эринд оршин тогтнох орон зайгүй болж байна. Монгол үзэгчид дотоодын киногоо дэмжиж байж сайн бүтээл гардах болох нь зүйн хэрэг. Гэвч ийм төрлийн кино мөнгө олсоор байвал хэзээ ч юу ч өөрчлөгдөхгүй билээ. Уран бүтээлчид маань хэлэх санаатай, үзүүлэх зүйлтэй болсон үедээ л чанартай кино хийгээсэй. Дотоод гадаадын шинэ хуучин олон сайн киног гэртээ суугаад дуртай цагдаа үзэх боломжтой болсон энэ үед чанар бүхнийг тодорхойлж байна.",Бат медиа Хаанаас үзэх вэ?,87.17165669,1ц 27м
2167,Галт шувуу,Кино,Спортын,2019,ЭЭХ,,5,,,"Б.Анхбаяр, Р.Нандинцэцэг, Жүжигчид Б.Анхбаяр Р.Нандинцэцэг",[],87.17165669,1ц 27м
2168,Буруу өрөг,Кино,,2020,13+,,8.8,О.Бат-Өлзий,Т.Бум-Эрдэнэ,"О.Бат-Өлзий Т.Бум-Эрдэнэ Б.Барслхагва Г.Равдан М.Баярбат У.Батбаатар Б.Одончимэг А.Цэгмэд Ц.Хүсэлбаатар П.Баттөр Ц.Алдармаа Т.Баярмагнай Кино шүүмж Mungun ""Цаазын ялыг дэмжих шүдгүй пропаганда"" Гэмт хэргийн сэдэвтэй кино ямар бүтэцтэй байдгийг хэн хүнгүй мэднэ. Киноны эхэнд аймшигт хэрэг үйлдэгдэнэ. Мөрдөгч хэргийг хариуцах бөгөөд цагдаагийнхны баривчилсан эхний хүн жинхэнэ гэмтэн биш байна. Мөрдөгч хэргийн судалгаагаа үргэлжлүүлнэ. Элдвийн хүмүүстэй уулзана. Энэ үед хэрэг үргэлжлэн гарсаар байх бөгөөд мөрдөгч ажлаасаа халагдах эсвэл бүр ойрын нэг хүн нь ч амиа алдаж болно. Ийнхүү мөрдөгч хүнд байдалд ороод байх үед хэн нэгэн нь санамсаргүй байдлаар хэргийн чухал сэжүүрийг гэнэтхэн тайлна. й Эцэст нь хэрэгтэн хэчнээн гоц ухаантай байсан ч хуульд гүйцэгдэнэ. Харин түүнийг барьсан мөрдөгчийн дотоод ертөнц хэдийнэ бузар хэрэгт булингартаж, тэр өөр хүнд хувилсан байна... Нэг л ""томьёо""-гоороо бүтдэг мэт боловч алдартай шилдэг бүтээл тасардаггүй уг жанрын “Буруу Өрөг” нэртэй монгол кино өнгөрсөн долоо хоногт нээлтээ хийжээ. “Буруу Өрөг” нь нэгэн улс төрчийн хулгайлагдсан балчир охиныг сурвалжлах мөрдөгч, гэмтэн нь хэдий баригдсан ч ээдрээ нь үл тайлагдах нууцлаг хэргийн талаар, мөн цаазын ялын тухай өгүүлэх детектив кино юм. Киноны талаар ярилцах, review бичихдээ тухайн бүтээлийн төрөл жанрыг заавал дурддаг нь уг киноны ерөнхий бүтэц, үйл явдлын дараалал, өгөх мэдрэмжийн “хар зураг”-ийг харилцаж буй хүндээ өгч байгаа хэрэг билээ. Жанрын “уламжлал” (genre conventions)-ийг уран бүтээлчид эрэл хайгуулгүй тэр чигээр нь дагахад өвөрмөц онцлоггүй дамжлагын бүтээгдэхүүн гардаг. Үүний жишээ нь сүүлийн жилүүдэд хоорондоо ялгагдахаа больсон ""супер баатрын кинонууд"" болов уу. Харин жанрын “уламжлал”-ыг уран бүтээлч судлахгүй байх, хэт умартах, үл ойшоох нь киног хэлбэр бүтэцгүй, үзэгчдэд ойлгомжгүй ""бантан"" болгодог нь олон Монгол кинон дээр илэрхий байдаг. Харамсалтай нь “Буруу Өрөг” кино нь гэмт хэрэгт кино жанрын уламжлалыг даган дуурайх, бүтээлчээр “эвдэх” бус Монгол киноны бүтэц дараалалгүй өрнөл, ""харсан зүгтээ гүйх"" зорилгогүй дүрүүд, дэндүү азтай зохиолын эргэлт гэх мэт “нөгөө” уламжлалыг үргэлжлүүлжээ. “Буруу Өрөг” киноны өвөрмөц нэгэн оролдлого нь гэмт хэрэгтэнг киноны төгсгөлд бус дунд хэсэгт барих байв. Нэгэнт торны цаана орсон хэрэгтэн яагаад охиныг хулгайлсан, байршлыг нь чухам ямар шалтгаанаар хэлэхгүй өөрийгөө тамлаад байгааг нь мөрдөгч аажмаар илрүүлэх гэдэг нь цаасан дээр уншихад сонирхолтой санаа мэт. Гэвч кино нь найруулга дарааллын хувьдтийм ч уран байгаагүйгээс мөрдөгчид хэрэгтний талаар цуглуулсан мэдээлэлд тохирсон анхны хүнийг гудамжнаас барьж аваад, ялыг нь эдлүүлж эхэлсний дараа нотлох баримтаа цуглуулж байгаа мэт хачирхалтай тогтолцоог үзүүлэв. Найруулгын хувьд “Буруу Өрөг” нь үйл явдалд хүч нөлөөгүй зүйлсийг олонтаа үзүүлэх, тухайн хэсгийн сэтгэл догтлол, нууцлаг байдал (suspense)-ыг хялбар шийдлээр өндөрсгөн нэмэгдүүлж болох цөөнгүй боломжийг цалгардуулах зэрэг дутагдалтай зүйлс тогтмол ажиглагдаж байв. Охины гэр бүл болон цагдаагийн дарга мөрдөгчийг загнах нь огтоос сонин бишийн адил мөрдөгч хэрэгтний гэрээр ороход хэрэгтэн зугтааж байгааг үзэгчид мөрдөгчөөс түрүүлж харах нь учир дутагдалтай шийдлүүдийн зарим жишээ юм. Харин найруулгатай адил киногоо хөсөрдүүлсэн зүйл нь зохиолоос гадна дүрүүд. Гол дүрүүд сэтгэл татах зан чанар, шинж байдал, харах өнцөггүй байхын сацуу ажилдаа чадваргүй, мэргэжлийн бус байх нь эмгэнэлтэй. Дээд боловсрол нь холливудын детектив кино байсан мэт мөрдөгч, кино багт хуулийн зөвлөх хийж байгаад хүүхдийн хулгайн хүнд хэрэгт төвөггүй шилждэг хуульч, ухаалаг утсаар сольчихож болохоор мөрдөгчийн хамтрагч, “Facebook”-ийн автоматжуулалтаар орлуулчихаар хэрэгтний хамсаатан… Хүндлэл дэмжлэг хүлээх чадамжгүй, айдас бишрэл төрүүлэх шинжгүй, чухал хэрэгцээгээ баталдаггүй энэхүү дүрүүд нь “Буруу Өрөг”-ийг үзэж суухад тэвчээрийг сорьж байлаа. Харамсалтай нь “Буруу Өрөг”-ийн дутагдлууд нь зохиол, найруулга, дүрүүд гээд кино бүтээл, уран сайхны арга барил, хийц гүйцэтгэлээр хязгаарлагдсангүй. “Буруу Өрөг”-ийн цаазын ялыг зөвтгөх өгүүлэмж нь олон тооны шинэ асуудлыг өдөөж буй юм. Уран бүтээлч хүн өөрийн үзэл санааг хэрхэн илэрхийлэхийг бид хорьж чадахгүй. Яагаад гэвэл кино гэдэг нь уран бүтээлчийн дотоод ертөнцийн илэрхийлэл болсон урлагийн нэгэн хэрэгсэл билээ. Гэвч “Буруу Өрөг” цаазын ялыг хөндөхдөө асуудлын хоёр талыг тэнцвэртэй тусгах бус, нэг талыг дэвэргэх нь үзэл суртлыг үзэгчдэд зөвтгөн хүргэх гэсэн ядмаг оролдлого мэт харагдуулж байна. Олон нийтийн сүлжээ, хэвлэл мэдээллээр хүүхэдтэй холбоотой хамгийн аймшигтай хэргийг бид жигшин зэвүүцэж хүлээн авдаг. Хүүхэд аюулгүй байх ёстойн дээр, тэдний эрхийг аймшиггүй зөрчсөн этгээдүүд хүд шийтгэл хүлээх нь зөв. Гэвч хүний амийг хуулийн дагуу хөнөөх аюултай шугамыг давах нь анхандаа зөвтгөх хэчнээн олон шалтгаантай байвч хожмоо (precedent) урьдчилан тооцоолоогүй аюултай үр дүнд хүрч, улс төрийн хэрэгсэл болдгийг хуульчид болоод түүхчид надаас илүү тайлбарлаж чадна. Өөрөөр хэлбэл ""Буруу Өрөг"" цаазын ялын эсэргүүцэгчдэд өөрийн шийдлийг санал болгохын, цаазын ялыг зөвтгөх өөрийн баталгааг дэвшүүлсэн бол утга санааны хувьд илүү сонирхолтой, магадгүй бүр үзүүштэй болох байсан болов уу. Дүгнэж хэлэхэд, эцсийн дүндээ кино бүр их бага хэмжээгээр уран бүтээлчийнхээ итгэл үнэмшлийн илэрхийлэл, үзэл суртлын хэрэгсэл гэдэгтэй маргахад хүн цөөн. Гэвч “Буруу Өрөг” нь орчин үеийн монгол киноны уламжлалт дутагдлуудыг алхам тутамдаа давтахын дээр нийгэм улс төрийн хүрээнд маргаантай сэдвийн нэг талыг барьж, хүчилсэн байдлаар зөвтгөн илэрхийлсэн кино болжээ. 2024-05-28 16:56:27 Дэлгэрэнгүй",Жийж продакшн Ред пойнт медиа,87.17165669,1ц 27м
2169,Үр,Кино,,2019,16+,,4,,,"Ц.Төмөрхуяг, Б.Эрдэнэчимэг, Т.Билэгжаргал, Д.Хосбаяр, Б.Дэлгэрмөрөн, Г.Билгүүн, Жүжигчид Г.Билгүүн Ц.Төмөрхуяг Д.Хосбаяр Б.Эрдэнэчимэг Б.Дэлгэрмөрөн Т.Билэгжаргал Кино шүүмж Mungun Монгол кино уран бүтээлчид болоод манай зах зээлийг гадарлах зарим хүнээс сураглахад Монгол кино бүтэх төсөв багадаа хэдэн арван сая, ихдээ хэдхэн зуун сая хүрэх бөгөөд нэг тэрбум төгрөгөөс дээш зардалтай кино цөөн байдаг аж. Монгол төгрөгөөр даанч олон оронтой энэ тоог долларт шилжүүлэхэд манай хамгийн үнэтэй киноны төсөв ч сая доллар давах нь өдрийн од мэт ажээ. Гадны тодорхойлолтоор “Бичил” хэмээх ангилалд багтах зардалтайгаа харьцуулахад манай уран бүтээлчид дэлгэцийн гайхамшгийг бүтээдэг гэдэг нь энэ жилийн цөөнгүй киног үзэхэд тодорхой бөгөөд бахархууштай санагдана. Харамсалтай нь дийлэнх кино хангалттай орлого олдоггүй бөгөөд төд удалгүй театраас буудаг билээ. Тэгвэл өчүүхэн бага төсвөөр бүтдэг боловч “баталгаатай” ашигтай олдог нэгэн төрлийн кино нь “Аймшгийн” жанр юм. Ойд камертайгаа тэнүүчлэх оюутнуудын талаар “Blair Witch Project” (1999) “ердөө” 60 мянган ам.доллараар бүтсэн бол хяналтын камерын хэдэн бичлэг нийлүүлчихсэн мэт “Paranormal Activity” (2007) нь “инээд хүргэм” 10 мянган ам.долларыг гүйцэтгэлдээ ашиглажээ. Эдгээр нь хэдэн зуун сая долларыг олсон онцгой амжилттай кинонуудын жишээ боловч хоёр идэхгүй ч хоосон хонодоггүй өчүүхэн жижиг олон аймшгийн кино дэлхий даяар гарсаар байна. Товчхондоо, бүтээлч байдлаар “зэвсэглэхэд” төсөв багатай гэх түгээмэл зовлонтой монгол кино уран бүтээлчид “аймшгийн” жанраас багагүй ашиг олох боломжтой мэт санагдана. Хачирхалтай нь манай уран бүтээлчдэд орлогын шинэ үүдийг нээж болох мэтуг жанрт харьцангуй цөөн оролдлого энэ онд гарчээ. Тэгвэл Монгол аймшгийн кино сул байсан энэ жилийг “Үр” аварч чадсан болов уу? “Үр” нь буруу гараар олдсон мөнгөө шингээж чаддаггүй хүмүүс олдсон жаахан юмаа булаацалдан тэмцэлдэхийн зэрэгцээ сүнсэнд хөөгдөж байгаа талаар гардаг аймшгийн жанрын кино юм. Тус кино нь номоос сэдэвлэсэн “Орилоон 2”, өнгөлөг “cool” байхыг хичээсэн “Огтлолцол”-той нийлээд миний энэ онд сэтгэгдэл бичиж буй гурав дахь аймшгийн кино болжээ. “Үр” киноны нээлтийн хэдэн минут нь энэ жилийн бусад хоёр аймшгийн кинотой харьцуулахад сонирхолтой байв. Гол дүрийн айлын хөрөнгө чинээний муу ёрын эхлэл, дотно нэгний үхэл, алсран тасарсан ахан дүүсийн эргэн уулзалт нь ямар ч сайн аймшгийн кинонд шаардлагатай айдас түгшүүр, сэтгэл хөдлөл, дүрүүдээ амжилттай танилцуулсан юм. Харамсалтай харьцангуй сонирхолтой байсан эхний 10 минутаас хойш киноны сэтгэл татам чанар унаж эхлэв. Үлдсэн 80 орчим минутад үзэгчдийн үзэх зүйл нь ганцхан байшингийн хэдхэн өрөөгөөр хязгаарлагдах ажээ. Хөрөнгө чинээний эхлэл болсон хөдөөний хүмүүсийн цээрлэдэг уурхай, өрхийн тэргүүн болон түүний гэр бүлийн харилцаа, ах дүү хоёрын ялгаа, зөрчил зэрэг зүйлс хаа нэгтээ замхран алдагдаж, адал явдал нь “Сүнстэй сууцны архидалт” гэж нэрийдвэл зохилтой боогдмол өрнөлтэй болов. Ганцхан байшинд өрнөдөг гайхалтай кинонууд бий. Томоохон телевизийн цувралууд ч чухал ангиудад зориулан зардлаа хэмнэх үүднээс нэгэнт хайр татсан дүрүүдээ ашиглан хязгаарлагдсан орон зайд өрнөх “лонх”-ангиудыг ашигладаг. Гэмгүй хүнийг хүнд ялд унагах эсэхээ шийдэж ядах тангарагтны шүүгчидтэй “12 Angry Men”, “Breaking Bad” дээр Хайзенберг Жесси хоёрхар тамхины лабораторио ариун байлгахаар ялаа ангуучлах “Fly” зэрэг нь хурц харилцан яриа, дүрүүдийн ньюансаараа кино зохиолч, найруулагч, жүжигчид болоод кино багийн авьяас чадварын баталгаа болдог билээ. Гэвч үзэгчээсээ давж сэтгэдэг онц сонирхолтой зохиол, алхам бүрт анхаарал сэдлийг алдалгүй барьдаг найруулга одоогийн Монгол кинонд ховор. Тийм үед ганцхан байршилд өрнөдөг кино хийх нь туйлын эрсдэлтэй үйлдэл болов уу. “Үр”-ийн хувьд үйл явдал нь сонирхолтой зүйлгүй хэдхэн өрөөнд өрнөх нь сунжруу бөгөөд уйтгартай байв. Үйл явдлаас гадна “Үр” кинонд дүрүүдийн асуудал багагүй байлаа. Ууртай аав, “ширүүн” ах, “дуртай” охин, “суга” найз зэрэг нь Монгол кинонд улиг болсон дүрүүд билээ. Үзэгчийн хүлээлтийг эвдэж чадаагүй, хэвшмэл сэтгэлгээтэй уг дүрүүдийг сүнс мөшгиж эхлэхэд ёроолгүй ходоод, оройгүй шуналтай амьдралын зорилго чиглэлгүй хүмүүс хүртэх ёстойгоо л хүртэж буй мэт санагдаж байв. Олон үзэгчийн хувьд аймшгийн киноны хамгийн том нууц, хамгийн чухал асуулт нь “Сүнс нь ямар царайтай вэ” байх. “Alien”, “The Descent”, “Conjuring 2” зэрэг сүүлд үзсэн голчлон нэг орчинд өрнөх аймшгийн киног санахад мангас буюу сүнс нь компьютер графикийн хэрэглээ багатай бөгөөд гэрэл багатай орчинд ховорхон үзэгдэж байсан нь тэднийг айдас төрүүлэм, бие зарзайлгам болгож байжээ. “Үр”-ийн сүнс нь нүүр хувиргалт ашигласан боловч, хэт их компьютер график хэрэглээ, онцлог шинжгүй уйтгартай дизайн, тохиромжгүй гэрэлтүүлэг нь түүнийг инээд хүргэм бас амархан мартагдам болгожээ. Энэ нь зөвхөн “Үр”-д тохиосон асуудал биш бөгөөд энэ оны “Орилоон 2”, “Огтлолцол” киноны сүнсүүд ч хэтэрхий ялгарч анзаарагддаг компьютер график, уйтгартай дизайны хохирогчид байв. Түүнийг шийдвэрлэх арга нь найруулагчийн зүгээс сүнсийг хэзээ “ашиглах”, дэлгэцийн голд хэр удаан харуулах, дизайныг хүний сэтгэлд үлдэх байдлаар сонгох зэрэг болов уу. Дүгнэж хэлэхэд, 2019 он Монгол аймшгийн киноны хувьд урам хугалсан жил байлаа. “Орилоон 2” эх материалтай боловчинээдмийн гүйцэтгэлтэй, “Огтлолцол” эрч хүчтэй боловч санаанууд нь дутуу дулимаг, “Үр” хоёрын хооронд цоморлог кино байхаас зайлсхийсэн боловч үзэхэд уйтгартай санагдав. “Netflix”, “HBO”, “Disney”, “Amazon”-ийг даган одсон шинэ үеийн үзэгчдээ 2020 оны Монгол киноэргүүлэн татаж чадах болов уу? Найруулагч Chen-ий өөр ямар бүтээлийг үзэж байсан бэ? Өөр бүтээлийг үзэж байгаагүй. “Найруулагч Chen” хэмээн “Google”-дэж үзэхэд хангалттай мэдээлэл олдсонгүй. TL;DR/Хураангуй хувилбар Миний хувьд “Энгийн Иргэн” энэ оны хамгийн муу инээдмийн кино байсан бол “Үр” энэ оны хамгийн муу аймшгийн кино байлаа. Мөнгөө буцааж авмаар байна уу? Үзээд цагаа дэмий үрнэ. Шинэ жилийн сезон ороод байхад “Гэртээ ганцаараа”-гаа үзээд гэртээ хэвтэж байвал мөнгө цагаа байг гэхэд замын түгжрэл, гудамжны стрессээс нервээ хамгаална. + Сонирхолтой эхлэл (set-up) + Энэ оны бусад аймшгийн кинонууд дутуу гүйцэтгэлтэй цоморлог байх замыг сонгосон. “Үр” нэг үйл явдалдаа төвлөрөхөөр зориглосон нь магтууштай - Аймшгийн кинонд хангалтгүй дууны чанар - Онцгой содон гаргалгаагүй зохиол - Бүтээлч шийдэлгүй уйтгартай үйл явдал - Зардал хэмнэхээр аргацаасаннь хэтэрхий тодорхой харагдах хийц - Айдас бус инээд хүргэх сүнсний дизайн - Оновчгүй, хүчилсэн компьютер график - Хөндий хоосон, үнэмшилгүй дүрүүд - Сонирхолгүй зураг авалт - Хангалтгүй жүжиглэлт 2024-06-03 11:31:46 Дэлгэрэнгүй",[],87.17165669,1ц 27м
2179,Ноён эмэгтэй,Кино,Бид эр хүнд хайртай,2022,16+,,6.8,У.Уранчимэг,Г.Бямбасүрэн,"О.Цэгмэд У.Уранчимэг Ж.Амарзаяа Г.Бямбасүрэн О.Дөлгөөн Ж.Оюундарь Ш.Доржсүрэн Б.Баярмаа Т.Дашсурмаа О.Самданпүрэв Б.Сэтгэлтүвшин О.Үржинханд Б.Эрдэнэбаяр Б.Жаргалсайхан Кино шүүмж Mungun “Ноён Эмэгтэй” нь 1990-ээд оны эмэгтэйчүүдийн нэгэн хорих ангид хүч нөлөөний төлөөх тэмцэл, урвалт нөхөрлөл, өшөө авалт, өршөөл уучлалаар баялаг өдөр хоногуудыг өнгөрөөж буй эмэгтэй ялтнуудын талаар эмгэнэлт драм кино юм. “Шоронтой” болон “атамантай” киног манай уран бүтээлчид олонтаа хийсэн боловч “Ноён Эмэгтэй” нь дүрүүддээ гурвалжин дөрвөлжин холбоо хамаарал, өрсөлдөөн тэмцлийг бүтээхээр зорьсон нь онцлог болжээ. Шоронгийн “hustler” (ямар ч аргаар хамаагүй мөнгө халааслах гээд улайрчихдаг гар) дарга (жүжигчин Ш.Доржсүрэн), хорих газрын далай даян дархан атаман (жүжигчин, уг киноны найруулагч У.Уранчимэг), атаманы ойрын бараа бологч “шоронгийн мисс”, тэдний үүрэг гүйцэтгэгч эгч дүү гурван овгор зэрэг дүрүүд нь хоорондоо энэрэл хайр үгүй боловч эрэмбэ дараагаа олж өгөө аваатай зэрэгцэн орших нь өнгө алагласан бусад эмэгтэй дүрийн хамтаар хорих байрны амьдралыг баялаг болгожээ. Улмаар киноны гол дүр болох залуу охин (жүжигчин О.Дөлгөөн) шоронд ирснээр хорих байрны “хүйтэн дайн”-ий ээдрээт дэг алдагдаж, хүч нөлөөгөө тэлэхийг эрмэлзэгчид хөдөлгөөнд орно. Гэвч бишгүй сонирхолтой энэхүү “ертөнц”-д орших туслах дүрүүд нэг хэмжээст, харин гол дүрүүд нь зүтгэж зорих тодорхой чиглэлгүй байсан нь “Ноён Эмэгтэй”-г “барианы шугам”-гүй үйл явдалтай, авцалдахгүй задгай үзэгдлүүдтэй (lack of structure), орон гаран хэмнэлтэй (pacing), тайлал төгсгөлгүй өрнөлтэй болгожээ. Кино эхлээд бүтэн цаг өнгөрсний дараа ч үзэгчид шоронгийн амьдрал болоод хоригдлуудын хэн нь яадаг-тай танилцсан хэвээр байсан бөгөөд гол дүрүүд яг юу хүсч байгаа, яавал болчих гээд байгаа, юу OK болвол киноны зорилго биелэх талаар миний хувьд ямар ч ойлголтгүй хэвээр байв. Өөрөөр хэлбэл “Шаушэнкийн Орголт” (#TheShawshankRedemption, 1994)-д “Энди үхэхгүй байх”, “Кассетта” (2021)-д “Шоронгийн рэп тулаанд залуу ялах” эсвэл “Мардай” (2022)-д “Тамын уурхайгаас оргох” гэдэг шиг “Ноён Эмэгтэй”-н үйл явдал хөврөх ерөнхий чиглэл киноны ихэнх үед огтхон ч байсангүй. Үзэгчдэд сонин биш, байхгүй байсан бол ямар ч ялгаагүй эсвэл байгаагүй бол кино хамаагүй дээр болох байх байсан илүүц сцен, дүр, дэд-үйл явдлууд “Ноён Эмэгтэй”-д даанч олон. Шоронгийн гадна байгаа хүмүүсийн хэрүүл уруул, өнгөрсөн баларсан дурсамж, хоригдол бүрийн уйлаан майлаант хэргийн намтар, гэнэтийн далий гэгэлзэл эсвэл хошигнол, киноны өчнөөн цагийг авсан мөртлөө дунд нь очоод “Byeee” гээд алга болчихдог дүр нь гэх мэт “илүүдэл жин” нь “Ноён Эмэгтэй”-н “зохиолын шүүс”-ийг хангалттай шахаагүй, үйл явдалд “жанжин шугам” үгүй мэт сэтгэгдлийг төрүүлж байв. Дэгсдүүлэн хэлэхэд “Ноён Эмэгтэй”-н тал илүү хувь нь “шорон ба эмэгтэйчүүд” гэсэн ерөнхий сэдэвтэй, өөр хоорондоо хамааралгүй утга санаатай, авцалдаагүй дүр үйл явдалтай, эмоци настр харшилдан зөрчилдөх мини-кино (sketch)-үүдийн цоморлог мэт санагдахаар ажээ. Миний бодоход “Ноён Эмэгтэй” нь түлхүүр дүр болох хамгийн том атаман (жүжигчин У.Уранчимэг) болон шинэ хоригдол (жүжигчин О.Дөлгөөн)-ийг цөмөө болгож, тэднийг тойрсон үйл явдлын бүтэц (focused narrative structure) кинонд хэрэгтэй байжээ. Учир нь туслах дүрүүдийн түүхүүд болоод киноны дундуурх бичил адал явдлууд нь гол дүрүүдийг дотоод болон гадаад ертөнцийг өөрчлөх, гол дүрүүдийг асуудалд оруулах буюу асуудлаас гаргахад төдийлөн хүч нөлөөгүй байсан нь тэдгээр дүр болон сцений кинонд байх хэрэгцээг зөвтгөх аргагүй болгосон гэлтэй. Дүр үйл явдлын замбараа дараалал (narrative cohesion)-гүй байдал нь улиг болтол олон давтагдах зураглалаар тод илэрчээ. “Эхийн сэтгэл ай хөө зээ хөө”, “нүүрэнд цус садрах”, “бороо бороо ороорой” гэх мэт зураглалыг нэг удаа үзээд өнгөрөхөд OK, хоёрдахиа уйтгартай боловч гурав дөрвөөр зогсолгүй давтагдсаар байсан нь тухайн үзэгдлүүдийг хараад сэтгэл хөдлөл үүсгэдэг тархины төвийг дөжрөөн унтуулсан байлаа. Уйдтал давтсан тэдгээр зураглалын “үер” нь киноныхоо зоримог, цочмог, өмнө нь огт байгаагүй сценүүдийг тооны олноор дарангуйлан мартагнуулсан нь даанч хайран. “Ноён Эмэгтэй”-н талаар дурдахыг хүссэн сүүлийн зүйл нь киноны цаг үетэйгээ огтхон ч авцалдаагүй сэтгэлгээний онцлог байв. Жүжигчид, тэр дундаа туслах дүрийн жүжигчид бүхий л эрч хүчээ дайчлан ажиллаж буй нь илт боловч тэд “дүр”-ийнхээ хувьд эмэгтэй царайтай л болохоос хулгайч, худалч, зусар, шалиг, дээрэлхүү, “нөгөө л” дүрийн араншинтай нь (characterisation) хааяа Фантастикийн киноны “күүл атаман ах”/“сайн эрчүүд”-ийг үзээд байнуу гэж андуурам. Өөрөөр хэлбэл, эмэгтэй шорон, эмэгтэй дүрүүд байгаад тэднээс үүдэж болох хандлага сэтгэхүйн нарийн ньюанс ялгаа огтхон ч үгүй нь алдагдсан боломж мэт харамсалтай санагдах ажээ. Эсрэгээрээ киноны “эмэгтэй” өнцөг онцлог нь үндсэндээ “Эмэгтэй хүнд эрэгтэй хүн заавал хэрэгтэй”, “Эрэгтэй хүний жаргал эрэгтэй хүнээс хамаарна” гэх хүйсийн тэнцвэргүй байдлыг бататгах утга санаа байх бөгөөд Монгол эмэгтэйчүүд өөрийгөө, гэр бүлээ, нийгмээ ч өөд нь татаж, удирдан манлайлж, эр эм ялгалгүй бүгдэд нь үлгэрлэж, гялалзан мандах нь түгээмэл болсон энэ үед цаг үеээсээ, залуусаасаа нүүр буруулсан, киног үзэх залуу охидыг мохоосон мэт гайхмаар хуучинсаг шийдэл мэт санагдсан юм. Зогсонги байдалд орж, үзэгчдийг уйдаан залхааж буй Монгол киноны “шоронтой” болон “атамантай” жанрыг чанартай хийц, сонирхолтой нөхцөл байдалтай үзүүлэхээр “Ноён Эмэгтэй”-н уран бүтээлчид ихээхэн чармайлтыг гаргажээ. Монгол кинонд өмнө нь огт харж байгаагүй зоримог хурц шийдэл бүхий хэсгүүд кино дунд нэг бус. Гэвч кино нь өгүүлэмж санааны хувьд замбараагүй бутархай, цаг гарзадсан дүр үйл явдал ихтэй, үндсэн мессеж санааны хувьд цаг үеээсээ ухранги бурангуй байсан нь “Ноён Эмэгтэй”-г үзэхийг санал болгоход миний зүгээс хүндрэлтэй болгож байна. Цөөн үгээр Монгол маягийн нөгөө л шорон/атаман-тай кино боловч “царайлаг” хийхээр их зүтгэжээ. Гэвч нэгдмэл утга санаагүй, тал тал тийш тарж зүтгэх дүр үйл явдал, хуучинсаг мессеж нь үзэхэд кайфгүй байв. Юу өөр байсан бол өнөөдрийн кино илүү таалагдах байсан бэ? Хэт олон салаа дүр, илүүц сценүүд - таналт хийх Гол дүрүүддээ фокуслаж, “Хашир атаман байр сууриа хадгалахын тулд ямар золиос гаргах вэ?”, “Шинэ хоригдол өөрийгөө хамгаалахын тулд хэрхэн өөрчлөгдөх вэ” гэсэн үйл явдлаа цөм болгож, салж бутарсан дүр үйл явдлыг энэхүү “жанжин шугам”-даа уях нь илүү сонирхолтой өгүүлэмжийг бий болгох байсан болов уу. + Давтсан зураглалаас зайслхийх Киноны зураглалууд муу байгаагүй. Зүгээр л олон-дахь удаагаа бороо, нүүрэнд цацрах цус гэх мэт зураглал харах нь тэднийг үр дүнгүй болгож байв. Нэг зүйлийг олон давтан харуулснаар түүнд үзүүлэх хариу үйлдлийн хэмжээ буурах нь миний бодол мэдрэмж биш, харин тархи сэтгэхүйн шинжлэх ухаан билээ. Мөнгө цагаа буцааж авмаар байна уу? Өөрийн цаганд харамсаагүй ч хүн дагуулж хамт үзээгүй нь оножээ гэж бодсон. Ноён Эмэгтэй (2022) – ★★☆☆☆ (2.5/5) + Төрөл бүрийн эмэгтэй дүр + Хийц чанар (production design) + Монгол кинонд өмнө нь хэзээ ч байгаагүй маш онцгой тулааны хэсэг - Ердөөсөө ч гайхшируулаагүй үйл явдлын эргэлт, “нууц”-ууд (plot twists) - Зорилго чиглэлгүй үйл явдал (storyline, narrative cohesion, structure) - Дэлгэцийн цагийг эзэлж эзэлж талд нь очоод таг алга болдог туслах дүр (уур хүрмээр!) - Чухал биш, киногоо доош татах илүүц дүр, илүүц сцен их - Нөгөө л хэв шинжит дүрүүд (өвчтэй ээж, хилэнт эцэг, согтуу нөхөр, сайн атаман, муу атаман, “завхай хүүхэн”, “гэмгүй цагаан гэнэн хонгор” г.м) - Тайзны маягийн дэндүү хэтрүүлэлтэй жүжиглэлт - Эмоци үүсэхээ болих хүртэл олон давтагдах зураглалууд (цус цацрах, бороо асгарах г.м) 2024-06-03 17:07:27 Дэлгэрэнгүй",Hero,87.17165669,1ц 27м
2181,Залхуус,Кино,Залхуус МУСК,2021,Ангилал хийгдээгүй,,7.3,О.Базаррагчаа,,О.Базаррагчаа Ж.Энэрэл Б.Навчаа Г.Энх-Амар А.Цэгмэд О.Самданпүрэв Г.Баттулга,Блек зебра Нэгүн студи,87.17165669,1ц 27м
2182,Öndög / ᠥᠨᠳᠡᠭᠡ / 恐龍蛋,Кино,Үлэг гүрвэлийн өндөг:,2019,Ангилал хийгдээгүй,,6.9,Q.Wang,Q.Wang,"Э.Дуламжав, Б.Норовсамбуу, А.Гантөмөр, О.undefined, Жүжигчид Q.Wang Э.Дуламжав А.Гантөмөр Б.Норовсамбуу О.undefined",[],87.17165669,1ц 27м
2183,Эрдэнэсийн өв,Кино,,2020,Ангилал хийгдээгүй,,6.8,Л.Баттулга,Р.Мөнхтариа,"П.Оюун-Эрдэнэ, С.Болд-Эрдэнэ, Ж.Оюундарь, Жүжигчид Л.Баттулга Р.Мөнхтариа П.Оюун-Эрдэнэ С.Болд-Эрдэнэ Ж.Оюундарь",[],87.17165669,1ц 27м
2187,Алтан судал,Кино,,2020,Б,,7.2,Д.Бямбасүрэн,Д.Бямбасүрэн,Д.Бямбасүрэн Н.Ялалт С.Ариунбямба Б.Бат-Ирээдүй Т.Энэрэл С.Батзориг Б.Алимцэцэг М.Саранцэцэг У.Батбаатар Ш.Даваасамба,Монгол ТВ Basis Berlin Filmproduktion,87.17165669,1ц 27м
2190,Schwarze Milch / Black Milk,Кино,Хар сүү МУСК,2020,Ангилал хийгдээгүй,,6.9,Б.Үйзэнмаа,Б.Үйзэнмаа,"Б.Үйзэнмаа, Ц.Гүнсмаа, Жүжигчид Б.Үйзэнмаа Ц.Гүнсмаа",[],87.17165669,1ц 27м
2193,Хэлгүй жим,Кино,,2020,ЭЭХ,,9.3,Г.Даваазул,Г.Даваазул,"А.Энхжин, Д.Хосбаяр, Г.Даваазул, Л.Сумъяабазар, Ц.Төмөрхуяг, М.Дорждагва, Э.Пүрэвжаргал, Д.Төмөрбаатар, Б.Баянмөнх, Б.Одгэрэл, Б.Дэлгэрмөрөн, Ж.Батбаяр, Жүжигчид Г.Даваазул А.Энхжин Ц.Төмөрхуяг Д.Хосбаяр М.Дорждагва Э.Пүрэвжаргал Л.Сумъяабазар Д.Төмөрбаатар Б.Дэлгэрмөрөн Б.Баянмөнх Б.Одгэрэл Ж.Батбаяр",[],87.17165669,1ц 27м
2194,Ээж хадны домог,Кино,Ээж хадны домог МУСК,2021,13+,,6.5,Б.Эрдэнэцэцэг,Б.Мөнхтуяа,Б.Эрдэнэцэцэг Б.Мөнхтуяа А.Баярцэцэг,Чононгоо фильм продакшн Хаанаас үзэх вэ?,87.17165669,1ц 27м
2208,Цахирмаа,Кино,Цахирмаа МУСК,2009,16+,,7.2,,,"М.Нарантуяа, Г.Золбоот, Ц.Төмөрбаатар, Жүжигчид М.Нарантуяа Г.Золбоот Ц.Төмөрбаатар",[],87.17165669,1ц 27м
2209,Түгшүүрт шөнө,Кино,,1993,Ангилал хийгдээгүй,,5,Н.Сэсээр,,,[],87.17165669,1ц 27м
2213,Зориг,Кино,Зориг МУСК,2020,Ангилал хийгдээгүй,,8,Б.Гарамханд,,О.Самданпүрэв Е.Баярмагнай Б.Гарамханд С.Бат-Эрдэнэ Ж.Дөлбадрах Н.Ялалт,Цагаан морь фильм Ланз фильм Хаанаас үзэх вэ?,87.17165669,1ц 27м
2220,The Woman,Кино,,2020,ЭЭХ,,7,Б.Отгонзориг,Б.Болдбаатар,Б.Отгонзориг Б.Болдбаатар Ч.Ундрал М.Дагвадорж Х.Цэлмүүн J.Ahn Д.Баттөмөр Т.Борхүү,Чой Хайнзан фильм продакшн,87.17165669,1ц 27м
2221,Хөхөө,Кино,,2021,ЭЭХ,,9.5,Ж.Жамъянсүрэн,Ж.Жамъянсүрэн,"Т.Борхүү, Ц.Цэрэнболд, А.Баярцэцэг, Э.Сансар, П.Баярмагнай, Ц.Цэнгүүн, Б.Золжаргал, Н.Баярмаа, А.Цэгмэд, Жүжигчид Б.Энхжаргал О.Цэгмэд Ж.Жамъянсүрэн Т.Борхүү Э.Сансар Ц.Цэрэнболд П.Баярмагнай Ц.Цэнгүүн А.Цэгмэд А.Баярцэцэг Б.Золжаргал Н.Баярмаа Кино шүүмж Mungun Хаа нэгтээгээс чөтгөр гарч ирээд “Надад 100% таалагдах кино үзүүлэхгүй бол чамайг тамд шиднэ” гэж айлгавал миний эхний сонголтын дунд Аладдин, Геркулес, Мулан тэргүүтэй 1990-ээд оны Диснейн хүүхэлдэйнүүд зайлшгүй байх болов уу. Учир нь эдгээр кино нь хэзээ ч, хэнтэй ч үзэхэд баяр гуниг, эмгэнэл инээдэм, тайвшрал ухаарлыг бүгдийг мэдэрч болдог гайхалтай сод бүтээлүүд билээ. Гэтэл нас хүйс, өнгө зүс, Америк Монгол ялгалгүй дэлхийн хэдэн тэрбум үзэгчийн таашаалд нийцдэг уг бүтээлүүдийн эзэн Дисней компанийн гүйцэтгэх захирлаар 21 жилийн турш (1984-2005) ажилласан Micheal Eisner гэгч эрхмийн ажилчид, уран бүтээлчиддээ зааварчилсан үг намайг багагүй цочирдуулсан юм. Тэрээр: “Урлагийн гайхалтай бүтээл туурвих, түүхэн амжилт гаргах эсвэл хүнд ямар нэг зүйлийг ойлгуулах үүрэг шаардлага бидэнд үгүй. ГЭВЧ ашиг орлого хамгийн их олдог зүйл нь урлагийн сод бүтээл, түүхэнд тэмдэглэгдэх амжилт эсвэл бодол сэтгэлийг хөдөлгөдөг санаа байх нь элбэг… ТИЙМЭЭС мөнгө олохын тулд бид үргэлж үзэгчдэд сонирхолтой (entertaining) кино хийх ёстой. ХАРИН үзэгчдэд сонирхолтой санагдахуйц киног үргэлжид тууштай бүтээснээр түүхэн амжилтын цол тэмдэг, урлагийн сод бүтээлийн өргөмжлөл, нийгмийг хөдөлгөгч бодол санаа гэгч зүйлс нь цаг хугацааны явцад өөрөө аяандаа дагадаг юм” хэмээн бичиж байжээ. Урлагийг “зоосны нүхээр” томъёолсон энэхүү үзэл санаа нь хүйтэн хөндий бөгөөд хатуу байсныг тухайн үед нь олон ч уран бүтээлч шүүмжлэн тэмцэж байсан боловч Micheal Eisner-ийн үед “Диснейн сэргэн мандалт” (Disney renaissance) хэмээх үзэгдэл тохиож, бидний одоо ч үзэх дуртай олон олон хүүхэлдэйн кино угсран бүтээгдэж, Дисней компани санаанд багтамгүй өндөр ашгийг олж, өдгөө тэд дэлхийн медиа салбарын бүх л ашигтай судас судлыг атгасан “Босоо аварга” болсон билээ. Монгол кино “цэвэр арт байх ёстой” эсвэл “арилжааны байж гэмээнэ аврагдана” гэх хэлэлцүүлэг маргаан үе үе сөхөгддөг. Тэгвэл Дисней компани олон жилийн өмнө энэ асуултын хариултыг олсон уу гэлтэй... “Хөхөө” нь хөдөөгийн буйд ууланд хоног өдрөө хүлээж буй хэвтрийн хөгшин эмгэн, түүн дээр цугласан хижээл наст хүүхдүүдийнх нь талаар драм кино юм. Киног ихэнх амьдралаа Оросын Эрхүү мужид өнгөрөөсөн ЗХУ-ийн зохиолч Валентин Распутин-ий 1970 онд нийтэлсэн “Последний Срок” (“Сүүлчийн амьсгал” эсвэл “Эцсийн хором” ч гэж орчуулж болох) хэмээх туужаас сэдэвлэн бүтээжээ. Миний хувьд эх зохиолыг уншиж байгаагүй. Энэхүү бүтээлийн нэгэн онцгой шинж нь үзэгчийг киноныхоо орчин нөхцөлд уусгах чадвар байв. Тог цахилгаангүй хөдөөгийн “ориг” айлд очиж, тогтмол босгож буулгадаг нь илт дөрвөн ханатай гэрт нь ороод суухад “сонсогддог” таг дүлий мөртлөө “чих дүнгэнэм” гэмээр нам гүм байдал, хаалга тооноор хааяа сийгэх сэвшээ салхины дуунд дэлхийн явдал замхарч, хаа нэг пургих малын хөлийн чимээнд ертөнцийн хэрэг далдардаг хачин жигтэй, ид шидтэй гэмээр “уур амьсгал” (ambience) “Хөхөө” кинонд ноёлно. Илүү дутуу элдвийн хөгжимгүй, байгалийн цөөн чимээ зонхилох энэ киноны зөвхөн аудиог салгаж аваад “Хөдөөгийн айл ASMR” бичлэг болгож, хүмүүс, түгжрэл, өвчин, утаанд давчдахдаа хааяа сонсч нүдээ анин бясалгамаар ажээ. Харамсалтай нь “Хөхөө”-ийн дүрүүд хөдөөгийн энэ амар амгалангийн зураглал шигээ үнэмшилтэй бас чанартай байсан нь ховор. Архичин, ажилчин, атаархуу, ахархуу, ихэрхүү гэх мэт эдгээр хүмүүс нь хүн бүрт танигдах амьдрал дээр байдаг Монгол дүрүүд мөнөөсөө мөн. Гэвч тэд улиг болсон хэв шинжит байдлаасаа төдийлөн давж гарахгүй, эсвэл өөр зүйл (twist) үзүүлэхгүй, кинонд орж ирэх эхний минутаасаа эцсийн минут хүртлээ хувирч өөрчлөгддөггүй нь тэдгээр дүрүүдийг нэгэнт гадарласан бол цаашид хүлээх сонин содон зүйлгүй, уйтгартай “зай эзлэгч” мэт санагдуулсан юм. Цаашлаад зарим дүрийн жүжиглэлт өнөө л хошин шогийн мэт хэтрүүлэлтэй орилоо хашхичаан, загнан зандралт байсан нь энэ хөдөөгийн буйд айлд хэн нэгэн нь хаанаас ч юм цахилгааны мотор асааж телевиз залгаад, Солонгос савангийн дуурь чарлуулж байх мэт киноныхоо уур амьсгалыг эвдсэн залхам илүүц шинж байв. Мөн залуу дүрүүдийн хувиралд найруулагч болон уран бүтээлчдээс илүү их ажиллагаа шаардлагатай байсан болов уу хэмээн бодогдов. “Хөхөө” урт зураг авалт ихтэй, удаан хэмнэлтэй кино. Гэхдээ киног үзэгчид илүү сонирхолтой болгох үр дүнтэй шийдлийн нэг нь магадгүй харилцан яриаг бүр ч цөөрүүлэх байсан болов уу. Учир нь бие муудсан нас өндөр эмгэн яагаад хэрэгтэй хэрэггүй сцен бүрт ач холбогдол багатай коммент хэлэх ёстойг, ээжийнх нь бие муудах бүрд яагаад ахмад хүүхдийн нь муухай орилохыг үзэгчид дандаа харах ёстойг эсвэл архитай согтуу яриа адилхан агуулгатайгаар яагаад давтаад л байгааг миний хувьд ойлгоогүй. Зарим дүрийн ярианы хагасыг, заримынх нь ярианы 99 хувийг арилгаснаар давхардсан эсвэл сул агуулга цөөрч, кино сэтгэлийн утсыг илүү хөндөж болох байсан мэт санагдана. Харилцан ярианы илүүц байдалд чухам яагаад ийн ач холбогдол өгөв гэвэл киноны сүүлийн ⅓ орчимд элдвийн үг үгүй болоход “Хөхөө”-ийн өгүүлэмж илүү хүчтэй, илүү сэтгэл хөдөлгөм болсон шалтгаантай юм. Илүүц дуу шуугиан арилсан энэ үед, киноны хүчирхэг уур амьсгал “амилж”, жүжигчид үгээр биш үйл хөдлөлөөрөө утга санаагаа илэрхийлэх “агаар” бий болж, кино үзэл санаа, үйл явдлаа зураглалаараа илэрхийлэх болсон нь миний хувьд төгсгөлийг эхлэлээсээ илүү сэтгэлд татам болгосон билээ. Харин киноноос огтхон ч ойлгоогүй нэг зүйл нь “Хөхөө”-г чухам ямар үзэгч таалж, хэн энэ кинонд мөнгө төлөх вэ гэх асуулт байв. Киног монгол үзэгчдэд зориулсан бол дэндүү танил дүрүүд нь шинэ содон өнцөггүй, жүжиглэлт яриа нь “хий” ихтэй бөгөөд улиг болсон мэт; Кино салбарын уран бүтээлчдэд ур чадвараа гайхуулья гэсэн бол урт зураг авалт, удаан хэмнэл нь утга санаа, үзэл зорилго дутмаг хоосон мэт; Хөдөө-д “хорхойтой” гаднынханд чиглүүлжээ гэвэл XXI зууны хүнд тайлбаргүй харуулахаас санаа зовом, одоогийн монгол үзэгчдийн ч өршөөж ойлгох нь цөөрч буй зэрлэг бүдүүлэг санагдам хэд хэдэн уламжлалыг тусгасан байсан нь хачирхалтай санагдаж байв. Тусгай үзвэрийн төгсгөлд киноны найруулагч өөрийн биеэр гарч ирж, үзвэрт оролцогсдын асуултад өөрийгөө нээв. Тэрээр өөрийн намтар түүх, уран бүтээлч дуудлагад хөтлөгдөн бүтээлээ гаргасан бөгөөд дүр, үйл явдлын талаар тайлбарыг өгсөн нь миний хувьд киноны талаар бодлыг өргөсөн юм. Гэвч найруулагчтай нүүр тулах боломжгүй бусад үзэгчид, ирээдүйд олон жилийн дараа киног сөхөх хүмүүс зэрэг уран бүтээлчийн өөрийн тайлбарыг мэдэлгүй өнгөрөх үзэгчдэд “Хөхөө” кино өөрөө өөрийгөө ойлгуулахад хангалттай бус санагдсан юм. Урлагийн бүтээл бол хүний мөн чанар, дотоод ертөнцийн тусгал мөн тул зөв эсвэл буруу, сайн эсвэл муу бүтээл хэмээн тодорхойлоход ямагт учир дутагдалтай байдаг билээ. Гэвч, Монгол киног олон нийт мэдэхгүй ямар нэг фестивалийн тусгай байр, нэр дэвшигч болсноор нь биш, Америкийн дистрибютер компаниуд алалдаж, HBO, Amazon, Netflix, Disney булаацалдаж байгаагаар нь харж хэмжихийг хүсч мөрөөддөг үзэгчийн хувьд уран бүтээлч зөвхөн өөрийн ертөнцөд автсанаас үзэгчийн хүлээлт, үзэгчид сонирхолтой байдлыг хойш тавих нь учир дутагдалтай мэт санагдана. Цөөн үгээр Удаан хэмнэл, номлонгуй харилцан яриатай арт кинонд үнэнхүү дуртай үзэгч эсвэл монгол ахуй сонирхдог гадаад хүнд сонирхолтой санагдаж магадгүй. Кинонд зарим ололттой чанар байсан боловч заавал үзэхийг хүмүүст онцгойлон ятгахгүй, өөрөө ч давтан үзэхийг төдийлөн сонирхохгүй болов уу. Мөнгөө буцааж авмаар байна уу? Тусгай үзвэрийн урилгаар үзсэн. Яг мөнгөө төлөөд үзсэн бол бага зэрэг урам хугарах байсан байх. Хөхөө (2021) – ★★☆☆☆ (2.5/5) + Яг л хөдөөний айлд сууж байгаа юм шиг “уур амьсгал” (atmosphere/ambience) + Эрэгтэй гол дүрийн жүжиглэлт + “Амьдралтай”, үнэмшилтэй хийц (producion design) + Хичээнгүйлсэн зураг авалт + Илүүц эсвэл дэмий санагдах хөгжимгүй (хөгжмийн найруулга) - Улиг болсон хэв шинжит дүрүүд (boring archetypes) - Ёс жаяг, зан үйлүүдийг тайлбарлах шийдэлгүй (lack of narrative device) - Нөгөө л хэтрүүлэгтэй “орилж чарласан” зарим дүр - Ихэнх туслах дүрийн тааруухан жүжиглэлт - Шаардлагагүй, илүүц санагдах олон харилцан яриа - Кинондоо ямар үнэ цэн нэмж байгаа нь ойлгомжгүй зарим удаан зураг авалт (self indulgent long takes) 2024-06-03 12:15:31 Дэлгэрэнгүй",[],87.17165669,1ц 27м
2227,In the Land of Lost Angels,Кино,,2019,13+,,7,М.Бишрэл,М.Бишрэл,М.Бишрэл М.Ивээл,Д Фильмбридж,87.17165669,1ц 27м
2229,Хар сувдны нууц 2,Кино,,2020,ЭЭХ,,5.7,Ц.Амартүвшин,Ц.Амартүвшин,Ц.Амартүвшин М.Намуунцэцэг У.Цогтбаяр Г.Алтаншагай Д.Дэлгэрсайхан Ш.Энхжаргал Б.Жамъяндорж М.Саранцэцэг,Ф студи Хаанаас үзэх вэ?,87.17165669,1ц 27м
2231,Сүүдэрт ургасан цэцэг,Кино,Сүүдэрт ургасан цэцэг МУСК,2020,18+,,1.9,А.Батбаатар,А.Батбаатар,А.Батбаатар Ц.Энхжин У.Батбаатар Т.Оргилмөнх Х.Намуун О.Самданпүрэв У.Учрал Д.Цэрэндарьзав Ш.Жавхлан Б.Ганхүү А.Цэгмэд Д.Дэлгэрсайхан Д.Хосбаяр,Скай пирамид студи Хаанаас үзэх вэ?,87.17165669,1ц 27м
2237,Эхиймаа,Кино,Эхиймаа МУСК,2020,13+,,8.3,Д.Золбаяр-ийн,Г.Буянцогт,"Ц.Алдармаа, А.Цэгмэд, Г.Чулуунцэцэг, Ц.Төмөрхуяг, С.Сарангэрэл, Л.Эрдэнэ-Очир, Б.Навчаа, О.Гэрэлсүх, Б.Эрдэнэчимэг, Д.Солонго, Жүжигчид Б.Эрдэнэбат Ц.Алдармаа А.Цэгмэд Д.Золбаяр Г.Буянцогт Г.Чулуунцэцэг Ц.Төмөрхуяг С.Сарангэрэл Л.Эрдэнэ-Очир Б.Навчаа О.Гэрэлсүх Б.Эрдэнэчимэг Д.Солонго Кино шүүмж Mungun Гол үйл явдал нь шоронд өрнөдөг, олны таалал хүртсэн “Шаушенкийн Орголт” (#TheShawshankRedemption, 1994), “Ногоон Бүс” (#TheGreenMile, 1999), “Тоглоомын Түүх 3” (#ToyStory3, 2010) зэрэг киног бодоход тэдний нийтлэг чанар нь хатуу дүрэм, төмөр тор, харгалзагчийн хяналт дор хүний мөн чанар илрэн тодорч, хэцүү тавилангаасаа ухаарал тайлал олж, өмнөх мөр болоод хойшдын замаа тунгаан бодож буй талаарсэтгэл хөдөлгөм өгүүлэмж хэмээн гэж санагддаг юм. Өнөөдрийн өгүүлэхээр сонгосон кино нь хэсэг хугацаанд олны анхаарлыг татсан хэрэг явдлын зарим төлөөлөгчдийн талаар болохыг мэдээний нийтлэл болоод театрын тайлбарууд тодотгон сурталчилсан. Гэвч уг асуудал нь олон нийтийн сүлжээний ээлжит сенсаац дагадаггүй хүмүүс болоод олон жилийн дараах кино үзэгчдэд хамааралтай сонин хэрэг биш тул цаг зуурын явдлыг нөхөн хэлцэхээс илүүтэй энэхүү кино нь алжаал тайлж, сонирхол бадрааж, бодолд үлдэж, найзууддаа санал болгохуйц бүтээл мөн эсэхэд миний хувьд ач холбогдол өгсөн юм. “Эхиймаа” нь шоронд ороод балчир хүүгээ санан тэмүүлж буй нэгэн жүжигчин бүсгүйн (жүжигчин Ц.Алдармаа) талаар драм кино юм. Уг бүтээлийг гол дүрийн жүжигчнийял шийтгэл хүлээж, хэсэг хугацаанд хоригдсон бодит явдлаас сэдэвлэн бүтээжээ. Уг киноны дийлэнх үйл явдал шоронд буюу нэг л орчинд өрнөж байгаа нь ахархан төсөвт “хоригддог” Монгол кино продакшны хувьд зардалд хэмнэлттэй ухаалаг шийдэл боловч энэ нь нөгөө талдаа дүр, үйл явдал, зураглал найруулгыг чанаржуулан “чангатгах” нэмэлт ачаалал сорилтыг кино багт бий болгожээ. Өөрөөр хэлбэл, Монгол киноны зарим хэсэг уйтгартай санагдах үед “Ямар кофе шоп/лоунж/амралт дээр зураг авалт хийсэн юм бол” хэмээн сатаарч байх зуур үйл явдал дараагийн өнгө алагласан газраа (set-piece) очсон байдаг “заль” шоронгийн дөрвөн хана, сараалжин хашаа дотор харьцангуй бага амжилт олох байлаа. Хачирхалтай нь, миний зүрхшээн залхах вий хэмээн битүүхэн эмээж байсан шорон доторх хэсгүүд хамгийн үзүүштэй зураг авалттай, хамгийн сонирхолтой дүрүүдтэй байсан бол, “ангийнхнаа чирэх онц сурлагатан нь” хэмээх итгэж байсан гол дүр болон шоронгийн гаднах хэсгүүд бусдадаа “чирэгдэж”, киног хөсөрдүүлсэн байв. Монгол киноны продакшн, тэр дундаа зураг авалт Холливудын хэмжээнд биш юмаа гэхэд хэр баргийн Солонгос кинотой дүйхүйц “ижил жингийн” болоод байгааг жилдээ хоёр гурван кино маргаангүй баталдаг болоод байгаа билээ. Миний хувьд өнгөрсөн 2019 онд #ТэнгэрээсБуусанОд (найруулагч У.Уранчимэг), #ОдбаГэгээ (They Sing Up On the Hill, найруулагч Л.Бат-Амгалан), #Хийморь (The Steed, найруулагч Г.Эрдэнэбилэг) зэрэг киноны зураг авалт театр үзсэн тухайн оны хамгийн бахархам Монгол зүйлсийн нэг байсныг итгэлтэй хэлж чадна. Гэвч нөгөө талдаа зураг авалтын хувьд телевизийн зохиомж, теле-жүжгийг их эвтэйхэн эвлүүлжээ гэмээр “крупны” (close up), “средний” (medium), “общий” (wide/long shot) хэмээх “жижүүрийн” гурван тавилттай, илэрхийлэх утга санаагүй ядруухан болхи засал зохиомжтой, Улаанбаатарын замын хөдөлгөөн мэт хөлдүү зогсонги зураг авалттай #1990, #БурууӨрөг, #ОнцгойЭрх, #СүүдэртУргасанЦэцэг гэх мэт кино 2020 онд үзэгчдийн харах мэдрэхүйг өлсгөлөн хэвээр театраас үдсээр байна. “Эхиймаа” кино шоронгийн хуруу дарам цөөн орчин, тэр дундаа гол дүр байршсан дөрвөн хүний давчуухан хорих өрөөнд өрнөх боловч уран бүтээлчид энд зураг авалтын чадварлаг “тоглолт” үзүүлжээ. Зураглаачийн камер энд хана тор үгүй мэт шилжиж, олон янзын зохиомж, хөдөлгөөн ашигласан нь дараа нэг өдөр энэ киноны зураг авалтын үйл явцыг (behind the scene/making of)-ийг үзэхсэн гэсэн чин сонирхлыг бий болгосон юм. Ямар хэсгийг шоронгийн жинхэнэ өрөөнд, ямар хэсгийг шорон мэт зассан өрөөнд, ямар хэсгийг студид бичиж, камерууд хаана байрлаж, хэрхэн шилжиж байгааг ялгаж хэлэх аргагүй байсан нь зураглаач, тайз засалч, зургийн дарга, найруулагч нарын гайхалтай илбэ гэмээр байв. Харин энэ хэмжээний үзэхэд зугаатай зураг авалт (cinematography) шоронгийн гаднах хэсгүүдэд үгүйлэгдэж байсан нь тоогүй. Шоронг “сонирхолтой” болгож байсан зүйл нь зураг авалтаас гадна тэнд учирсан туслах дүрүүд болов уу. Гол дүр эмэгтэйчүүдийн хорих газарт очсон тул энд эмэгтэй туслах дүрүүд голчилжээ. Тэгэх тэгэхдээ хөгшин залуу, өндөр нам, гэмтэй гэмгүй, хатуужсан цайлган янз бүрийн дүр байх нь яг л амьдрал дээрх хүмүүс шиг олон янз. Тэдний зарим нь хэдий дүрийн өсөлтгүй (character arc)-гүй боловч шоронд ямар ч хүн, яаж ч орж болдгийг олон төрөл байдлаар илэрхийлж (diversity), эдгээр дүрийг бүтээсэн жүжигчид чадварлагаар ажилласныг үзэхэд таатай байсан юм. “Эхиймаа”-аас таалагдсан зүйлээ ингээд жагсааж байхад кино сонирхогч хүний хувьд баяртай сайхан байвч энэ бүх зүтгэл, тэр их хөдөлмөр нь бүх талаараа “түүхий” гол дүр, урагшгүй зогсонги үйл явдалд тушигдан уягдсаныг санахад даанч хайран. Гол дүр яг ямар хүн бэ гэдгийг “хүүхдэдээ очихыг хүсч буй ээж” гэдгээс өөрөөр тодорхойлох арга үгүй. Дүр муу байж болно, муухай байж болно, гэхдээ тууштай, барьцтай, хөдөлшгүй жанжин шугамтай байснаар үзэгч түүнийг ойлгож зөвтгөдөг билээ. Тодорхой дүр тодорхой нөхцөл байдалд тодорхой үйлдлийг хийнэ гэсэн тууштай байдал (rational/consistency) чухлыг илтгэх “Танихгүй бурхнаас таньдаг чөтгөр дээр” гэдэг Монгол үг ч бий. Гэтэл “Эхиймаа”-ийн гол дүрийн бүсгүй хөндий хүйтнээс өгөөмөр өглөгч, энэрэнгүй зөөлнөөс өндөр ихэмсэг болж 180 градусын гэнэтийн эргэлт шарвалт цөөнгүй хийх нь тууштай бус, хувирамтгай бас итгэл хүлээлгэх боломжгүй болгожээ. Цаашлаад тэр яагаад шоронд орох болсныг үзэгчид ойлгуулан үзүүлэх нэг ч хэсэг үгүй нь киноны хамгийн том алдаа болсон байна. Гол дүр өөрийн явдлаа учир битүүлгээр үг унагаж ядан тайлбарлахдаа гэмшиж харууссан шинжгүй шазруун байхын сацуу түүний хохирогчийн талын ууртай хүмүүс юунд бухимдан хорсч байгааучир шалтгааныг харуулахгүй байх нь тэнцвэргүй, сэжигтэй, нэг талт өгүүлэмж бий болгож байв. Үзэгчид бид дүрийг уучлахдаа өгөөмөр. Эхнэрээ явдаг залуутай нь буудсан Andy (The Shawshank Redemption), бяцхан охидын цогцос тэвэрч байгаад баригдсан John (The Green Mile), бүр хүний махан хүнстэй Dr. Hannibal Lecter (The Silence of the Lambs)-ийг ч бид дэлгэцнээ үзээд дотор хүнийг нь зөвтгөн зөвшөөрөхүе тохиодог билээ. Гэтэл “Эхиймаа”-ийн бүсгүй хүүхдээ санах боловч түүний шоронд орсон шалтгаан нь хүүхэдтэй нь холбоогүй, харин хэргийн өчилд “Миний зөв” эсвэл “Би гэмшин харамсаж байна” гэх шийдэмгий гаргалгаа кинонд дутуу байсан нь гол дүрийн талаар хардлага сэжиг төрүүлэх үндсэн шалтгаан болжээ. Өөрөөр хэлбэл кино “Эхиймаа”-ийн хэргийг хангалттай тайлбарлаагүй (context) тул үзэгчид өгүүлэмжийг ойлгоход шаардлагатай баримжаа бий болсонгүй. Энэхүү ойлгомжгүй байдал нь гол дүрийн хэргийг харуулсан эсвэл сөрөг дүрийн талаас асуудлыг хөндсөн “Эхиймаа”-ийн бүрэн гүйцэд хувилбарыг хүсэмжлэх “цангаа” үүсгэж байв. Гол дүрийн энэхүү ойлгомжгүй, тууштай бус байдал нь цаашлаад киноны үйл явдлын чиглэлийг алдагдуулж, өгүүлэмжийг булингартуулжээ. Шоронтой кинонд хэрэв гол дүр гэмтэй бол гэмшил ухааралд хүрч илүү сайн хүн болох, хэрэв гэмгүй бол шударга ёсыг олох өгүүлэмж өрнөж, үзэгч бид түүний түнэр харанхуйгаас гэрэл гэгээд хүрэх аяллыг шимтэн дэмждэг. Гэтэл уг киноны гол дүрийн үйлдсэн хэрэг ойлгомжгүй, тэр цагаатгагдаагүй эсвэл шоронд дахин орохгүй гэх гэмшил ухааралд киноны эцэст хүрээгүй нь “Эхиймаа”-ийн үзүүлсэн бүх зүйлийг утгагүй болгож, өгүүлэмжийг зорилгогүй болгосон байна. Дүгнэж хэлэхэд энэхүү кино нь хязгаарлагдмал нөхцөл байдлыг чадварлагаар ашигласан бүтээлч байдал, олон төрлийн эмэгтэй дүрүүдийн дүрслэн илэрхийлсэн тодорхой ололттой. Гэвч энэ бүхнээр хүрээлүүлж, өөрийн дотоод хүнтэй нүүр тулгарч, ямар нэг ухаарал шийдэлд хүрэх учиртай гол дүр маань тууштай бус, хэт учир битүүлэг, гэмшил ухааралгүй байсан нь үйл явдлыг зорилго чиглэлгүй зогсонги болгож, киног бүрмөсөн сүйтгэжээ. Цөөн үгээр Туслах дүрүүд, зураг авалт, оргил хэсгийн хувьд эмэгтэй дүрүүдийг голчилсон энэ жилийн харьцангуй гайгүй киноны нэг. Гэвч гол дүрийн тууштай бус хэв шинж, ухаарал харамсал үл илэрхийлэх учир битүүлэг байдал нь киног нийтэд дүндээ утга учиргүй болгосон байна. Мөнгөө буцааж авмаар байна уу? Мөнгөндөө харамсаагүй боловч хоёргүй сэтгэлээр санал болгоход хүндрэлтэй. Зарим зүйлтаалагдсан. Гэхдээ сэтгэл татах дүр, анхаарал тогтоох үйл явдал үгүй.",[],87.17165669,1ц 27м
2240,Сүүлчийн нүүдэлчид,Кино,Сүүлчийн нүүдэлчид МУСК,2021,Ангилал хийгдээгүй,,7.3,Б.Нямдаваа,,,НД фильм (ND Film),87.17165669,1ц 27м
2241,Төлөөс,Кино,,2020,13+,,5.7,Ө.Мөнх-Эрдэнэ,Ө.Мөнх-Эрдэнэ,О.Гэрэлсүх Ө.Мөнх-Эрдэнэ Б.Уянга Т.Бархүү Г.Золзаяа Э.Батхүү Ц.Номин Г.Жанчив А.Алтантөр Д.Дэлгэрсайхан Д.Энхбаяр,Ф студи Хаанаас үзэх вэ?,87.17165669,1ц 27м
2242,Гангстерууд,Кино,,2021,13+,,2.2,Д.Мөнхбат,Д.Мөнхбат,"У.Цогтбаяр Д.Мөнхбат Г.Лхагвацэрэн Т.Мөнх-Эрдэнэ С.Өлзийхүү Ч.Болд Кино шүүмж Mungun Тэгвэл театрын урт завсарлагааны үед видео санд нээлтээ хийлгүй “гүрийж”, өдгөө өргөн дэлгэцээр гарч буй Монгол инээдмийн кино энэ бүх хугацааг “хий шүүсээ шахах”-д үр бүтээлтэй зарцуулж, төрөл жанраа үргэлжлүүлэн уруудуулах бус, өөд нь татах шинэ алхам болж чадсан болов уу? “Гангстерууд” (#Танхайчууд) нь хар тамхины хилс хэргээр цагдаад саатуулагдаж, өөрсдийнхөө гэм буруугүйг батлахын тулд рэппэр Gee-г (гол дүрүүд жинхэнэ нэрээрээ тоглосон) сэжиглэн мөрдөж буй Жижгээ, Цогтоо хоёрын адал явдлын талаар инээдмийн кино юм. Цогтоо, Жижгээ хэмээх хошин хослол (comedic duo)-ийг миний хувьд хамгийн анх хэрэг болгон үзэж байсан нь #ӨндгөнТолгойт (2019) бөгөөд энэхүү жүжигчид тэрхүү киноны харьцангуй таалагдсан цөөн зүйлийн нэг байсан билээ. Тэгвэл арай “серёзны” хэрсүү дүр нь болдог “Жижгээ”, нэг үеийн залуус мэт харагдах ч “Жижгээ”-г ахаа хэмээн авгайлж, бүтэхгүй хэргийн эзэн, илүү хошуу хүргэгч хөгжилтэй дүр “Цогтоо” нарын харилцан тоглолт нь мөн л “Гангстерууд” киног өргөсөн зарим зүйлийн нэг байв. “Гангстерууд”-ийн бас нэгэн томоохон дүр Big Gee (жүжигчин, рэппер Т.Мөнх-Эрдэнэ)-д оногдсон харилцан яриа гол дүрүүдтэй харьцуулахад сул, жүжиглэлтэд (line delivery) нь учир дутагдалтай зүйл үе үе анзаарагдаж байсан боловч Цогтоо Жижгээ нарын хор хутган сандчих темпераментаас эрс ялгарах түүний намбалаг тогтуун, өгөөмөр бөгөөд тусархаг “сайн ах”-ийн хэв шинж (characterization) нь уг дүрийг мартагдам уйтгартай болгохоос бага ч болов сэргийлжээ. Гэвч киноны үүдэл санаа төдийлөн анхаарал татах зүйлгүй, уран төсөөлөл нь тансаг хотхон, шөнийн клуб, ямар нэг үдэшлэг, ресторан кафегаар хэсдэг “нөгөөөөө л” уйтгартай тавилт (set-piece)-аар хязгаарлагдаж, үйл явдал нь кино зохиолын “жижүүрийн” бүтэц болсон асуудал-тэмцэл-ялагдал-уналт-тайлал-эргэн ирэлт хэмээх “цутгамал хэв”-ийг ягштал баримтлах нь киноны эргэлт хувирлыг урьдаас ойлгомжтой, төгсгөлрүү нь үзэгч тэмүүлэх эрч хүчгүй болгожээ. Энэ нь над мэт “Театрт очоод Монгол гадаад нь хамаагүй зүгээр л төлсөн мөнгө, зарцуулсан хугацаандаа аятайхан кино үзэх юмсан” хэмээх энгийн хүсэлтэй дундаж үзэгчид сэтгэл ханамж өгөхөд хангалтгүй боловч тэдгээр жүжигчид болон дүрийн фэнүүдийг тодорхой хэмжээнд баясгах магадлалтай байж мэдэх юм. Тэгвэл “Гангстерууд” кино миний хувьд эхэн хэсэгтээ “Зарим ололттой чанартай ч үзэхийг санал болгох бүтээл биш, ★★☆☆☆” хэмээх үнэлгээнээс “Мөнгө цагаа хулгайд алдсан мэт санагдлаа, ★☆☆☆☆” ангилалруу унасан ноцтой нэг зүйл болсон нь киноны дунд гарч ирсэн Gangsta Ma (жүжигчин С.Өлзийхүү) хэмээх дүр байв. Цогтоо, Жижгээ нар Big Gee-г мөрдөх явцад түүний хуурай эгч “Gangsta Ma” Америкаас ирдэг. Тэрээр ядуурал, гэмт хэргээрээ зартай Детройт хотод олон жил аж төрсөн нэгэн бөгөөд хар тамхи, гэмт хэрэг, зохион байгуулалттай бүлэглэлийн “амьд нэвтэрхий толь”, “ахмад дайчин” ажээ. Гэвч Gangsta Ma нь 20 жилийн өмнөх тайзны хошин шогийн арилж өгдөггүй архаг сэтгэлгээ, устаж өгдөггүй ужгирсан уламжлал бүрийг ухамсартайгаар нямбайлан цуглуулж, нэг дүрд “Есөн шидийг нь бүрдүүлсэн” мэт цочирдмоор хоцрогдсон, зугтмаар аргуу (cringy), итгэмээргүй “далий” дүр байлаа. Gangsta Ma-ийн бүрдүүлсэн стил имидж, биеэ авч явах байдал, ярианы хэв маяг болоод хэлэх зүйлийн агуулга нь Шар хадны эмнэлгээс оргосон хип хоп шүтлэгт мэдрэлийн өвчтөн Амэээрих гэж улсын талаар киноноос хагас харж, хүмүүсээс хугас сонссон зүйлээ хүмүүст их л мэдэмхийрэн ярих мэт хэлбэрдсэн, хөөрхийлөлтэй, басхүү хуурамч санагдана. Энэ дүрийн хуучинсаг, хиймэл, хөндий хоосон сүр бараа нь өдгөө 2021 онд бусад соёл, гадны орон, ньюанстай сэдвийн талаар багагүй гадарладаг болсон орчин үеийн Монгол үзэгчдийг үнэмшүүлэх нь бүү хэл ширэнгэд амьдардаг зэрлэг овгийн гэнэн хүмүүсийг ч “Ямар лаг аниа вэ” хэмээн итгүүлж дөнгөхгүй бөгөөд нүд чихэндээ итгэж ядах үзэгчид “Ямар өрөвдөлтэй хэлбэрдсэн дүр вэ” хэмээн оюун ухаанаа доромжлуулсан сэтгэгдэлтэй театрыг орхих болов уу. Монгол инээдмийн кино жанр зогсонги байдалд ороод байгаа бүх шалтгааныг зарим үед бага тунгаар, зарим үед хурц порцоор давтах энэхүү инээдмийн киног бага зэрэг сайжруулсан техник гүйцэтгэл, үзүүштэй талруугаа үл ялиг хандсан жүжиглэлт аврахад хангалтгүй бөгөөд үзэгчдийн төдийгүй нийт уран бүтээлч, хамтран ажиллагч байгууллагуудынхаа нөөц бололцоог агаарт хийсгэх энэ мэт хэнд ч үлдэх зүйлгүй салхин “бүтээл” гарсаар байгаа нь харамсалтай. Хөл хорио хэмээн бүсээ тултал чангалсан театр, тоож ч харах хүсэл төрүүлдэггүй “кино контент”-ийн эзэнгүй агуулах болсон видео сангуудын чанарын хяналтгүй (quality control) байдал үзэгчид биднийг алдаж, олсон жаахан мөнгө, гарсан жаахан заваа Монгол кинонд дэнчин тавих бус, тууштай хөдөлмөр, жигд чанараараа танигдсан гадны бүтээлд итгэл найдвараа дайхад хүргэж байна. Тэгвэл уран бүтээлчид юу хийж чадах вэ? Ирээдүйн ашиг орлогын баталгаагаа хэрхэн бий болгох вэ? Орчин үеийн Монгол үзэгчдэд “зарагдах”-аа больсон 2000 оны тайзны хошин шогийн сэтгэлгээ томьёог дуурайхаа зогсож, маргаашийн талхныхаа төлөө адаглаад англи хэл сурч, өрнө дорнын шинэ хуучин шилдэг сайнаас эхлээд дундаж боломжийн киног үзэн судалж, тэдний амжилт бүтэлгүйтэлд дүн шинжилгээ хийж, харах өнцөг, сэтгэх хүрээгээ тэлж, Монгол инээдмийн киног “форматлах” нь ямар нэг хууль, ямар нэг төсөв, ямар нэг институтээс үл хамаарах, хүн нэг бүрийн дор бүрнээ хийж чадах өөрчлөлт болов уу. Эс бөгөөс өнөөдрийн байдлаар өөр ямар ч Монгол инээдмийн кинонд мөнгөө өгөх хүсэл дуршил минь ууршин арилжээ. Цөөн үгээр 2010-аад оны хошин шогийн муйхар андуурлаас хамаг үйл явдал нь шалтгаалдаг 15 минутын үзэгдлийг 100 минут сунгачихсан юм шиг залхаж чилэм ядруу агуулгатай, бар ресторан, парти хотхоноор хэсэх “жижүүрийн” тавилтуудтай, инээлгэх эсвэл бодогдуулах зүйлгүй, цаг хий үрэх ээлжит нэгэн Монгол “инээдмийн” кино. Мөнгөө буцааж авмаар байна уу? Хайран мөнгө. Хайран цаг. Халдварт өвчний эрсдэлтэй энэ үед битүү театрт гайхамшиг хүлээж цаг хагас үрчийж суухын оронд агаар салхинд алхах байж. Гангстерууд (2017) – ★☆☆☆☆ (1.5/5) + Гадаад киног санагдуулам сцен шилжилтүүд (scene transitions) + Эрэгтэй дүрүүдийн жүжиглэлт тийм ч муу биш (passable acting) + Киноны дунд үйл явдал нь “дуусчихдаг” биш; учир дутагдалтай боловч эхлэл, өрнөл, төгсгөлтэй үйл явдал (story structure, third/final act) - Бүтэц томьёонд баригдсан “модон” зохиол (by-the-numbers story structure) - Нууц үгүй, анхнаасаа л ойлгомжтой үйл явдлын эргэлт (plot twist) - Чимх ч үнэмшилгүй үйл явдал (story) - Үр өгөөжгүй хараал доромжлолд суурилсан харилцан яриа (dialogue) - Аргуу хийцлэл, базаахгүй жүжиглэлттэй киногоо бүхэлд нь унагах эмэгтэй туслах дүр (cringy character, outdated approach) 2024-06-03 12:05:27 Дэлгэрэнгүй",Жижгээ & Цогтоо,87.17165669,1ц 27м
2244,Хэвтрийн хүн,Кино,,2020,16+,,7.2,С.Бямба,Г.Аюурзана С.Бямба,Г.Баттулга Г.Аюурзана Д.Оюунзул С.Бямба Т.Ариунчимэг Р.Баттогтох Ш.Доржсүрэн Б.Оюун-Эрдэнэ Б.Билгүүн М.Тогтохжаргал Б.Должинсүрэн Г.Тэнүүн-Эрдэнэ Х.Хулан Б.Гэрэлтуяа Д.Цэрэндарьзав О.Гэрэлсүх С.Батзориг,Гүрү медиа,87.17165669,1ц 27м
2247,Admin Z: Vol 2,Кино,,2020,13+,,6.6,,,Э.Пүрэвжаргал З.Хангал М.Батзориг Т.Энэрэл Б.Азжаргал Р.Нандинцэцэг Г.Дөлгөөн,Кино цамхаг студи,87.17165669,1ц 27м
2249,Нарны садан,Кино,,2022,ЭЭХ,,7.7,О.Эрдэнэ-ийн,О.Эрдэнэ,"Э.Эрдэнэбаяр О.Эрдэнэ Н.Сувд Д.Мөнхтөмөр А.Дашпэлжээ Б.Алимцэцэг Б.Замилан Г.Алтангэрэл Кино шүүмж Mungun “Нарны Садан” нь сарлаг малладаг эртний хоёр овгийн ахлагчаа сонгох өрсөлдөөн нь хүмүүсийг зовлонд унагаж буй талаар драм кино юм. Зураг авалт болоод хийц чанарын хувьд “Нарны Садан” нь одоогийн Монгол киноны дунджаас дээгүүрт тооцогдох бүтээл болов уу. Дэлгэрүүлбэл, зарим сарлагчин орчиндоо хэт гангадах нягууртай ч киноны нийт ахуй нөхцөл хангалттай үнэмшилтэй, үйл явдал Улаанбаатар, Тэрэлж эсвэл Элсэн тасархайд биш үзээгүй шинэ нутагт өрнөсөн нь нүдэнд баясалтай, зураг авалтын ажилбар зохиомжид ч бишгүй хөдөлмөр ажиллагаа орсон нь анзаарагдам таатай байлаа. Ямар л бол ямар киног хийж, хааш нь л бол хааш нь өрнөл явдлыг дэлгэж болох энэхүү боломжийн “өгөгдөл” (production & crew) дээр тус тусын нэр дэвшигчийг шахах хоёр на- бишээ, сарлагчин овгийн “хүйтэн дайн” өрнөх ажээ. Миний хувьд киноны зураг болон постер дээрх кино багийн мэдээллийг хараад “Сарлагтай Содура” үзэх нь хэмээн танхимд орсон боловч ертөнцийн явдлаас хол, түмэнд мартагдсан сураггүй нутгийн хязгаарт бутархай хэдэн хүн цөөхөн дов жалгаа булаалдаж буй Монголчуудыг тунчиг бэлхнээ билэгдсэн (thinly veiled allegory) үйл явдал үзнэ хэмээн төсөөлөөгүй байв. Ийн бодох зуур дүрүүд ил болж эхлэв. Нэг овог нь өвгөн ахлагчтай, өргөмөл өнчин хүү нь эрэмгий хүчтэй бол, нөгөө овгийн эмгэн ахлагч шинэхэн эцэг болсон дэврүүн хүүгээ дэмжиж, тэр зуур ганц охин нь өрсөлдөгч овгийн залуутай Ромео Жульетта-ийн бэсрэг сэжүүрийг үүсгэх ажээ. Харин дүрүүдийг мэдрэх, тэднийг хүншүүлж, бидэнтэй адил хүн юм гэдгийг ойлгон ухаарч, дэмжин өрөвдөхөд бэрхшээлтэй байсан нэг зүйл нь бүх хүний цэцэрхэн шүлэглэх харилцан яриа байв. Улмаар дийлэнх үзэгчдийн нас болоод сонирхолд ойролцоо залуу дүрүүд бус, эмгэн ахлагчийн дүр (жүжигчин Н.Сувд) дэлгэцийн ихэнх цагийг эзэлсэн нь киноны хэмнэл догдлолыг унав уу гэлтэй. Энэхүү дүрийн цэцэрхсэн монолог эсвэл бусдадаа захиран тушаах нэг талт харилцаа олдож, харин залуу дүрүүд хоёрдугаар эгнээнд шилжсэн нь бага байхад үглэх дуртай өвөө/эмээтэйгээ хаашаа ч оргох боломжгүй лагер дээр өнжсөн зунуудыг дурсахад хүргэх ажээ. Гэхдээ миний хувьд киноны хамгийн том асуудал нь кино харьцангуй урт буюу 2 цаг орчмын үргэлжлэх хугацаагаа зөвтгөх (earn it) чадамжгүй байв. “Нарны Садан”-ийн эхлэл бишгүй сонирхолтой байсан боловч киноны жинхэнэ өрнөл эхлэх болоход тэрээр ажлын өдрийн өглөө Яармагаас төврүү хөдөлсөн машин мэт таг зогссон юм. Уг нь киноны дэвшүүлсэн үйл явдал хангалттай потенциалтай мэт. Хоёр овгийн хямралын түүхрүү гүн умбаж мөрдөн илрүүлэх детектив ажилбар, хамгийн хүнд нөхцөлийг ч сөрөн дэлбээлэх хориотой нууцхан хайр дурлал, шийдчихсэн туйлширсан нэгний ч ухаан бодлыг цэлмээн нээх арга эвийг олох гээд “Нарны Садан”-д 80-100 минут хөөж дүүргэхэд хангалттай хүрэх сонирхолтой сэжүүр дутсангүй. Гэтэл нийт үйл явдалд төдийлөн хүч нөлөөгүй хүүхэд гололтын талаар дэд явдлыг уран бүтээлчид сонирхолтой хэмээн “барьж авчээ”. Ийнхүү үхэл дайсагналын нууцыг тайлах мөрдлөг илрүүлэлт нь “элементарны” түүхий, хайр дурлал харийн хөндий, үйл явдал нь - бараг 5 минут тасралтгүй чихэнд орилсон нялх хүүхдийн дуунаас бусдаар - дурсан санах хурц тод эргэлт өөрчлөлт илчлэлт гаргалгаагүй “үлбэгэр хоосон” байлаа. Магадгүй кино зохиолыг продакшны асуудал сорилтоос үүдэн анхныхаас нь ихээхэн эвдсэн, эсвэл эх зохиол нь угаасаа л эхлэл, өрнөл, эргэлт, төгсгөлийн цэгүүддээ хэрхэн хүрэхээ тодорхойлох бүтэц төлөвлөгөө (story structure)-гүй байснуу гэлтэй. “Нарны Садан” киноны Монголчуудыг төлөөлүүлэн харуулах, ухааруулан ойлгуулах гэсэн санааг хүндлэн сайшаамаар. Гэвч энэхүү өгүүлэмж нь хэмнэл зорилго багатай зогсонги үйл явдал, цэцэрхэх нь дэндсэн харилцан яриа, онц биш дүр, залхмаар явдлыг чухалчилснаас сонирхолтой залуу дүрүүдийн хувирал өөрчлөлтийг золиосолсон найруулгын сонголтоос үүдэн “унасан” болтой. Цөөн үгээр: Хийц, харагдац давгүй боловч 2 биш 3 цагийн урттай юм шиг дуншдаг. Кино арай богино, илүү хурдтай байсан бол арай таалагдах байв. Мөнгө цагаа буцааж авмаар байна уу? Ерөнхийдөө тийм.",Ю Би Эс телевиз,87.17165669,1ц 27м
2250,Мардай,Кино,,2022,13+,,2.5,,,"У.Учрал, А.Энхжин, Г.Даваазул, С.Одбаяр, Е.Даваасүрэн, Ж.Батбаяр, Б.Пүрэвдорж, Хаанаас үзэх вэ? Жүжигчид А.Энхжин Г.Даваазул С.Одбаяр У.Учрал Е.Даваасүрэн Ж.Батбаяр Б.Пүрэвдорж Кино шүүмж Mungun “Мардай” нь 1980-аад оны Монголд ЗХУ-ийн үйл ажиллагаа явуулж буй “Мардай” ураны уурхайд ажиллахаар ирсэн хүнд ялтай Монгол хоригдлууд бослого гаргаж буй талаар тулаант төрлийн кино юм. Юуны түрүүнд “Мардай” хэр “түүхэн” кино вэ гэдгийг тодорхойлох хэрэгтэй байх. Олж уншсан их бага хэтрүүлэгтэй нийтлэл, шар мэдээ, дам яриануудаас үндэслэхэд Дорнод аймагт Оросууд голчлон ажиллаж амьдардаг, газрын зурагт тэмдэглэгдээгүй “Эрдэс” хэмээх “нууц” хот оршиж, “Мардай” гэх уурхайгаас цөмийн энергийн түүхий эд болох ураны баяжмалыг олборлож, ЗХУ-руу тээвэрлэдэг байжээ. Харин тэрхүү “Мардай”-н уурхайд ЗХУ-аас хүнд ялтай хоригдлууд ачигдан ирж, нэн хортой нөхцөлд ажилладаг байсан бөгөөд мөнөөх Орос хоригдлууд нь босч, бослого нь төд удалгүй дарагдсан гэх боловч “Мардай” кинонд гарсанчлан Монгол хоригдлууд бослого үйлдсэн нь бүү хэл Монгол хоригдлууд уурхайд байсан эсэх талаар мэдээлэл төдийлөн олдсонгүй. Иймд миний хувьд “Мардай” МУСК нь түүхэн цаг үед өрнөж буй (period action/drama), түүхэн явдлаас санаа авсан (historically inspired) кино байсан бөгөөд үзүүлж буй үйл явдлыг үнэн хэмээн хүлээн авах үндэсгүй болж, энэхүү фантааз (fiction)-ийг цэвэр энтертайментийн үүднээс үзэв. “Мардай”-г үзэхэд “Фантастик” продакшны түүхэн явдлаас хэрэгцээт санаагаа түүж ялгаж шигшсэн (loosely based), action тулаанд анхаарсан, нударгаар ертөнцийн бүх явдлыг түвшитгэгч “күүл” зодоонч атамануудыг шүтэх “Монгол ялна” маягийн өгүүлэмж бүхий #МашНууц (2015), #МашНууц2: #БайтагБогд (2018), #37рТочка (2019-2020) зэрэг кинонуудтай “агаар нэг” санагдсан юм. Гагцхүү ялгаа нь Фантастик продакшны кинонууд Монголдоо өндөр хийц чанартайд (more polished) тооцогдохуйц байдаг бол “Мардай”-н хийцлэл нь өмнө дурдсан мэт кинонуудыг 5-10 дахин бага зардлаар бүтээхээр оролдож буй “хямдруулсан” оролдлого хувилбар нь мэт ажээ. Кинонд гарах байршлуудын сонголт (location), зургийн талбай засал (set design), зураг авалтын ажилбар (cinematography), компьютер график болон байлдаан тулааны хэсгүүдэд (fight choreography) нь энэхүү тарчиг байдал хамгийн хурцаар мэдрэгдэж байв. Гэсэн хэдий ч “Мардай” өдийд гарч буй бусад Монгол кино шигээ “царайлаг” биш боловч, миний хувьд энэ кино нь бусад олон Монгол киноноос давсан чухал шинжийг агуулж байсан нь түүний дүр болон үйл явдлын бүтэц хэмнэл байсан юм. Амьд үлдэхийн төлөөх тэмцэл ямар ч киног хүчтэй зөрчилтэй болгодог. Шударга бусаар үхлийн ял тохогдож буй гэмгүй гол дүр, тамд хамтдаа унасан төрөл бүрийн сонирхолтой хоригдлууд, тамын тогоог хариуцах хатүү үүрэгтэйгээ тэрсэлдэх дарга цэрэг гэх мэт ньюанстай, зөрчилтэй дүрүүд нь миний хувьд “Мардай”-н хамгийн хүчтэй шинж байлаа. Кинонд Фантастик-ийн “жэнкэн эр хүн” дүрүүдтэй блокбастер кинонууд адил “Хэн нь хоолойгоо сайн шахаж ярих вэ”, “Хэн нь бусдад гэмтэл учруулахдаа сэтгэл зовохгүй вэ”, “Хэн нь зодолдохоо хамгийн лаг сурталчлах вэ” гэдэг 1990/2000-аад оны 20-30 жилийн өмнөх сэтгэхүйн бүтээгдэхүүн болох “сайн зодолддог күүл атаман ах”-ийн дүрүүд бий. Гэвч тэдгээр дүрүүд энэ удаа өчүүхэн өрсөлдөөнөө ардаа орхих, хамтарч ажиллах, хүний нүдэнд хэн ч ялгаагүй “үхэр Монгол” юм гэдгээ ухаарах болсон нь содон бөгөөд авууштай өнцөг байсан юм. Улмаар эдгээр өнгөлөг дүрүүд өөр өөрийн тамаасаа зугтахаар туулах замнал нь эхлэл, өрнөл, эргэлт, тайлал, төгсгөл бүхий хоорондоо холбоотой, замбараа дараалалтай, нэгээс нөгөө нь ургах хамааралтай байсан нь Монгол кинонууд дунд хавьдаа очоод үйл явдалгүй болчихдог асуудлыг үгүй болгожээ. Хэдий зарим үед үйл явдлын дарааллыг өөрчилмөөр, уурхайгаас оргох төлөвлөлт бэлтгэлийг илүү ул суурьтай (build-up) болгомоор, төгсгөл хэсгийг танаж хэмнэлийг түргэсэгмээр байсан ч эдгээр зүйлс нь киноны дүр үйл явдлаас авсан таашаалыг ноцтой хэмжээнд бууруулаагүй юм. Харин “Мардай” киноны хамгийн том “алуур” нь дуу шумны асуудал байв. Камерын шилжилт, дүрүүдийн ээлжлэх харилцаанд микрофон нь паржиганах, ярианы чимээ өсч унах, дуу шум дутах буюу орж гарах, хүмүүсийн үгс амнаасаа тэс зөрөх зэрэг байдал нь “Мардай”-ийн дүр үйл явдал, кино зохиол өгүүлэмжийн гаргахаар хичээж буй өнгөтэй өөдтэй бүхнийг аймшигтайгаар хойш нь татжээ. Дүгнэж хэлэхэд, “Мардай” нь түүхэн факт болон хийц чанараараа тааруухан ч дүр үйл явдлаараа сонирхолтой кино байв. “Монгол кино хийхэд мөнгө байхгүй” асуудалд шийдэл олохоор хязгаарлагдмал орчин (уурхай)-г сонгож, сонирхолтой зөрчилтэй дүрүүдийг бүтээж, үйл явдлаа цочир дуусахаас сэргийлж бүтэц дараалалтайгаар гаргасан зохиол, түүхээс санаа авахдаа өнөө үед хамаарах сургамжийг онцолсон зэрэг нь үзэхэд уйдамгүй уран бүтээлч эрэл хайгуул байлаа. Цөөн үгээр Хийцлэл тааруухан. Түүхэн үнэнг хайвал урам хугарна. Гэхдээ зохиолын бүтэц гүйцэтгэл муугүй. “Күүл атаман ах” дүрүүд, “Монгол ялна” маягийн өгүүлэмжид дуртай бол таалагдах байх. Мөнгө цагаа буцааж авмаар байна уу? Үгүй. Гэхдээ үзэхийг яг ч санал болгохгүй. Мардай (2022) – ★★☆☆☆ (2/5) + Түүхэн явдлаар дамжуулж орчин үеийг илэрхийлэх үйл явдал (allegory) + Олон талт, өнгөлөг дүрүүд (nuanced characters) + Сонирхолтой жүжиглэлт (“Бурхан” Ганбаа-ийн дүр онцлохуйц) + Эхлэл, өрнөл, төгсгөлтэй- бүтцийн хувьд бүрэн гүйцэд үйл явдал (story structure) + Нүүр хувиргалт (make-up) - Түүхээс хальсан “түүхэн” кино - Киноныхоо чанарыг ихээхэн унагасан ОНЦГОЙ МУУ дууны чанар (sound) - Панаалтай буудалцаан - Үнэмшилгүй ажиллагаатай уурхай (гараараа уран олборлож болдог л юм байх даа?) - Устаж далд ордоггүй “күүл атаман зодоонч ах”-ийн шүтлэг (toxic masuclinity fetishism) - Маруухан гүйцэтгэлтэй тулаан/байлдаан (fight choreography) - Тун нь хэтэрсэн уянгалал - Орос хэлтэй бол гологдохоор аялга дуудлага - Төгсгөлийн тулаан сунжруу 2024-06-03 15:56:19 Дэлгэрэнгүй",[],87.17165669,1ц 27м
2252,Говийн зэрэглээ,Кино,,1980,ЭЭХ,,7,Р.Доржпалам,Б.Балжинням,"Р.Доржпалам, Я.Оюунцэцэг, Г.Эрдэнэтогтох, Г.Доржсамбуу, Д.Гүрсэд, Н.Цэвээнравдан, Ч.Хүрэл, Г.Адилбиш, Хаанаас үзэх вэ? Жүжигчид Г.Адилбиш Р.Доржпалам Б.Балжинням Я.Оюунцэцэг Н.Цэвээнравдан Г.Эрдэнэтогтох Г.Доржсамбуу Ч.Хүрэл Д.Гүрсэд",[],87.17165669,1ц 27м
2254,Stairs,Кино,"Шат БХК, Stairs",2020,Ангилал хийгдээгүй,,6.9,П.Золжаргал,П.Золжаргал,,Амигдала фильм,87.17165669,1ц 27м
2255,Legends of Olonkho Land,Кино,,2021,Ангилал хийгдээгүй,,6.9,,,"Б.Ариунхишиг,",[],87.17165669,1ц 27м
2261,Бяцхан чөтгөрийн хүсэл,Кино,,2021,ЭЭХ,,3.5,Н.Баясаа,,"Б.Жамъяндорж, О.Самданпүрэв, Х., Г.Алтаншагай, Ж.Номингэрэл, Ү.Ундрал, Жүжигчид Б.Жамъяндорж Н.Баясаа Х. О.Самданпүрэв Ж.Номингэрэл Ү.Ундрал Г.Алтаншагай",[],87.17165669,1ц 27м
2263,Like,Кино,Like МУСК,2021,Ангилал хийгдээгүй,,6.9,,,"Э.Мөнхтөр, А.Орхонтуул, Ц.Төмөрхуяг, Х.Тэнгис, Жүжигчид Э.Мөнхтөр А.Орхонтуул Ц.Төмөрхуяг Х.Тэнгис",[],87.17165669,1ц 27м
2268,Өвгөн хуурч,Кино,,2022,Ангилал хийгдээгүй,,7.2,,,"О.Баярсайхан,",[],87.17165669,1ц 27м
2269,Хиртээгүй сарнай,Кино,,2021,13+,,7,Ц.Хүсэлбаатар,,"Х.Сумъяадорж Х.Баярмаа Д.Цэрэндарьзав Ц.Хүсэлбаатар О.Амгаланбаатар Г.Золбоот С.Өлзийхүү Б.Эрдэнэцэцэг Ч.Болд Э.Пүрэвжаргал Б.Баяржавхлан Б.Болдбаатар Кино шүүмж Mungun “Хиртээгүй Сарнай” нь хайргүй залуутайгаа сүй тавьсан чинээлэг айлын бүсгүй, хүмүүсийг хууран шантаажилдаг найзуудтайгаа амь зогоож ядахдаа мөнөөх бүсгүйн ээжийг залилан явалдаж байсан залуу хоёрын санамсаргүй учрал, хайр сэтгэлийн талаар романс, драм кино юм. Юуны түрүүнд “Хиртээгүй Сарнай” киноны зохиол нь анхлан 1990/2000-аад оны тайзны жүжгийн зохиол байсан болов уу гэж санагдсан юм. 2000-аад онд жаахан байхад телевизээр рекламын сүртэй эрэгтэй хоолой гэнэт орж ирээд л “Өнгө мөнгө! Хайр дурлал! Худал хуурмаг!” гэж ирээд бага зэрэг нүцгэн бие, зодоон, уйлж эсвэл хашхирч байгаа эмэгтэй хүн, ямар нэг юм тунгаах царайнууд бүхий жүжгийн trailer гардаг байсан нь хүмүүс гадаад дотоодоор бага явсан, хэл мэдэхгүй, интернэт ашигладаггүй байхад цочирдмоор сүртэй (edgy) санагддаг байсан даа? “Хиртээгүй Сарнай” яг л тэрхүү 20-30 жилийн өмнөх “сүртэй & cool” байсан зүйлийг одоо ч үзэгчид шохоорхон биширнэ хэмээн ноцтой андуурчээ... “Мөнгө хамгийн чухал нь биш”, “Худал хэлэх нь муу”, “Хүчээр хайртай болж болдоггүй” гэх мэт байдаг л утга санаа нь одоогийн үзэгчдэд дэндүү наад захын, хэт энгийн, сэтгэл догдлох зүйлгүй, хуучинсаг бөгөөд ядмаг санагдах нь дамжиггүй. Цаашлаад энэхүү “кино” нь “уран сайхны кино”-нд байвал зохилтой зураглал зураг авалт (cinematography), үйл явдлын хэм хэмнэл (pacing), эргэлт өөрчлөлтүүд үгүй бөгөөд сонирхолтой байршил, нарийн чамин монтаж, дурсамжтай хөгжим, сэтгэлд үлдэх өнгө будгийг бүр хүлээж найдалтгүй. Ямар нэгэн уран бүтээлч “ажиллагаа”, эрэл хайгуул, өвөрмөц өөр зүйлийг үзүүлэх урлагийн “ид шид” энэ кинонд дусал ч үгүй байдал нь контентгүй ядруухан жижиг телевизийн уран бүтээлчид нэвтрүүлгийн цагаа дүүргэхээр гарын доорх тарчиг материалдаа тааруулан теле-зохиомж хийчихсэн юм шиг. Хайр сэтгэлийн тухай (romance) киноноос үзэгчид бид гол дүрийн хосуудын алдаа дутагдалтай боловч сэтгэл татам хүнлэг шинж, тэдний учрал уулзалт, сэтгэлд өег баяр жаргал, золиос тэвчээрийг харахыг хүсдэг билээ. Гэтэл “Хиртээгүй Сарнай”-ийн гол дүрүүдэд “энэ хоёр хамт байхаас аргагүй хүмүүс юм” гэж ойлгогдох хайр дурлалын “оч” болон зохилдлого (chemistry) тун ч дутмаг байсан нь үйл явдал болон хийц чанарын хувьд хэдийнэ ядмаг байсан уг киног бүр ч сүйрүүлсэн гэлтэй. Харин хаа очиж хамгийн санаандгүй нэг дүр сонирхолтой санагдсан нь гол дүрийн охины нагац ах буюу ээжийн дүрийн дүү (жүжигчин Ч.Болд) байв. Хэдий уг жүжигчин нь тоглосон кино бүрдээ танхайдуу, дээрэлхүү нэгний дүрийг бүтээдэг боловч тэрхүү хэв шинжит дүр нь энэ удаад “бусдын үг бүрийг дагагч”-аас, өөрийн гэсэн толгойтой нэгэн болж хувирах өөрчлөлтийн замналтай байсан нь нийт киноных нь эерэгээр дурсаж болох цорын ганц үзүүлэлт байлаа. Мөн кинотой шууд хамааралтай биш боловч гайхаш төрүүлсэн нэг зүйл нь “Хиртээгүй Сарнай”-ийн ээжийн дүрийг бүтээсэн жүжигчин (С.Өлзийхүү), охины дүрийг бүтээсэн жүжигчин (Х.Баярмаа) найруулагч (Ц.Хүсэлбаатар) нарын гэр бүлийн хамаарал юм. Жүжигчид найруулагчид ямар кинонд ажиллахыг сонгох нь миний хэрэг биш боловч “Хиртээгүй Сарнай”-н найруулагчийн хувьд өөрийн эхнэр болон охиныг нэг залуутай цувран явалдаж буй дүрд тоглуулсан, ээж охин хоёр жүжигчин тийм дүрд зөвшөөрч тоглосон нь насанд хүрэгчдийн киноны ямар нэгэн ангилалд содон сонирхол (fetish)-ийн илрэл мэт хачирхалтай санагдсан юм. Цөөн үгээр 1990-ээд онд л сүржин (edgy) явдалтай санагдаж магадгүй жүжгийн зохиолыг 2000-аад онд телевизийн зохиомж болгож хөрвүүлсэн байсан нь 2020 онд театрт гэнэт гарч байгаа мэт. Гялайх зүйлгүй санаа, гялтайх зүйлгүй хийц, нийтдээ маш хуучинсаг хоцрогдмол хэв маягтай кино. Мөнгөө буцааж авмаар байна уу? Тийм. Санхүүжүүлсэн хөрөнгө оруулагчид, гүйцэтгэсэн уран бүтээлчид, билетийг авсан үзэгчид бүгдийн цаг мөнгөний гарз. Хиртээгүй Сарнай (2021) – ★☆☆☆☆ (1/5) + Эрэгтэй туслах дүрийн өөрчлөлт хувирал (character arc) - Муу жүжиглэлт - Сэтгэл татах шинжгүй дүрүүд - Кинондоо 10 хэдэн настай эсвэл 30 хэдтэй аль нь байх нь ойлгомжгүй жүжигчид сонголт (casting) - Гол дүрүүдийн үнэмшил зохилдлого муутай хайр сэтгэл (lack of chemistry) - Хямдхан төгсгөлийн эргэлт - Уйтгартай зураг авалтын байршлууд - Зориулалтын микрофоноор бичээгүй цуурайтдаг дууны чанар бүхий хэсгүүд 2024-06-03 14:51:23 Дэлгэрэнгүй",Хас урлан фильм,87.17165669,1ц 27м
2272,Цогт тайж,Кино,,1945,ЭЭХ,,6.5,М.Лувсанжамц,Б.Ренчин,"Ц.Цэгмид, Ж.Лувсанжамц, Ч.Долгорсүрэн, Г.Гомбосүрэн, Л.Цогзолмаа, Д.Чимэд-Осор, Н.Цэгмэд, Д.Ичинхорлоо, Жүжигчид М.Лувсанжамц Б.Ренчин Ц.Цэгмид Ж.Лувсанжамц Ч.Долгорсүрэн Г.Гомбосүрэн Л.Цогзолмаа Д.Чимэд-Осор Н.Цэгмэд Д.Ичинхорлоо",[],87.17165669,1ц 27м
2277,Мандухай сэцэн хатан,Кино,,1988,ЭЭХ,,6.9,Б.Балжинням,Ш.Нацагдорж,"Н.Сувд, Б.Дамчаа, А.Очирбат, Ж.Сүххуяг, П.Баярхүү, Д.Мэндбаяр, Г.Мягмарнаран, А.Дашпэлжээ, Л.Жамсранжав, Д.Гүрсэд, Н.Отгонтогос, П.Цэрэндагва, Д.Төмөртогтох, Жүжигчид Б.Балжинням Ш.Нацагдорж Н.Сувд П.Баярхүү Б.Дамчаа Д.Мэндбаяр А.Очирбат Г.Мягмарнаран Ж.Сүххуяг А.Дашпэлжээ Л.Жамсранжав Д.Гүрсэд Н.Отгонтогос П.Цэрэндагва Д.Төмөртогтох",[],87.17165669,1ц 27м
2296,Өвөл,Кино,Өвөл МУСК,2021,Ангилал хийгдээгүй,,7.2,Ц.Амартүвшин,,Ч.Болд Ц.Амартүвшин Г.Золбоот Ц.Алдармаа Д.Хосбаяр Г.Чулуунцэцэг,Ф студи Хаанаас үзэх вэ?,87.17165669,1ц 27м
2297,Ногоон нүдэн лам,Кино,Ногоон нүдэн лам МУСК,2022,Ангилал хийгдээгүй,,7.4,,,,[],87.17165669,1ц 27м
2298,Ертөнцийн сүүлчийн чулуу,Кино,Ертөнцийн сүүлчийн чулуу МУСК,1995,Ангилал хийгдээгүй,,7.1,Б.Бадрууган,С.Жаргалсайхан,Б.Бадрууган С.Жаргалсайхан Г.Равдан Г.Урнаа Ж.Амарзаяа,Сүүдэр ший кино компани,87.17165669,1ц 27м
2302,Улаан цэцэг,Кино,,2022,ЭЭХ,,6,Б.Энхжаргал,,З.Хангал Б.Энхжаргал Г.Ундармаа Б.Болдбаатар Б.Хунцэнгүүн Д.Хосбаяр Ц.Ганзориг П.Анхбаяр,U film Хаанаас үзэх вэ?,87.17165669,1ц 27м
2306,Le Cavalier Mongol / The Mongolian Horse Tamer,Кино,,2019,Ангилал хийгдээгүй,,6.9,,,,[],87.17165669,1ц 27м
2308,Гайхамшигт ертөнц,Кино,,2021,13+,,7.4,Р.Эрхэмбүрэн,Р.Эрхэмбүрэн,"Т.Нямдорж, Т.Бадамжав, Ж.Мөнхсайхан, Г.Алтаншагай, Б.Ариунцэцэг, Д.Мэндбаяр, Г.Алтандуулга, Э.Баярмагнай, Э.Нарангэрэл, Р.Сүхболд, Б.Болорчулуун, Э.Батхүү, Б.Номин, Хаанаас үзэх вэ? Жүжигчид Р.Эрхэмбүрэн Т.Нямдорж Д.Мэндбаяр Г.Алтандуулга Т.Бадамжав Э.Баярмагнай Ж.Мөнхсайхан Г.Алтаншагай Э.Нарангэрэл Б.Ариунцэцэг Р.Сүхболд Б.Болорчулуун Э.Батхүү Б.Номин",[],87.17165669,1ц 27м
2313,Дурсаж яваарай,Кино,Дурсаж яваарай МУСК,2020,Ангилал хийгдээгүй,,7,Э.Ган-Очир,,"Э.Отгончимэг, Б.Бат-Ууган, Хаанаас үзэх вэ? Жүжигчид Э.Ган-Очир Э.Отгончимэг Б.Бат-Ууган",[],87.17165669,1ц 27м
2315,Сүүдэр,Кино,,2021,Ангилал хийгдээгүй,,7.3,М.Аззаяа,А.Баярцэцэг М.Аззаяа,М.Аззаяа Ж.Оюун-Эрдэнэ А.Баярцэцэг Б.Сондор,Баяр энтертайнмент Хануй фильм Лотус Пикчерс,87.17165669,1ц 27м
2317,Худалдагч охин,Кино,Худалдагч охин МТВК,2021,18+,,5.4,Ж.Сэнгэдорж,,"Б.Баярцэцэг, О.Энхтуул, Х.Баярмаа, Б.Базаррагчаа, Н.Баясаа, Ц.Эрдэнэбат, Жүжигчид Ж.Сэнгэдорж Б.Баярцэцэг О.Энхтуул Х.Баярмаа Б.Базаррагчаа Н.Баясаа Ц.Эрдэнэбат",[],87.17165669,1ц 27м
2322,Сүрэг: Мэдэх эрхгүй түүх,Кино,,2022,13+,,8.2,О.Базаррагчаа-ийн,Т.Мягмартогтох,"Б.Эрдэнэбат О.Бат-Өлзий С.Болд-Эрдэнэ П.Цэрэндагва О.Базаррагчаа Т.Мягмартогтох Г.Эрхэмбаяр Ч.Болд Д.Мэндбаяр Р.Адъяа Т.Энэрэл Т.Борхүү Д.Номин-Эрдэнэ Л.Эрдэнэ-Очир Б.Батмэнд Кино шүүмж Mungun “Сүрэг: Мэдэх Эрхгүй Түүх” нь 1930-аад оны Монгол улсад төрийн эрх баригчид ард иргэдийг үй олноор нь хөнөөж байсан их хэлмэгдүүлэлтийн үед нэгэн ламын илгээмжтэй бүсгүй цэргүүдэд мөшгөгдөж буй талаар түүхэн цаг үед өрнөх (period) зовлон хүчирхийлэлт (exploitation) төрлийн кино юм. Юун түрүүнд энэхүү киног театрууд “адал явдалт” (adventure) хэмээн тайлбартаа оруулсан нь үзэгчдийг төөрөгдүүлсэн томоохон алдаа мэт санагдав. “Адал явдалт” кино нь миний ойлголтоор сонирхолтой газар орноор аялж, өнгөлөг содон хүмүүстэй учирч, “Одоо яах болоо?” хэмээх догдлол сонирхлыг төрүүлэх үйл явдлыг дэлгэх “Indiana Jones” (1981-1989), “The Mummy” (1999-2001) , “Jumanji” (1995) харин Монголоос “Бушхүүгийн Үлгэр” (1979), “Алтан Өргөө” (1961), “Ардын Элч” (1959) гэх мэт амьдралын зарим сургамжтай ч хэт хүндэрдэггүй, хөнгөн уур амьсгалтай ч хошин шог болдоггүй - гол нь гэр бүлээрээ үзэхэд ямар ч асуудалгүй төрлийн киног тодорхойлдог болов уу хэмээн санагддаг юм. Гэтэл “Сүрэг” нь өнөө л өнчин хүүхэд, өрх толгойлсон эмэгтэй, утга учиргүй их хүчирхийлэл, шинэ төрсөн хүүхдээс өндөр наст эмгэний чарлаан, нэгэндээ дайрч хар яр хийхээс өөр үйлдэлгүй, өсөлт уналтын сураг ч үгүй уйтгартай нэг хэмжээст дүрүүд, далий хошин шог, хэт уянгаллыг бялууртал овоолсон ээлжит нэгэн “зовлонт Монгол кино” жанрын бүтээгдэхүүн ажээ. “Сүрэг”-ийн үйл явдал уг нь төдийлөн ээдрээтэй нарийн биш. Өнчин дүүг нь эмнэсэн өвгөн ламд талархах бүсгүй түүний эцсийн хүсэл захиасыг тээж холын замд гарах бөгөөд адууны хулгайч нөхөртөө хаягдсан тэрхүү бүсгүйг түүнд сэтгэлтэй харгис цэрэг болон харгис сэтгэлтэй харгис цэрэг хоёр мөшгөнө. Ер нь энэ кино нь түмний төлөө хэцүү даалгавар авсан зовлонт эмэгтэйн тухай төстэй тавилт (set-up) бүхий “Ардын Элч” (1959)-ийн нулимс, зовлон, хүчирхийллийг нь 500% нэмэгдүүлсэн маруухан cover гэхэд бараг онох болов уу. Гэхдээ миний хувьд “Сүрэг”-ийн асуудал нь кино дэндүү хар бараан байсанд бус, харин хар бараанаа зөвтгөх, сонирхолтой болгох хэмжээний дүр үйл явдлын урсгал, учир шалтгааны холбоос, тайлал төгсгөл, сэтгэл хөдлөл өдөөх чадал байгаагүйтэй холбоотой юм. Жишээ нь ламын дайлгасан “ариун шидэт шүтээн”. Үүний ач холбогдол, үнэ цэн, амьдралд яг ямар нөлөөтэйг “Энэ чухал шүү” гэж хэсэг хүмүүс давтахаас цааш төдийлөн ойлгуулж ухааруулах зүйлийг кино хийдэггүй. Иймд дүрүүдийн үхэлдэн хамгаалж, алалдан хөөцөлдөж буй зүйл үзэгчийн ой тойнд сууж (establish), сэтгэлд үлдээгүй тул бүсгүйн нууж яваа зүйл нь миний хувьд Бөхийн Өргөөнд болж л байдаг зохиолын дууны тоглолтын тасалбарын чинээ сонирхол татсангүй. Цаашлаад харгис цэргүүд нэгэндээ үүрэгдэж эсвэл нэгнээ зэрэмдэглэж, таарсан бүхнээ талах киноны “амь настай холбоотой, тулчихсан яаралтай” мөрдлөг хөөцөлдөөн нь гэнэтхэн олон сараар үсэрч, “Сүрэг”-ийн үйл явдал ямар нэг хот айлын уйтгартай хэвшмэл хэлц үгээр цэцэрхэлдэх өдөр тутмын хов живд хутгалдаж орсон нь угийн өрнөл султай киноны хэмнэл явдлыг бүр ч залхмаар удаашралтай болгожээ. Уг нь киноны өрнөх цөвүүн цаг үе нь өнөөгийн Монгол кино дундаа өвөрмөц бөгөөд сонирхолтой байх бүрэн боломжтой мэт. Улс үндэстнийхээ хувьд төр нь ч иргэд нь ч өөрсдийн хувь заяаг тодорхойлох эрх чадлаа алдаж, үр дүнд нь энгийн хүмүүс айдас үхэл дунд амьдарч байсан тэдгээр он жилүүдийг бид мартваас давтахын нягууртай билээ. Харамсалтай нь “Сүрэг” кино алсарч буй энэхүү түүхийг өнөөгийн үзэгчдэд сэргээн таниулах, ойлголт өгөх (contextualize) талаар юу ч хийсэнгүй. Лам = Ашиг сонирхлын ямар ч зөрчилгүй эрдэмтэй цагаан хүмүүс, хувьсгалчид = өөрсдийн учир шалтгаангүй зүгээр л хүн алах хоббитой гарууд, өнчин ядуу = үргэлж өөгүй сайн, баян авгай = шулам, бүүвэйн дуу = ямар ч киног автоматаар авардаг уянгалал гэх мэт хэвшмэл ойлголтыг “Сүрэг” үг үсэг бүрчлэн давтсан уу гэхээс өөрчлөх, “эвдэх”, урлагийн бүтээлийнхээ хувьд шинэ өнцгийг дэлгэх оролдлогыг огтхон ч хийгээгүй нь урам хугалам байлаа. Гэтэл амьдралыг ийм энгийн гэнэн, хар цагаанаар үзүүлдэг бүтээлээс орчин цагийн Монгол үзэгчид хөндийрч, харин тал талдаа зөвтгөлтэй өнгө бүрийн саарал дүр үйл явдалтай киног сонирхон таашаах болсныг өдгөө моданд орж буй төрөл бүрийн бүтээлээс харж болох билээ. “Сүрэг”-т ололттой зүйлс цөөн боловч байсан. Энгийн хүмүүсийн “амьдалтай” хувцас хунар, ганц хоёр содон зураглал, зарим сцений түгшүүр нууцыг “өргөх” арын хөгжим тааламжтай. Гэвч эдгээр зүйл нь ямар ч кинонд байх ёстой наад захын шинж билээ. “Сүрэг”-ийн үзэгчдээсээ хоцорсон хуучинсаг өгүүлэмж, утга учиргүй их хүчирхийлэл, тун хэтэрсэн уянгалал, улиг болсон хэлц үгт харилцан яриа, уйтгартай дүрүүд нь энэхүү киног 2022 онд таашаах боломжгүй болгожээ. Цөөн үгээр Уран сайхан, хийц чанарын ур дүйгүй баахан зовлонгоор үзэгчээ “зодох”-ийг “бүтээл” эсвэл “урлаг” гэж андуурахаа больмоор байна. Мөнгө/Цагаа буцааж авмаар байна уу? Хайран мөнгө, бүр ч хайран цаг минь.",Блек зебра,87.17165669,1ц 27м
2327,Цасан хүн,Кино,Цасан хүн МУСК,2021,13+,,7.2,Б.Батбаатар,,Б.Эрдэнэбат Б.Батбаатар Ц.Төмөрхуяг Д.Мөнхтөмөр Н.Ялалт А.Алтанхуяг Д.Оюунтуул О.Самданпүрэв Ж.Оюундарь,Тоонот пикчерс Хаанаас үзэх вэ?,87.17165669,1ц 27м
2330,In da house,Кино,In da house МУСК,2021,13+,,5.2,Ц.Амартүвшин,Ө.Мөнх-Эрдэнэ,Ө.Мөнх-Эрдэнэ Н.Оргил Г.Лхагвацэрэн Ц.Амартүвшин У.Цогтбаяр Ц.Ганбаяр С.Батзориг Р.Сүхболд Н.Баясаа Г.Чулуунцэцэг С.Батзориг Б.Номин У.Минжин Б.Ариунцэцэг Д.Дэлгэрсайхан Р.Отгонбаяр Х.Цасчихэр Б.Жамъяндорж Ч.Төгөлдөр Ч.Хантүмэн,Ф студи Жижгээ & Цогтоо Баясаа & Зоригоо,87.17165669,1ц 27м
2335,Маргааш бид буцна,Кино,,2013,Ангилал хийгдээгүй,,6.8,А.Мөнхсүх,Л.Таванбаяр,"М.Мягмар, Б.Гарамханд, А.Адилцэцэг, Жүжигчид А.Адилцэцэг Ариунаа М.Мягмар Л.Таванбаяр А.Мөнхсүх Б.Гарамханд",[],87.17165669,1ц 27м
2336,Сүүдрээр гэтэгч,Кино,,2022,ЭЭХ,,8.5,Б.Батбаатар-ийн,,"Б.Эрдэнэбат Э.Пүрэвжаргал Б.Батбаатар Д.Мөнхтөмөр Кино шүүмж Mungun “Сүүдрээр Гэтэгч” нь хар шидийн хүчтэй холбогдож Монголд сураг тасарсан чинээлэг бөгөөд учир битүүлэг бизнесмэнийг хайж буй Солонгос сурвалжлагчийн талаар зөгнөлт (dark fantasy), адал явдалт жанрын кино юм. Киноны эхлэлд найруулагч, эвлүүлэгч, жүжигчид дунд олон Солонгос нэр хараад “Сүүдрээр Гэтэгч”-ийн талаарх хүлээлт багагүй өндөрсөв. Учир нь Солонгосын уран бүтээлчид Холливудын хэмжээний хөрөнгө оруулалт, супер одууд, тусгай эффекттэй шууд өрсөлдөж чадахгүйгээ эртнээс ухааран эвлэрч, оронд нь мөнгөөр бус өндөр мэдрэмжээр дүрийн дотоод зөрчил, үйл явдлын хурц эргэлт, анхаарал сэтгэлийг тогтоон барих адармаат явдлыг бүтээхэд хичээл зүтгэлээ зориулж ирсэн нь Солонгос киноны өнөөгийн амжилтын нууц мэт санагддаг юм. Харамсалтай кино эхлээд нэг ч минут бололгүй эргэлзээ төрж эхлэв. Улс төрийн хуйвалдаан, корпорацийн авилга, хаан биш бүр бурхан мэт мэдэлтэй групп компанийн ерөнхийлөгчийн талаар өнөө л улиг болсон тавилт (set-up)-ийг тайлбарлаж, механикаар “халбагадах” үйл явцыг тэсвэрлэхэд улам ч бэрх болгосон зүйл нь Солонгос жүжигчдэд Монгол дуу оруулалт хийсэн хачирхалтай шийдэл байлаа. Кино үнэхээр үзүүштэй бол үзэгч ямар ч хэлээр киног үзэж, орчуулга текстийг (subtitle) нь уншихаас төвөгшөөдөггүйг Англи хэлгүй Marvel, DC-ийн дэлхийн фэнүүдээс эхлээд, Netflix-т мандан бадарч байгаа Солонгос цувралын фанаатууд, Монгол хэлээр хэзээ ч орчуулагдаж гарахгүй алдартай биш, хуучны эсвэл “сураггүй” бүтээлүүдийг ч ухаж үздэг манай кино сонирхогчид санал нийлэх болов уу. Учир нь жүжиглэлт, жүжигчний чадвар гэдэг зөвхөн өгсөн текстийг уншиж амаа хөдөлгөх энгийн явдал бус, хоолойн өнгө, амьсгалын хэм, ярианы хэмнэлээр үг хоорондох давхар утгыг илэрхийлдэг кино урлагийн чухлын чухал хэсгийн нэг билээ. Гэтэл “Сүүдрээр Гэтэгч”-ийн уран бүтээлчид юунд Солонгос жүжигчдийнхээ чадварт эргэлзэж, үзэгчийн таашаал мэдрэмжийг бус, харин сонирхолтой содон гэх санаа үгүй текстээ үг бүрчлэн орчуулах харалган шийдвэрийг гаргасан нь миний ухаанд багтсангүй. Гол дүрүүд нь голчлон Солонгос хүмүүс, тэгээд тэд бүгд киноны эхнээс эцэс хүртэл дуу оруулалттай явсан нь миний хувьд дүрүүдийг мэдрэх, үйл явдалд уусах боломжийг ихээхэн хязгаарласан юм. Гэхдээ интернэт хөгжихөөс өмнө зах дээр зарагддаг байсан хулгайн кинотой VCD-нүүдийн монгол хоолойг санагалзан үгүйлдэг (nostalgia) хүмүүст “Сүүдрээр Гэтэгч”-ийн дуу оруулалтын чанар гүйцэтгэл сэтгэлд нь хүрэхийг үгүйсгэхгүй. Хэдий “Сүүдрээр Гэтэгч” нь ийнхүү орчуулсан текст (subtitle) унших боломжгүй Монгол үзэгчдийнхээ тусын тулд Солонгос дүрүүдийнхээ жүжиглэлт, дуу хоолойгоор “туг тахисан” боловч, үүний үр дүнд киноны утга авцалдаа цэгцтэй, үйл явдал ойлгомжтой болсон уу гэвэл - хариулт нь үгүй. Уг нь киноны үүдэл санаа (premise)-д нарийн түвэгтэй зүйл үгүй. Баян Солонгос эр Монголд ирж, нутгийн нэгэн шуламтай нөхцөөд ор сураггүй алга болсон нь өвөрмөц байж болох. Харин царай төрхийг өөрчилдөг мэс засал, ой санамж арчилт гэх мэт санаа нь 2000-аад онд Монгол сувгуудын Солонгос савангийн дуурийн үерт гэртээ телевизтэй байсан хүн бүхний хэзээний танил нөхцөл байдал бизээ. Гэтэл киноны дүрүүд Монголд ирж, жинхэнэ адал явдал эхлэхэд “Сүүдрээр Гэтэгч”-ийн бүх л логик “замбараа” нь замхран арилж, хэм хэмнэл нь хана мөргөн зогсч, өрнөл явдал нь хөл доороо хий эргэсээр, гар утасны аппликейшн фильтерээр зүйж эвлүүлсэн мэт компьютер график (CGI) үзэгдлүүдтэйгээ нийлж цаг хагасын киног 10 цаг үргэлжлэх шийтгэл мэт мэдрэмжийг өгсөн юм. Солонгос сурвалжлагчийн гэрийн даалгаврыг өмнөөс нь хийж өгөөд байгаа тэнгэрээс унах мэт гэнэт гарч ирсэн ээлжит хангуг хүн хэн болох, шулмын тоо нэг биш хоёр болоод хэн нь хэнүүдтэйгээ хэний эсрэг/төлөө байлдаад байгаа, дунд нь юун хар тамхи зардаг хөгшин хүмүүс тэгснээ халзан толгойгоор ижилссэн залуусын бүлэглэл гарч ирэх, дэлхийн хамгийн удаан морьтой ид шидийн хөлөг баатруудад хүмүүсийг мөшгөн дайтах илүү хялбар арга хэрэгсэл байсангүй юу гэх мэт олон олон ойлгомжгүй нөхцөл, “арай ч дээ” гэмээр эргэлт, “за яана л даа” гэмээр зорилтот бус инээдэм киноны туршид уртаас урт сунжруу сценүүдээр дамжин цувран үргэлжилсээр байв. Магадгүй би “Кино мэддэггүй модон толгой, урлаг ойлгодоггүй зэрлэг сармагчин” хэмээн өөртөө бүх бурууг тохож, зохиолч найруулагчдыг “хар масс”-ынхаа ойлгохгүй, цаг үеэсээ зоримгоор түрүүлсэн бүтээл туурвижээ хэмээн өөр өнцгөөс зөвтгөн бодох (benefit of the doubt)-ийг хичээж болох. Гэтэл театрын танхим дүүрэн үзэгч киног ам хамхин чимээгүй үзэх наад захын соёлоо шидэт ховсоор мэт нэгэн зэрэг бүгд алдаж “Энэ одоо юу болоод байнаа” хэмээн гайхшран шүүрс алдах чимээ нь минут тутамд улам чангарсаар байсан нь эсвэл театрт дандаа “урлаг мэддэггүй” хүн цугласан, эсвэл уран бүтээлчид ямар нэгэн ноцтой алдааг гаргажээ гэсэн хоёр л тайлбарыг үлдээсэн юм. “Сүүдрээр Гэтэгч” Монгол кинонд ид шидийн жанр, гадны уран бүтээлчдийн өөр арга барил (know-how)-ийг нэвтрүүлэхээр санаачлага гаргасан нь сайшаалтай. Гэвч эвлүүлж ойлгохын аргагүй эргэлт явдал, залхаж гүйлгэмээр хэмнэлгүй урт сценүүд, таашаах боломжгүй дуу оруулалт, наалдацгүй дүрүүд, базаахгүй тусгай эффектээ оновчгүй ашигласан сонголт шийдэл, чухал, чухал бусаа эс ялгах ерөнхий найруулга нь энэхүү киног үзэхэд нэн бэрхшээлтэй болгожээ (frustrating movie-going experience). Цөөн үгээр Хэн, юу, яагаад нь ямар ч ойлгомжгүй, толгой өвмдөөр дүр үйл явдал. Маш удаан хэмнэл, оновчгүй CGI, утга учиргүй Монгол дуу оруулалт гээд хийц гүйцэтгэл нь нүд чихэнд баяр баясал өгөхийн яг эсрэг үйлчлэлийг үзүүлнэ. Мөнгө цагаа буцааж авмаар байна уу? Тийм.",Тоонот пикчерс,87.17165669,1ц 27м
2337,Мөнх хаан,Кино,Мөнх хаан МУСК,2023,Ангилал хийгдээгүй,0ц 11м,7.3,,Ш.Гүрбазар,,Ю Би Эс телевиз,11,0ц 11м
2347,Зэрэг нэмэхийн өмнө,Кино,,1965,13+,,7.4,Д.Чимэд-Осор,Л.Түдэв,"З.Доржсүрэн, Б.Содном, Д.Жамъянжав, Жүжигчид Д.Чимэд-Осор Л.Түдэв З.Доржсүрэн Б.Содном Д.Жамъянжав",[],87.17165669,1ц 27м
2351,Гарын таван хуруу,Кино,,1983,13+,2ц 13м,6.7,Б.Балжинням,И.Нямгаваа,"Я.Оюунцэцэг, Ш.Цэцэг, О.Бат-Өлзий, Г.Доржсамбуу, Хаанаас үзэх вэ? Жүжигчид Б.Балжинням И.Нямгаваа Я.Оюунцэцэг О.Бат-Өлзий Г.Доржсамбуу Ш.Цэцэг",[],133,2ц 13м
2352,Ганцхан шалтгаан,Кино,Ганцхан шалтгаан МУСК,2022,ЭЭХ,,6.6,Г.Батзаяа-ийн,Г.Батзаяа М.Аззаяа,"Б.Золжаргал, Д.Гүрсэд, Т.Цэмпилмаа, Жүжигчид Б.Золжаргал Д.Гүрсэд Г.Батзаяа Т.Цэмпилмаа М.Аззаяа Кино шүүмж Mungun “Ганцхан Шалтгаан” нь хүнд өвчтэй ч хөгжилтэй жаал охинтой нөхөрлөж амьдралын үнэ цэнийг ухаарч буй сэтгэл гутралд автсан залуу болон карьераа орхиж хөгжмийг сонгосон залуугийн хамт айдас ичгүүрээ давж дуулах авьяасаа нээж буй бүрэг бүсгүй нарын зэргэлдээ явдлын талаар залуусын амьдралын (coming of age) сэдэвт хөгжимт-драм кино юм. Монгол киног үгүйсгэн блоклох бус үзэж ойлгохыг хичээж, “Монгол киног яагаад хүн үзэхгүй байна, дотоодын кинонд чухам яагаад үзэгчид бид итгэл алдрав?” хэмээх асуултанд хариулт эрэлхийлж санал сэтгэгдлээ дэвшүүлэн хуваалцдаг болсоор дөрвөн жил болжээ. Тэгвэл энэ хугацаанд миний үзсэн хамгийн “хөрсөндөө буусан” бөгөөд “амьдралтай” киноны нэг нь “Ганцхан Шалтгаан” болов. Энэ кинонд “Монгол кино” гэхээр нүдэнд үзэгдэж нүүрээ буруулахад хүргэдэг элементүүд хомс. Сүржин даржин тайзны жүжиглэлт, бодож байгаа шигээ ухаантай/зэвүүн биш харилцан яриа, бусдыг довтлон доромжлохоо инээдэм гэж андуурах аргуу хошигнол, эрин галаваа андуурсан атаманууд, Монголд сураггүй мафийн боссууд, “өрөвдөөч чи” гэж тулгах өвгөн эмгэн, эх үрийн элбэрэл, нус нулимс, бүүвэйн дуу, эх орны уянгалсан шүлэглэл огтхон ч үгүй. Харин “Ганцхан Шалтгаан” нь энгийн хүмүүс бидний төлөөлөл болсон дүрүүд нь хол ойрын хэн юу гэхээс үл хамааран өөрийн гүн далд бодол мэдрэмж, айдас, сэтгэл зовнилтой нүүр тулж, дотор хүнтэйгээ “учраа олж”, амар амгаландаа хүрч (making peace), ингэснээрээ өөртөө болоод бусдад аз жаргал, итгэл найдвар, тэмүүлэл мөрөөдлийг түгээж, амьдралын утга учраа таньж буй талаар уран сайхны мэдрэмжийг өгсөн бүтээл байв. Хэрэв “Ганцхан Шалтгаан”-ий дүр үйл явдлыг өдгөө гарч буй олон Монгол киноны жишгээр бүтээсэн бол уг кино нь ээлжит нэгэн “зовлонт” жанрын Монгол кино болоход даанч амархан мэт. Нөхөр/найз залуудаа өртэй барлаг мэт өмчлөгдөн гэрийн мухар сахих охин, эцэг эхээсээ нүүр буруулж гэр хорооллын өвөө эмээгээ сонгосон залуу, хүнд өвчтэй жижигхэн охин, үхэл хайх галзуу ч юм шиг гажиг ч юм шиг учир битүүлэг залууг орилоон, уянгалаан, зодоон, зовлонгоор дүүргэн бялууруулах нь стандарт сонголт болох байв. Гэтэл “Ганцхан Шалтгаан” кинонд зовлонтой “хэцүү хүнд” санагдаж түүртэх зүйлгүй, зугтаж холдмоор хэт харанхуйлал чимххэн бөгөөд харин ч гайхмаар инээдтэй, хөгжилтэй бас “сэтгэлд дулаан” кино болжээ. Киноны хамгийн эхний сценээс л “Ганцхан Шалтгаан” нь сүүлийн үед гарсан бусад Монгол киноноос онцгой бөгөөд өөр юм гэдгийг илтгэсэн чанар нь түүний зураг авалтын шийдлүүд байлаа. Хол, ойр, дундын гээд хэдхэн тавилт нь цээжлэгдчихдэг телевизийн зохиомж маягийн “жижүүрийн” зураг авалт, “за замтай, карааантай, бас дорооонтой кино баг юмсанжээ” гэж батлан харуулахаар муйхарлах мэт учир утгагүй техникээр “зодсон” зорилгогүй камерын хөдөлгөөн, хоёр гуравхан камер хоорондоо шилжих нь уйдаж унтмаар эвлүүлэг энд байсангүй. Зураг авалтын ажилбар нь хүмүүсийг амьдрал дээр нь очоод дэргэдээс нь зургийг авсан мэт амьдрал-лаг (natural), элдэв илүүц хээнцэр тавилтгүйн дээр жүжигчиддээ жүжиглэх орон зайг өгөх “агаар”-тай эвлүүлгийн хэмнэл, камерын содон байрлал, донжийг нь тааруулах ч анхаарлыг үл сарниулах хөдөлгөөн, чамин зохиомжууд нь “Ганцхан Шалтгаан”-ий хамгийн том ололтын нэг байв. Ер нь Монгол кино ийм “амьд” (dynamic) зураг авалттай нь ховор тул заримдаа Монгол биш Азийн бусад орны шилдэг найруулагчдын нэгний бүтээлийг үзэж байгаа мэт андуурам санагдах ажээ. Эсрэгээрээ, “Ганцхан Шалтгаан”-ий дийлэнх дүрийн жүжиглэлт, тэр дундаа харилцан ярианы гүйцэтгэл (line delivery) нь киноны хамгийн сул үзүүлэлт байв. Ярианы текстийг хэт цээжлүүлснээс бага зэрэг хөндий сонсогдох, эсвэл харилцан яриаг зохиолд бичихдээ анхлан гадаад хэл дээр бодоод, түүнийг Монгол хэлэнд хөрвүүлэн буулгасныг нь сонсгож байгаа мэт “цаанаа л нэг” наалдацтай-биш байдал гол дүрүүд болон хүүхдийн дүрүүдэд ажиглагдаж байв. Харин кинонд байсан цөөн боловч туршлагатай ахмад жүжигчдийн ажиллагаа нь залуусаасаа илүү итгэлтэй уян боловч хэтрүүлэг багатай байсан нь нэг талдаа “залуус маань хэн бэ гэдгээ олохгүй, өөртөө итгэлгүй яваа, харин нас тогтсон хүмүүс өөртэйгөө ч, ертөнцтэй ч амар амгалангаа олжээ” хэмээн киноныхоо санааг дэмжсэн уран сайхны ач холбогдолтой, давуу тал болсон мэт санагдсан юм. Хэдий гол дүрүүдийн жүжиглэлтэд дутуу санагдах зүйл багагүй анзаарагдсан боловч энэ нь киноноос авах таашаалд төдийлөн ноцтой нөлөөлсөнгүй. Учир нь дүрүүдэд тулгарч буй амьдралын асуудал нөхцөлүүд нь бидний шөнө нойр хулжиж хөрвөөн хэвтэх, хаа нэг хөлчүүрхэн санагалзах сэтгэлийн дотоод үзүүрт хадгалаатай эмзэг асуудлууд, харин дүрүүдийн үүнд гаргаж буй сонголт шийдвэрүүд нь ч тэдний өнцгөөс логиктой бас үнэмшилтэй байсан нь тэднийг үзэгчтэй холбогдох (relate)-д томоохон түлхэц болж байв. Харин дүрүүдтэй нэгэнт ийн холбогдсон (connect) тул тэд асуудал бэрхшээлээ туулах, унаж босохыг харах нь тэдний асуудлыг хуваалцах үзэгчийн хувьд дутуугаа дүүргэж, дундуураа нөхөх мэт сэтгэлд дулаан мэдрэмжийг өгөх ажээ. “Ганцхан Шалтгаан” илүү дутуу маяг хэтрүүлэггүй ч сэтгэлийг оргилуулан баясгах, дулаацуулан цатгах чадалтай сайхан Монгол кино болжээ. Хошин шог, атаман, дарга боссууд, зовлон уянгаллын хэвшмэл олон кино дунд гутрах, гутах, шантрах, залхах мөчүүд тохиох нь миний хувьд цөөн биш боловч Монгол кино уран бүтээлчдэд, Монгол кинонд бууж өгөлгүй үзсээр байдаг шалтгаан, хэдэн арван киноны дунд хааяа ганц тохиодог гайхамшиг нь өнөөдрийн энэ мэт бүтээл билээ. Дүрүүдтэй нь энэ хэмжээнд холбогдож чадаагүй боловч залуусын гэгээлэг сэдэвтэй, нүд хужирлам онцгой сайхан зураг авалттай. Цөөн үгээр Жилдээ ганц хоёрхоон Монгол кинонд боломж олгодог бол одоо л цаг нь. Яагаад гэвэл бусад кино таны мэдэх “өнөө л” хошин шог, атаман, маф, захирал боссууд, уянгалал яг л хэвээрээ. “Од ба Гэгээ” (2019) vibes. Мөнгө цагаа буцааж авмаар байна уу? Огтхон ч үгүй. Ийм Монгол киног дэмжиж мөнгө цагаа өгсөндөө харин ч баяртай байна. Кино хоёр найруулагчтай байв.",[],87.17165669,1ц 27м
2353,Тал нутгийн зомби,Кино,,2022,13+,,6.8,Б.Отгонзориг,Ч.Билгүүн С.Баттулга Б.Отгонзориг,"Б.Идэр-Од, Б.Сансармаа, Б.Батмаа, Д.Бямбацогт, Х.Азбуян, Ж.Амарзаяа, Ц.Төмөрхуяг, Х.Ундрах, О.Гэрэлсүх, О.Энх-Эрдэнэ, У.Пүрэвжав, Ч.Цэнгүүн,","Ю Би Фильм медиа групп Кино шүүмж Mungun “Тал Нутгийн Zombie” нь гадаадаас ирсэн бүсгүй хэл сураг тасарсан аавыгаа олохоор найзуудын хамт хөдөө аялах зуур учир битүүлэг зомбины халдвар ойролцоох сууринд дэгдэж буй талаар аймшиг, инээдмийн жанрын кино юм. Миний хувьд өнөөдрийн киног “Зомбитой Монгол кино” гэдгээр нь Монголын хамгийн meme-киноны (элэг доог/хошин дам яриа болсон кино) нэг #Цахирмаа (2009)-аас ямар чанараар илүү байхыг харахаар, харин “зомбитой инээдэм/аймшгийн” жанрын бүтээл гэдэг утгаар нь #ShaunoftheDead (2004, найруулагч Edgar Wright), #Zombieland (2009, найруулагч Ruben Fleischer) гэх мэт адил сэдвийн шилдэг бүтээлийн ололттой шинжийг уран бүтээлчид нь Монгол кинонд хэрхэн нэвтрүүлэх, өөрчлөх, сайжруулах бол гэдгийг үзэхээр төсөөлж байв. Монголын анхны зомбитой кино болох “Цахирмаа”-ийн зоримог боловч “арай ч дээ” гэмээр дэндүү хангалтгүй хийц гүйцэтгэлийн олон олон алдааг эргэн дурсахад уг киноны тун базаахгүй компьютер график болон маш тааруухан нүүр хувиргалт хамгийн түрүүнд санаанд ордог юм. Тэгвэл зомбиг Монгол кинонд дахин дэлгэх оролдлогыг хийж буй “Тал Нутгийн Zombie” киноны зомбины нүүр хувиргалт, дуу чимээ, хөдлөл хөдөлгөөн болон аймшгийн уур амьсгалд нийцсэн зураг авалт, гэрэлтүүлэг, өнгө будаг нь “Цахирмаа”-аас хойших арав гаруй жилд Монгол киноны продакшн хэчнээн гайхалтай өсч хөгжсөнийг тодоос тод харж болохуйц ажээ. Тодруулбал, монгол ахуйд зомби-ийг үзэх нь үнэхээрийн өвөрмөц содон мэдрэмж байв. Монгол гутал хувцастай зомби, монгол гэрлүү довтлох зомби, малын хотонд хашигдсан зомби, Элсэн тасархайн цөлийн манхнаар сарны гэрэлд гүйлдэх зомби, зомбинуудаас зугтах дээлтэй морьтой хүн гээд үзэгдэл зураглалууд нь 2022 оны 1-р сарын байдлаар дэлхийн өөр ямар ч киноноос үзэх боломжгүй хосгүй цор ганц, юутай ч харьцуулшгүй содон сэтгэгдлийг (viewing experience) надад төрүүлсэн юм. Мөн Монгол аймшгийн киноны хурц тод нартайд шахам өрнөх гэдэг гаж доголдол, элэг хөшмөөр хэмжээнд хийдэг хувиргалт, уйтгартай “жижүүрийн” зураг авалтын бахархах зүйлгүй уламжлалыг “Тал Нутгийн Zombie” итгэл төгс эвджээ. Гэвч өнөөдрийн энэхүү бүтээл нь Монгол киноны хамгийн түгээмэл асуудал болох зорилго чиглэлгүй дүр, үйл явдлын уялдаа авцалдаагүй байдлыг тав, арав, хорин жилийн өмнөх кино мэт залгамжлан үргэлжлүүлжээ. Киноны гол дүрүүд нь аавыгаа олох зорилготой гадаадаас ирсэн бүсгүй (жүжигчин Б.Сансармаа), түүнд аяллын үйлчилгээ үзүүлж буй залуу (комедиан Б.Идэр-Од), тэдний найзууд болон хөдөөгийн зарим иргэд юм. Хөдөөгийн нийт иргэдэд тэндхийн жинхэнэ оршин суугчид нь, зарим чухал туслах дүрд мэргэжлийн жүжигчид ажилласан нь тэрхүү ахуй нөхцөлийг “амьдралтай”, сэтгэлд өег бөгөөд чанартай гүйцэтгэлтэй болгосон нь сайшаалтай байлаа. Харин эсрэгээрээ гол дүрүүдэд сэтгэл татам байдал (charisma, relatability) болон зорилго тэмүүлэл ноцтой хэмжээнд үгүйлэгджээ. Тухайлбал аавыгаа авахаар ирсэн гол дүрийн бүсгүй ихэвчлэн зүгээр суух бөгөөд хүслийнхээ төлөө ямар нэгэн үг үйлдэл, хичээл зүтгэл гаргадаггүй; гол дүрийн залуу нь “орчин үелэг күүл” байдал харуулахаар хичээх ч амны фигур, аргацаалт, өндөр амлалтыг үгнээсээ зөрөх үр дүнтэй хослуулах хагас-залилангийн шинжтэйгээр бизнесээ эрхэлдэг байдал нь түүнийг “хулхины худ гар” болгож; харин бусад аялагч залуус киноны нийт үйл явдалд ойролцоогоор 0%-ийн өөрчлөлт нөлөөг (impact) үүсгэж байсан нь тэдэнд аюул занал, үхэл хагацал тохиолдоход үзэгчийн үүднээс өрөвдөх, харамсах, “амьд үлдээсэй” гээд чин сэтгэлээсээ дэмжих мэдрэмж төрөхөд үнэхээрийн хүндрэлтэй болгож байлаа. Гол дүрүүдийн учир дутагдалтай байдлыг лавшруулбал, “Тал Нутгийн Zombie” нь эрэгтэй гол дүрийн өнцгөөс “Зиа юу болж байгааг би ярья” гэж эхлээд, үйл явдлын дундуур ч эрэгтэй гол дүр үзэгчдэд шууд хандсан тайлбар хэсгүүдтэй боловч киноны хоёрдугаар хагаст тэрхүү комментүүд ор сураггүй алга болдог. Ингэснээр эрэгтэй гол дүр маань хямралын дунд сандралдан гүйлдэх бусад туслах дүрүүдээс ямар ч ялгаагүй нэгэн болох бөгөөд киноны үйл явдалдаа ямар нэг үнэ цэн нэмдэггүй уг экс-гол дүр ямар ч шалтгаангүй яаж ийж байгаад л дэлгэцэд (in the frame) үргэлжид зай эзлэх нь ойлгомжгүй бас утгагүй санагдсан зүйлийн нэг байв. Магадгүй хэрэгцээ нь мартагддаг мөртлөө царай нь ямар ч үүрэггүй дэлгэц дүүрэн гараад л байдаг энэ эрэгтэй гол дүрийг чухал даалгавартай мөртлөө юу ч хийлгүй мөн л дэлгэцэд зай эзлээд байгаа эмэгтэй гол дүртэй нийлүүлсэн бол “Хүмүүс хулхиддаг худлаа гар боловч боловч аавдаа үнэхээр хайртай” гэх сонирхолтой эсрэгцэлтэй гол дүр үүсч мэдэх байсан мэт. “Тал Нутгийн Zombie”-ийн дараагийн асуудал нь хаачих ёстой нь ойлгомжгүй үйл явдал байв. Мэдээж аймшгийн кино, тэр дундаа зомбитой кино бүр “Амьд үлдэх, аюулгүй газар очих” хэмээх ерөнхий зорилготой нь ойлгомжтой боловч кино тэрүүхэн сумынхаа ойр хавиар юу үзүүлэх гэж холхиж байгаа нь ойлгомжгүй. Өөрөөр хэлбэл зомбинууд нэгэнт тарж, хямрал болсны дараа дүрүүд “Бүгдээрээ X газарт очвол аюулгүй” гээд зорилготойгоор хөдөлдөггүй, харин үргэсэн мал адил хаа харсан зүгтээ хөлхсөөр байсан нь үйл явдлын эрч хэмнэлийг ихээхэн унагаажээ. Ядаад дүрүүд хаана очих ёстойгоо шийдсэн, эсвэл үзэгчид эртнээс ойлголт өгсөн (telegraphing) бол замд таарсан цаг үрэх мэт үйлдлүүдийг зөвтгөн холбож болох байсан мэт санагдана. Дүр үйл явдлаас гадна “Тал Нутгийн Zombie”-оос мэдрэгдсэн нэгэн ноцтой асуудал нь киноны ерөнхий уур амьсгал (atmosphere)-ийн авцалдаагүй, тууштай бус байдал байлаа. Өөрөөр хэлбэл кино хэзээ инээдмийн, хэзээ түгшүүртэй, хэзээ уянгалахаа мэдэлгүй төөрөх нь цухалдмаар. Сонирхолтой Монгол-зомби зураглал, аюулт тулаан/хөөцөлдөөний дараа явуургүй хямдхан хошигнол, уянгалж уйлуулах ёстой мэт мөч нь илүүц мэт ээлжит тулаанаар тасалдах, адреналин ялгартал аймаар байхад хэн нь ч хэнээсээ ч ялгагддаггүй нөгөө дүрүүд элэглэл хийх аядаж “настр унагаах” явдал тохиох нь даан ч түгээмэл байлаа. “Тал Нутгийн Zombie” киноны хийц чанар, тэр дундаа зураг авалтын ажилбар, нүүр хувиргалт, зомбины гүйцэтгэлийг харахад хэрхэвч муу кино биш.Гэвч түүнд “муу” киноны туслах дүрүүд нь битгий хэл гол дүрүүд нь ч хэрэгцээгүй илүүц санагдам зорилгогүй хоосон чанар, чиглэл маршрутгүй үйл явдал, аймшиг, инээдмээ хэзээ өгөхөө андуурах уур амьсгалын жигд бус байдлын асуудал даанч их ажээ. Цөөн үгээр Дажгүй хийц. Маш өвөрмөц Монгол-зомби зураглалууд. Гэхдээ Монгол киноны нөгөө л утгагүй дүрүүд, хаашаачгүй үйл явдал. Мөнгө цагаа буцааж авмаар байна уу? Бүгд мөнгөө буцааж авмаар гэж туйлшрахгүй ч ядаж хагас цагаа бол эргүүлж авмаар. Тал Нутгийн Zombie (2021) – ★★☆☆☆ (2/5) + Зомбитой кинонд өмнө нь харж байгаагүй Монгол маягийн ганц хоёр өвөрмөц зураглал + Зомбины нүүр хувиргалт + Зомбитой/аймшгийн жанрт нийцсэн гэрэлтүүлэг/зураг авалт (cinematography/lightning) + Эмэгтэй гол дүрд гадаад болон дотоод зөрчил үүсгэхээр оролдсон (character want vs. need) - Инээдтэй, эмзэглэм, серёзны алинд нь ч тууштай биш төөрсөн уур амьсгал (inconsistent atmosphere) - Нэлэнхүйдээ хэрэгцээгүй, үүрэггүй дүрүүд - Дүрүүдийн таалагдах шинжгүй байдал (lack of charisma) - Гол дүрүүдийн базаахгүй жүжиглэлт - Илүүц санагдах тулааны хэсгүүд - Хаа хүрэх зорилго чиглэл нь ойлгомжгүй үйл явдал - Авцалдаагүй далий branding сурталчилгаанууд - Согтууруулах ундааг чухалчилж оруулсан мөртлөө үйл явдлын дунд ямар ч чухал зүйлд ашиглаагүй нь зүгээр л архины сурталчилгаа байсан мэт 2024-06-03 15:21:05 Дэлгэрэнгүй",87.17165669,1ц 27м
2357,Дээд айл,Кино,,2023,16+,,7,О.Базаррагчаа,Т.Мягмартогтох,"О.Базаррагчаа Т.Мягмартогтох Г.Баттулга Р.Адъяа Н.Нархажид Ц.Төмөрбаатар Б.Отгонбат Ш.Даваасамба Кино шүүмж Mungun “Дээд Айл” нь нэгэн бүрэг ноомой залуу дээд айлынхаа зуурдаар бэлэвсэрсэн бүсгүйтэй дотносохын зэрэгцээ олон улсын онц ноцтой гэмт хэрэгт хутгалдсан эцгээ цагаатгахаар тэмцэж буй талаар сэтгэлзүйн триллер кино юм. Тус кино нь Т.Мягмартогтох a.k.a. #TodkoSamson гэх хүний “Чамд хэн итгэх юм бэ?” бичвэр-франчайзад хамаарах “Вангийн нулимс” цувралын “Дээд айл” романаас сэдэвлэгдсэн (movie adaptation) бөгөөд миний хувьд нэг ч номыг нь уншч байгаагүй болно. “Дээд Айл”-ийн зохиолыг бичсэн уран бүтээлчид “аймаррр күүл, нийгмийг цочроосон, нүцгэн үнэнийг дэлгэсэн, аягүүү шинэлэг зоримог кану бүтээе” гэж муйхарлахдаа r/Im14andthisisdeep, r/ImTheMainCharacter, r/TerribleFacebookMemes, 4Chan, Andrew Tate гэх мэт интернэтийн хошин шог болсон, соёл иргэншлийн тэгш хэмээс хол төөрсөн, өмхийрч илжирсэн хогийн савнуудад тархиа ялзартал дэвтээчихсэн юм шиг. Өөрөөр хэлбэл, “Дээд Айл” нь дэлхийн явдлаас харанхуй, Facebook, Instagram, Youtube, Twitter-ийн инфлүнзр/ботууд ямар л сурталчилгаа бурж, ямар ч зар үзүүлсэн - түүнийг нь өөрийн филтер толгойгүй “идэж уудаг” хөмөрсөн тогооны “Хуучин Хүү” (media illiterate) нарт шинэлэг, мундаг, өвөрмөц мэт санагдаж болох ч ердийн бусад үзэгчдийн хувьд ноцтой архагшсан “хэлбэрдсэн худ boy” уур амьсгалтай кино ажээ. Ноомой залуугийн эцгийнхээ өшөөг авангаа залуу бүсгүйд татагдах өгөгдөлд ээдрээтэй зүйлгүй боловч дүрүүд юу хүсээд, үйл явдал яагаад болоод байгаа учир шалтгааныг кино үр дүнтэйгээр илэрхийлсэнгүй. Оронд нь бид ноомой залуу бүсгүйг мах шиг харах (male gazing), хэдхэн шивээс пирсинг хараад “Эмэгтэй рок юм байна = тэхээр гэрээ ороок болгож засья = тэгвэл сексээр шагнуулна” гэх мэт харь гарагийн эрүүл бус гаргалгааг үзнэ. Энэхүү “Жэнкэн орооок” зэргээр хэлбэрдэх “За арай ч дээ” гэмээр бодол үзэгдлүүдийг хараад элэг хөшмөөр, бас зохиолчдынх нь өмнөөс ичиж санаа зовмоор (cringe). Уг нь “Дээд Айл” төгсгөлдөө тэдгээр cringe байдал, тэнгэрийн логик үсрэлтүүдээ тайлбарлах оролдлого хийх ч тус кино өөрөө өөрийнхөө үлгэрийн хошин байдлыг мэдэрдэггүй, эргэлтээ суурилуулах хангалттай сэжүүр (set-up) бэлтгэлгүй, уур амьсгал нь 110% серёзны “чухал царайлсан” байх нь төгсгөлийн эргэлтийг үр нөлөөгүй, залхуу, “арай арай” (facepalm) гэмээр муйхар санагдуулна. “Дээд Айл” өөрөө өөрийнхөө ертөнцөд мөрөөрөө л хог дээрээ өнгөрсөн бол “Ном нь угийн тааруухан бас найруулгад нь дүй дутаж дээ” гээд өнгөрч болох. Гэвч уран бүтээлчид уучилж боломгүй аймшигт нүгэл үйлдэгдсэн нь “In the Mood for Love” (2000. Найруулагч Wong Kar-wai)-ийн хөгжмийн хулгай байв. Тэгэхдээ зүгээр ч зөвшөөрөлгүй авч ашигласан биш, кино урлагийн салбарт “классик” нэр хүндтэй хөгжмийн утгыг гуйвуулж, дагалдах сэтгэл хөдлөл, үнэ цэнийг өөрийн хөө тортог, хог халтартай хутгасан шокноос би одоо ч гарч чадахгүй хэвээр. Хөгжмийн зохиолч Н.Жанцанноров-ийн “Мандухай Сэцэн Хатан”, Б.Шарав-ийн “Гэгээн Алсад Одох Юмсан” зэрэг эгшигт сайхан хөгжмийг телевизийн аргацаан залхуурагчид оршуулга гашуудал бүрд аймшиггүй хулгайлж ашигласнаас тэдний гоо сайхан гуйвж гундсантай адил гуниг харууслыг “Дээд Айл”-аас “In the Mood for Love”-ийн хөгжмийг сонсоод мэдэрч, дотор хоосров. “Дээд Айл”-ийн жүжигчид, зураачид, тайз засалчид гээд кино багийнхан бичил зардлаар сонирхолтой зүйл хийхээр чармайсныг ойлгоно. Гэвч хөх инээд хүрмээр ядмаг cringe зохиол, үйл явдлынхаа хөл толгойг ойлгуулах чадалгүй найруулга, хүнд дуулгахаас ч ичиж үхмээр утга санаанууд, тэгээд зогсохгүй сонгодог бүтээлийг хөөдүүлсэн хулгайн хэрэг нь “Дээд Айл”-ийг мөнгө, цаг, нервийн гарз болгожээ. Энэ киноноос авсан хамгийн сайхан мэдрэмж нь түүнийг дууссаны дараа гарч давсгаа сулласан явдал л байв. #ЦөөнҮгээр: Cringe, ур дүйгүй бас “хэлбэрдсэн” галзуу хүний өдрийн тэмдэглэл. Хэрэв ном(ууд) нь бас ийм бол цаасанд нь ашиглагдсан моддод гашуудал илэрхийлье. ЮуӨөр байсан бол өнөөдрийн кино илүү таалагдах байсан бэ? НОМ =/= КИНО Шоронд буй эцгийн үйл явдал киноны хэмнэл авцалдааг хойш татсан. Дэлгэцэд эвтэйхэн хувирч болохгүй байсан тэр мэт элементүүдийг зоригтойгоор танаж, гол дүрийн залуугийн сэтгэлзүйн нөхцөл байдлыг уудлах, бүсгүйн харилцааг хөгжүүлэхэд илүү их цаг хугацааг зарцуулах хэрэгтэй байсан санагдсан. ҮНЭМШИЛТЭЙ ШИЙДВЭР ГАРГАЛТ Төгсгөлд нь тайлбар байлаа гээд наана нь дүр үйл явдал дураараа дургиж болно гэсэн үг биш. Тэр эргэлтийг бэлтгэх их бага олон сэжүүрийг киноны туршид суурилуулаагүй, үнэмшилтэй шийдвэр гаргалт, логик гаргалгаануудыг бэлдээгүйгээс төгсгөл маш эртнээс уншигдаж, аргацаасан “хямдхан” санагдсан. ХОШИН БОЛТЛОО СЕРЁЗНЫ Киноны үнэмшил = галзуу хүний өдрийн тэмдэглэл. Дүрийнхээ сэтгэлзүйн төлөвийн алиа хошин нөхцөл, сэдэж хийж буй зүйлсийн үнэмшилгүй тэнгэрийн байдлыг зохиол найруулгад хүлээн зөвшөөрч (embracing the absurd), “ноцтой чухал” уур амьсгалаар зогсолтгүй зодохоо зогсох хэрэгтэй байв. МөнгөЦагааБуцаажАвмаар байна уу? Тийм. Хайран мөнгө, цаг, нерв. Үзсэн цаг хогийн саванд хаягдаад зогсохгүй, нервээс болж амьдрах нас богиноссон санагдсан. ДээдАйлМУСК (2023) – ★☆☆☆☆ (1/5) + “Стиллэг” (production design) + Эрэгтэй, эмэгтэй гол дүрүүдийн жүжиглэлт - Дүр, үйл явдлын өгөгдлөө огт ойлгуулдаггүй (story-set up) - Ямар нэг өөр ном, өөр киноны хачир, ноороглосон реклам үзэж байгаа юм шиг, бие даасан үйл явдалгүй - “Рок байх” хэмээх “бүүмэр” ойлголт (outdated stereotype) - Сүүлийн хагас холбоо замбараагүй үйл явдалтай (story structure) - Төгсгөл нь нэг хошин шогийн эргэлт тайлбартай нь илэрхий хошин үйл явдал - Инээдмийн үйл явдлаа зөвтгөхөд хангалтгүй төгсгөлийн эргэлт - In the Mood for Love (2000)-ийн хөгжмийг хулгайлаад зогсохгүй утга агуулгыг бузарласан 2024-06-06 17:10:09 Дэлгэрэнгүй",Блек зебра Хаанаас үзэх вэ?,87.17165669,1ц 27м
2359,Гэгээн учрал,Кино,,2021,ЭЭХ,,7.1,Б.Буянбат-ийн,,"Ч.Түвшинтөгс Б.Буянбат Б.Хунцэнгүүн С.Хонгорхүү Х.Виола Кино шүүмж Mungun Хичээлийн шинэ жил эхлэхтэй зэрэгцэн цагаан толгойн үсэг дөнгөж сурч буй жаалуудын дэвтрийг дэлгэхэд “арай ч дээ” болон “овоо шдээ” хэмээх моментууд секунд тутам ээлжилнэ. Хичээнгүйлэн сийрүүлсэн нь хайр хүрмээр тэдгээр дүрсүүд ямар үсэг байхаар тэмүүлэх нь ерөнхийдөө ойлгогдох нь авч, эв дүй, дадал туршлага ихээхэн дутагдаж байгаа нь бидэнд андашгүй байдаг билээ... “Гэгээн Учрал” нь гадаадад сурахаар явсан бүсгүй Монголд эргэн ирээд хөдөө амрах зуураа мөр сураггүй алга болсон экс-найз залуу, мөнөөх охинд сэтгэлээ илчлэх өөр нэгэн дурлалт залуу хоёрын дунд хэрхэхээ шийдэж ядан буй талаар хайрын сэдэвт кино юм. Хайр дурлалын сэдвийг нь хараад үндсэн бүсгүй, түүний ардаас Унгарт ирэх ёстой ч усанд хаясан чулуу шиг алга болсон анхны хайрт залуу, охиныг одоо эргүүлдэх оюутны үеийн найз гэсэн дүрүүд нь “Гэгээн Учрал”-ийн үйл явдлыг өрнөөн хөдөлгөх юм байна хэмээх ойлголтыг киноны эхлэлд авсан байв. Романс киног бид “улиг болсон” “The Notebook” (2004)-ээс цус сорогчтой “The Twilight” (2008), Монголын “Би чамд хайртай” (1985)-аас Холливудын мюзикл “La La Land” (2016) хүртэл бүгдийг үзсэн. Энэ жанрын бүтээлд хосууд анх танилцах мөч, ижилдэн дасалт, амьдралын давагдашгүй бэрхшээл, шинэ боломжийг амлах сэтгэл татам өрсөлдөгч, хагацал салалт, үнэн мөнөө олох хором, тэгээд атга шаналлыг анагаах чимх баясалтай өег төгсгөл гээд тогтсон хэдхэн үйл явдал (story beats) давтагддагийг бүгд мэдэх ч чадварлаг уран бүтээлчид нэгэнт мэдэх энэ үлгэрийг өөрөөр, өвөрмөцөөр, ялгаатайгаар хийсээр, хайсаар, харуулсаар байдаг тул бид ч шимтэн үзсээр байдаг билээ. Харамсалтай нь “Гэгээн Учрал” кино нь романс жанрын бусад бүтээлээсээ “ялгарах” оролдлогыг даанч хангалтгүй хийжээ. Хосууд анх танилцахдаа л хошин шогт ч хэлэхээ больсон “Барьж явсан ууттай алимаа шалаар нэг асгаж” эхэлсэн нь энэ кино саяхан дурдсан танил дасал романсын томьёог эвдэн өөрчлөх, шинэчлэн хувиргах бүтээлч байдал, эрэл хайгуул үгүй гэдгийг зөгнөсөн явдал байв... Хайр сэтгэл гэх нэг л хэрэгцээ, ганцхан л зорилготой өөр хүсэл тэмүүлэл, амь амьдралгүй гол дүр, савангийн дуурийг нүүр улайлгам эргэлт тайлалтай экс найз залуу, тэр эксээс ялгарч илүүрхэх, тодорч онцгойрох шинжгүй алдагдсан боломж бүхий шинэ хүсэмжит залуу хэмээх бүрэлдэхүүн энэ киноны үндэс суурь болсон нь “Гэгээн Учрал”-ийг миний хувьд бүтэлгүйтүүлсэн юм. Киноны хөдөөгийн аялал, туслах дүрүүдийн явдал нь ч “Гэгээн Учрал”-ийн зохиолч, найруулагчид нь гол дүрүүд, үндсэн үйл явдлынхаа дутуу хоосон байдлыг аргалах гэсэндээ үзэгчийн анхаарлыг өөр зүйлээр сарниулж, үргэлжлэх хугацааг дүүргэн сунгах оролдлого байвуу хэмээн хардаж болохуйц. Нэг мэдэхэд хайр дурлалын тухай энэ кино маань элсэнд төөрөн туйлдаж, амьд үлдэх гээд машины түлхүүр хайн хэрэлдэх зөрчилтэй арван минутын богино хэмжээний адал явдалт “survival” кино болчихсон тууж явсан нь ч бий... Гэхдээ “Гэгээн Учрал”-д авууштай, дэмжүүштэй шинж чанар бас байсан. Миний хувьд хамгийн таалагдсан зүйл нь энэ кинонд мэдэхгүй залуу жүжигчдийг ашигласан явдал байв. Нэг дүр, нэгэн хэвийн байдалдаа барилгын цемент адил хөдөлгөөнгүй гацаж дагтаршсанаас сонирхол төдийлөн татахаа больсон танил царайнууд бус, танихгүй шинэ төрхүүдээр постероо чимж, шинэ жүжигчдэд алдаж онох хангалттай боломж олгосон нь туйлын баярлууштай санаачлага байв. Цаашлаад, киноны зураглал зураг авалтад уянгын хэтрүүлэлтэй хэсгийг цөөн тунтай оруулж, 2000-аад оны танил Монгол дуунуудыг хэд хэдэн хувилбараар ашигласан гэх мэт жижиг юм шиг зүйлийг ч хамгийн гоёороо хийх гэсэн хүсэл санааг мэдрүүлэх шийдлүүд нь найруулагч болон нийт уран бүтээлчдийн дараагийн киноны талаарх хүлээлтийг миний хувьд эерэг болгосон юм. Цөөн үгээр Тус киног “кино” гэж нэрлэхэд хангалтгүй, бүрэн гүйцэд бүтээл биш (incomplete) санагдсан. Хийц гүйцэтгэлд нь сэтгэл гарган хичээсэн мэт ололттой зүйлс байсан. Гэвч киноныхоо хувьд дүрүүд, үйл явдал, хэмнэл, өрнөлд нь эв хавгүй зүйл олон, хайр дурлалын жанрын талаар туршлага судалгаа нэн дутмаг, эрэл хайгуул багатай санагдав. Мөнгөө буцааж авмаар байна уу? Тийм. Үзэхэд зарцуулсан хугацаатайгаа харьцуулахад хангалттай таашаал, эерэг сэтгэгдэл олж аваагүй. Гэхдээ найруулагчийн дараагийн бүтээл ямар байх нь сонирхол татаж байна.",Зэв фильм,87.17165669,1ц 27м
2362,Сэтгэлд харвасан туяа,Кино,Сэтгэлд харвасан туяа МУСК,2022,13+,,6.4,,,"Г.Дөлгөөн-Аюуш, Н.Ану, П.Анхбаяр, Жүжигчид Г.Дөлгөөн-Аюуш Н.Ану П.Анхбаяр",[],87.17165669,1ц 27м
2375,Хүслэн,Кино,,2021,13+,,6.9,,А.Миеэгомбо,"У.Батбаатар, С.Сарангэрэл, Г.Ганбат, Г.Хүслэн, Жүжигчид А.Миеэгомбо Г.Хүслэн У.Батбаатар С.Сарангэрэл Г.Ганбат",[],87.17165669,1ц 27м
2379,Алдас,Кино,Алдас МУСК,1995,Ангилал хийгдээгүй,,5,Ч.Жумдаан,Ч.Жумдаан,,[],87.17165669,1ц 27м
2380,Хүний цаана 2: Хуулиас гадуур,Кино,,2021,13+,,5.5,Г.Даваазул,Г.Даваазул,"А.Энхжин, Г.Даваазул, Б.Азжаргал, Ш.Цэцэг, Г.Эрхэмбаяр, Л.Эрдэнэ-Очир, Б.Баянмөнх, С.Одбаяр, Б.Пүрэвдорж, Е.Даваасүрэн, Ж.Батбаяр, Б.Батхүслэн, Хаанаас үзэх вэ? Жүжигчид Б.Батхүслэн Г.Даваазул А.Энхжин Ш.Цэцэг Г.Эрхэмбаяр Б.Азжаргал Л.Эрдэнэ-Очир Б.Баянмөнх С.Одбаяр Б.Пүрэвдорж Е.Даваасүрэн Ж.Батбаяр",[],87.17165669,1ц 27м
2381,Зүсэм зүрх,Кино,Зүсэм зүрх МУСК,2021,13+,,7.4,,,"Б.Ану-Үжин,",[],87.17165669,1ц 27м
2382,Миний муу найз,Кино,Миний муу найз МУСК,2022,Ангилал хийгдээгүй,,7.1,,,,[],87.17165669,1ц 27м
2383,Зангараг 2: Төгсгөл,Кино,,2021,13+,,7.2,А.Батбаатар,А.Батбаатар,"А.Батбаатар Ц.Төмөрхуяг Э.Чинзориг П.Баттөр Г.Отгонцэцэг Б.Бямбасүрэн У.Учрал Б.Отгонбаяр Д.Бямбацогт Б.Батмэнд Б.Базаррагчаа Г.Золбоот У.Батбаатар Кино шүүмж Mungun “The End” нь нэгэн групп компанийн захирлын холбогдсон хүн амины хэргийг мөрдөх явцдаа тэрхүү байгууллагын олон давхар хуйвалдаан, авилга хээл хахуулийн сүлжээг илрүүлэн дэлгэж буй цагдаагийн мөрдөгчийн талаар гэмт хэрэг, action төрлийн кино юм. Энэхүү кино нь “Зангараг 2” гэсэн нэрийн дор явж буй боловч миний хувьд анхны киног үзэж байгаагүй, франчайзтай танил биш болно. Юуны өмнө тус киноны постер уг бүтээлийг үзэх сонирхлыг ихээхэн татсаныг дурдахыг хүслээ. Учир нь олооон жилийн өмнө манайд “хит” болж байсан #ТусгайСалаа (2010-2011) цувралын даруухан ноомой байлдагч-ийн жүжигчинг булчин шөрмөс нь тодорч ялгарсан action баатар болгож дэлгэсэн нь тун чиг анхаарал татсан юм. Харамсалтай нь кино өөрөө яг ч зураг шигээ байсангүй… “The End” кино нь нэг талаас Америк маягийн action, тулааны хэсгүүд, хурц үйл явдалтай, нөгөө талаас Солонгос маягийн ньюанстай дүрүүд, тэдний ээдрээт харилцаа, “амьдралтай” ахуй нөхцөлийг үзүүлэхээр оролджээ. Гэвч энэ нь “нэг сумаар хоёр туулайг агнах” биш, харин ч эсрэгээрээ “хоёр туулайг хөөсөөр хоосон хоцрох” үлгэр болов уу гэлтэй. Кино эхлээд яг л Солонгос олон ангит цуврал. Удирдлагууд нь нэгнийхээ эсрэг хор хутгахаас өөр ажил хийдэггүй мэт групп компани, корпорацийн өв залгамжлалын асуудал, хамгийн лаг даргынх нь “болдоггүй” хүүхэд, өшөө хорсолдоо шатагч сөрөг дүр, дарга нартайгаа зөрчилдөн шударга үнэний төлөө тэмцэх цагдаа… Яг л Солонгос киноны энэхүү нөхцөл (set-up) гардаг #NoRules гэх өөр нэгэн Монгол киног саяхан үзсэн болоод ч тэр үү “The End”-ээс энэ бүхнийг яг л давтаж харах нь миний хувьд урам хугарам байв. Ядаж байхад “No Rules” ч бас машины хөөцөлдөөнөөр эхэлдгийг хэлэх үү… “Гэхдээ эхлэл нь энэ намрын өөр Монгол кинотой ч, нийтдээ бүгдээрээ Солонгос амьдралын copy-paste мэт байсан ч “The End” өрнөл дундаа өөрийгөө олж, өвөрмөц зүйлийг үзүүлэх ч юм билүү?” хэмээн бас найдаж байлаа. Магадгүй “The End” бүтээл Солонгос киноны хэв маягийг ичингүйрсэн мэт хоёрын хооронд, хагас дутуу дуурайж байхаар нэгмөр сайнтай муутай нь тултал хуулж, үйл явдлын хугацаанд дүрүүдийн хувиран өөрчлөгдөх харилцааны нарийн ньюанс, алхам алхмаар илчлэгдэхдээ нэн кайфтай ээдрээт үйл явдлыг дэлгэсэн бол кино ихээхэн сайжрах байсан болов уу. Харамсалтай нь “The End” нь гэмт хэргийн, нууцлаг үйл явдал бүхий кино боловч гол дүрийн мөрдөгчид ч, үзэгчид ч ухаанаа ажиллуулах орон зай, толгойгоо гашилгах нууц байсангүй. Уг нь сэжигтнүүдийг илрүүлэх, сэжүүрүүдийг нягталж аажмаар мөрдөх нь гэмт хэргийн киноны хамгийн “амттай” хэсэг. Гэтэл мөрдөгч залууд бүх мэдээлэл ил бөгөөд бэлэн, дээр нь гол сөрөг дүр ч, туслах дүрүүд ч ам нээх бүрд үзэгчид бид цаг хугацаагаар аялан өнгөрсөн үеийн дурсамжийг олон ангит цуврал мэт зогсолтгүй угсруулан үзэх нь киноны “нууц”-ийг үгүй хийж, урамгүй бөгөөд уйтгартай санагдам болгожээ. Харин “The End”-ийн хувьд гэмт хэргийн нууцын оронд үзэгчдийн бишрэн гайхах ёстой байсан зүйл нь тэдгээр дэндүү олон дурсамж хэсгээр (flashback)-ээр харуулах дүрүүдийн он удаан жилийн хугацаанд үргэлжилсэн холбоо хамаарал болтой. Гэтэл энэ нь эвлүүлдэг тоглоомын чухал түлхүүр хэсэг гэхээс илүүтэй 100 ангитай Солонгос цувралын анги бүрийг тайлбарлан үзүүлэх мэт дэндүү олон, эв хавгүй бас киноны хэмнэлийг унагасан илүүц ачаа шиг санагдам байлаа. Гэхдээ нөгөө талдаа гэмт хэргийн кино бүр нарийн ээдрээтэй үйл явдалтай байх албагүй. Түүний “амьд жишээ” гэвэл Америк кинонууд билээ. Тэгвэл “The End” нь Америк маягийн тулааны болон амьд үлдэх чадвар өндөртэй гол дүртэй боловч түүнийг гайхан бишрэх хэмжээний action, зодоон, хөөцөлдөөн нэн дутмаг ажээ. Уг нь энэхүү бүтээлийн зарим тулааны тавилт (fight scene) Монгол кино дундаа харьцангуй “ажиллагаа орсон”, боломжийнд тооцогдож болохуйц. Гэвч тэдгээр хэсгүүд хоорондоо даанч хол, мөн киноны дэндүү их хугацаа өмнө дурдсанчлан хэн нэгний өнгөрсөн баларсан явдлыг үзүүлэхэд зарцуулагдсанаар “action”-ий эрч бүрмөсөн унаж саармагжих ажээ. “The End”-ийн тулааны найруулга болон машины хөөцөлдөөнд зориулсан зураг авалтыг бодоход уран бүтээлчид нь хийж буй зүйлдээ ихээхэн хичээл зүтгэл зарцуулжээ. Гэвч “Солонгос кино шиг гоё” байхад нууцлал, ньюанс дутмаг, “Америк кино шиг гоё” байхад action, адал явдал нь хол. Харин аль нэгэд нь илүү төвлөрье гэхэд киноны хамаг л цаг хугацаа чухал бус өнгөрсөн явдлыг минут тутамд үзүүлэхэд анхаарсан гэлтэй. “The End”-ийн дотор Монголд хийсэн гэхэд боломжийн гүйцэтгэлтэй action кино байна. Гэвч тэр кино Солонгос савангийн дуурийн хэдэн арван ангийг хангалттай дүүргэм өөрөө өөртэйгөө орооцолдон төөрөх шаардлагагүй илүүц ачаан дор дарагдан далдарчээ. Цөөн үгээр Монгол кинонд “сүнс нь гацсан” Америк action баатар, Солонгос үйл явдал нь харшилдах эрлийз кино. Мөнгөө буцааж авмаар байна уу? Тийм.Юу хийх гээд байгаа санаа зорилгыг нь гадарлаад байгаа боловч найруулгын гүйцэтгэлд учир дутагдалтай шинж давамгай байв. The End (2021) – ★★☆☆☆ (1.5/5) + Хаа хэзээний олон ангит киноны жүжигчинг фитнес-лэг action баатар болгож сонирхолтойгоор хувиргасан + Амбицлаг тулааны найруулга (action set-piece, stunt work) + Зарим зураг авалтын ажилбар - Дэндүү, бүр дэндүү олон дурсамж үзэгдэл (flashback) - Түг таг хийсэн үсчилт ихтэй монтаж (editing) - Мөрдөгч гол дүртэй боловч мөрдлөгийн үйл явц тун чамлам - Нууц байсан бол сонирхолтой байх зүйлсээ хэт эрт дэлгэн тайлбарладаг - Үзэгчид зориудаар худал мэдээлэл үзүүлж, дараа нь түүнийгээ өөрчилдөг нь “хямдхан” эргэлт шиг санагдам - Эрэгтэй сөрөг дүрийн тун хэтрүүлэлтэй жүжиглэлт - “Хий” ихтэй харилцан яриа - Бүх юм нь холбоотой байх ёстой мэт хэт орооцолдсон үйл явдал (overly-convoluted plot) - Тулаанаа унагаасан тун базаахгүй шум (stock sound effects!) 2024-06-03 14:53:32 Дэлгэрэнгүй",Скай пирамид студи Хаанаас үзэх вэ?,87.17165669,1ц 27м
2384,Кассета,Кино,"Дуулалт, Кассета МУСК",2021,13+,,7.4,С.Баянмөнх-ийн,,"М.Ганди, Д.Ганбат, Т.Лхагважаргал, У.Мөнхбагана, Д.Сэлэнгэ, Л.Таванбаяр, Х., П.Анхбаяр, Хаанаас үзэх вэ? Жүжигчид У.Нинжинсүрэн Д.Ганбат М.Ганди Д.Сэлэнгэ Т.Лхагважаргал Л.Таванбаяр У.Мөнхбагана Х. П.Анхбаяр Кино шүүмж Mungun “Кассета” нь хилс хэргээр хоригдож, шоронгийн хуяг болон хоригдлуудыг зугаацуулдаг рэп-тулаанд оролцох зуураа гадна үлдсэн сэтгэлт охин, өвчтэй ээждээ тэмүүлж буй залуу рэпперийн талаар хөгжимт драм төрлийн кино юм. “Кассета” киноны эхлэлийн ⅓ хэсэг нь миний хувьд энэ намар үзсэн хамгийн давгүй гүйцэтгэлтэй “Монгол кино” байв. Дотно хүмүүсийнхээ урвалтад шаналах рэппер залуу, хөгжилтэй сахилгагүй ааль нь залуугийн сэтгэлийг гогдох дур булаам охин, “атаман”-ууд нь нударгаар биш рэп хөгжмөөр тулалддаг Монгол киноноос хэзээ харж ч байгаагүй содон ажиллагаатай шорон зэрэг сонирхолтой дүр, өвөрмөц орчин нөхцөл нь надад ихэд таалагдсан юм. Киноны энэхүү оршил (set-up) нь миний хувьд энэ жил улиг болтол үзсэн машины хөөцөлдөө, хэрүүл шуугиан, аллага, групп компанийн өв залгамжлалын тэмцэлтэй харьцуулахад эрс шинэлэг, бүтээлч, сонирхол татам байв. Улмаар гол баатрыг тодотгох, рэп-шоронг “амьтай” газар болгоход нөлөөлөх том жижиг туслах дүрүүд, үйл явдлын уур амьсгал болоод хэм хэмнэлд нийцэх дуу хөгжим, хөгжимт монтаж нь “Кассета”-ийн эхний хагасыг үзэхэд уйдамгүй (entertaining) болгожээ. Киноноос таалагдсан бас нэгэн зүйл нь гол дүрүүдийн жүжиглэлт болон харилцан яриа байв. “Кассета”-ийн зураг авалтууд нь илүү дутуу хөдөлгөөнгүй боловч зохиомжид анхаарсан “сцен тавилт” (set-piece)-уудтай байсан нь жүжигчдэд жүжиглэх “орон зай”-г чөлөөтэй гаргаж, шилжилт (cut) цөөн байсан нь үзэгчдэд дүрийн сэтгэл хөдлөлд илүү уусгах давуу чанарыг олгосон мэт санагдсан юм. Харин харилцан яриа нь “тавилттай” сүржин байдал бага мөртлөө хэт чөлөөтэй байх гээд сул үг болон хараалаар аргацаан дүүргэсэн биш байх балансыг амжилттай олжээ. Өөрөөр хэлбэл, дүрүүд амаа нээх нь чихэнд түвэгтэй биш, “амьд” сонсогдож байсан нь таалагдав. Хачирхалтай нь “Кассета” кино энэ “хөөрхөн” дүрүүд, жүжиглэлт, орчин нөхцөл, хийц чанар, дуу хөгжим, монтаж зураг авалт гээд боломжийн кино бүтээхэд шаардагдах бүх орц, түүхий эд (ingredients)-ээ үйл явдлынхаа хоёрдугаар хагаст хэрхэн ашиглах учраа олохоо байсан гэлтэй. Үзэгчийн хувьд киноны эхэнд танилцуулсан “Залуу бүсгүй хоёр хэрхэн нэгэндээ дурлаж хайрлах вэ”, “Шоронгийн рэпийн тэмцээнээс залуу дайснуудаа дарах ямар шинэ чадвар/тусламжийг олов вэ”, “Залуу шоронгоос гараад юу хийх вэ”, “Залууг хэрэгт хутгасан хүмүүст юу тохиолдох вэ”, “Бүсгүй залуу хоёрын хайр сэтгэлээ хэрхэн хадгалагдах вэ” гэх мэт түлхүүр асуултын хариуг “Кассета”-ийн хоёрдугаар хагаст тайлна гэсэн хүлээлттэй байв. Гэтэл киноны үйл явдал эхний эргэлт (plot-twist)-ийнхээ дараа нөхцөл байдал улам хурцдан дордох, дүрүүд өмнө дэлгээгүй шинэ нүүр царайгаа таниулах, шинэ мэдээлэл сэжүүр дэлгэгдэх, үйл явдалд томоохон хувирал гарах зэрэг өөрчлөлт, лавшруулалт, хөгжүүлэлт огтхон ч явагдсангүй. Үйл явдал зогсонги байдалд орж, өмнө танилцуулсан дүрүүд, орчин нөхцөл хувирал үгүй тэгэс ингэс гэж аргацаасаар, дээр дурдсан асуултын дийлэнх нь хариултгүй байтал “Кассета”-ийн үйл явдал гэнэтхэн өндөрлөсөн юм. Хайрлаж, хямарч, эвлэрч гүйцээгүй хайр сэтгэл, дарагдаж дийлдээгүй дайснууд, шийдэгдээгүй асуудлууд байхад кино яагаад зүгээр л “тэг зогсолт” хийж, тог тасрах мэт цочир төгссөнийг тааж мэдэшгүй. Кино бүр аз жаргалтай төгсгөлтэй байх албагүй ч ямар нэгэн төгсгөл (closure)-тэй байх нь зүйн хэрэг болов уу. Зохиогчид нь үзэгчийн сэтгэгдэл хүлээлтийг эс хайхран өөрийнхөөрөө, дураараа үйлддэг арт кино гэнэтхэн дуусах нь байдаг ч “Кассета” хэрхэвч арт кино биш. Тэгтэл энэ кино гэхдээ дэвшүүлсэн олон асуултдаа эерэг ч бай, сөрөг ч бай ямар нэгэн хариултгүй төгссөн нь миний хувьд кино үзсэн нийт мэдрэмжийг сэтгэл ханамжгүй болгосон юм. “Кассета”-ийн эхний хагаст (ер нь бол эхний ⅓-т нь) шинэ үеийн Монгол кино хийц гүйцэтгэлийн хувьд ч, бүтээлч байдал, дүр үйл явдлын хувьд ч хэчнээн сонирхол татам байж болох сэжүүрүүдийг дэлгэсэн багагүй потенциал байна. Хэдий энэхүү потенциал энэ удаагийн бүтээлд бүрэн илрээгүй боловч уран бүтээлч залуусын дараагийн киноны билетийг миний хувьд хүлээлт дүүрэн худалдан авах болов уу. Цөөн үгээр Энэ намар үзсэн хамгийн сонирхолтой Монгол киноны нэг. Гэхдээ “Монгол кино ийм гоё шдээ” гээд хүмүүст итгэл дүүрэн санал болгочих хэмжээнд арай л хүрэхгүй. Хэдий тийм ч уран бүтээлчдийн дараагийн кинонд эерэг хүлээлттэй байна. Мөнгөө буцааж авмаар байна уу? Дийлэнх үзэгчийн хувьд “яахавдээ л” байх магадлал өндөр. Учир нь кино эхний минутаас эцсийн минут хүртлээ жигд чанарыг хадгалж чадаагүй. Харин миний хувьд зарцуулсан мөнгө болоод хугацаандаа төдийлөн харамсаагүй. Яагаад гэвэл энэ жил Монгол киноноос үзээгүй сонирхолтой шинэлэг зүйлс энэ кинонд бишгүй олон байсан.",[],87.17165669,1ц 27м
2392,For You,Кино,,2022,ЭЭХ,,7.1,Г.Жанчив-ийн,Г.Жанчив,"Ц.Номин, О.Самданпүрэв, Р.Сүхболд, Р.Отгонбаяр, Ц.Ганзориг, Г.Жанчив, Хаанаас үзэх вэ? Жүжигчид Ц.Номин Р.Сүхболд Г.Жанчив О.Самданпүрэв Р.Отгонбаяр Ц.Ганзориг Кино шүүмж Mungun “For You” нь гурав хоногийн баяр/амралтын өдөр хотын төвийн томоохон дэлгүүрт түгжигдэж мартагдсан тус байгууллагын дунд түвшний менежер бүсгүй, манаач залуу хоёрын талаар романтик инээдмийн төрлийн кино юм. Энэхүү киноны хувьд дийлэнх үйл явдал нэг байршилд - тэгэхдээ Улсын их дэлгүүрт өрнөсөн нь авууштай өвөрмөц сонголт болжээ. Хүн бүрийн танил олны хөлийн энэхүү байршлыг үзэгчдэд дасал болсноос эсэргээр нь буюу хоосон, нам гүм байдлаар үзүүлсэн шийдэл нь энэхүү киноны хамгийн бүтээлч чанар байлаа. Харамсалтай нь “For You”-д эзэнгүй арал мэт нам гүм аварга дэлгүүрийг дүүргэх сонирхолтой дүрүүд, хоосон танхимуудыг амилуулах хөгжөөнт адал явдал ноцтой дутагджээ. Түгжигдсэн хоёрыг харахад тэд бие биедээ оногдсон хувь заяаны шийтгэл мөнөөсөө мөн бөгөөд хэн хэнийх нь гэр бүл, найзууд гээд хэн ч сураглаж ирэхгүй байгаад гайхах зүйл үгүй мэт санагдсан юм. Тодруулбал, киноны гол дүр болох менежер бүсгүй (жүжигчин Ц.Номин) нь өөрийнхөө замыг бүтээж яваа омголон зоригтой залуу хүний дүр болтой. Гэвч тэрээр аав ээжээс биш 37-р Точка-аас хүмүүжил үлгэрлэлээ олсон 10 настай эрэгтэй хүүхэд мэт хэлбэрдмэл ихэрхүү аяглах нь хачирхалтай. Цаашлаад, бүсгүй секунд тутам худал ярьж, нэг сценээс нөгөөд шилжихдээ баримтлах байр суурь нь галзуу хүн адил хормын дотор хувиран солигдож байсан нь манаач залуу сайхан бүсгүйтэй бус харин ч сэтгэцийн эмнэлгээс оргосон өвчтөнтэй түгжигдсэн мэт сэтгэгдлийг төрүүлж байлаа. Магадгүй Joker ч энэ дүрээс илүү эрүүл ухаантай, тайван бас “найдаж болохуйц” тууштай (consistent) зан төлөв, шинж чанартай нэгэн бизээ. Харин манаач залуугийн дүр (жүжигчин О.Самданпүрэв) нь бүсгүйгээ бодвол хаврын тэнгэр адил хувирамтгай үг үйлдэл бага боловч тэрээр “For You” киноны хамгийн жигшүүрт үйлдлийн эзэн юм. Болох явдлыг дэлгэж spoil-дэлгүй тайлбарлахаар хичээвэл, “For You” кино нь эрүүл ухаанаар бодоход ноцтой аюултай, хүний амь насанд ч хүрч болохуйц, эрүүгийн хэрэг үүсгэх үндэслэл бүхий хорт зүйлсийг “романтик үйлдэл” хэмээн томоос том андуурах нь цочирдмоор. Мэдээж амьдрал баян тул киноны дүр бүхэн үлгэр жишээ, тааламжтай нэгэн байх албагүй. Гэвч киноны дүрүүд хэчнээн “амиа”, эсвэл “муу” хүмүүс байсан ч үйл явдлын хугацаанд тэдний доторлуу өнгийхөд тухайн дүрийн ертөнц, харах өнцөг, амьдралын туршлага бага багаар илэрч “Аан бас харах өнцөг байж болох юм” хэмээн санагддаг билээ. Гэтэл “For You”-ийн дийлэнх хугацаа залуу бүсгүй хоёрын харилцаагаар өрнөх боловч киноны төгсгөлд хүрэхэд тэднийг хайрлах нь бүү хэл хэн нэгнийг нь бага ч болов таньж мэддэг болсон мэт мэдрэмж огтхон ч төрөөгүй юм. Үүний шалтгаан нь магадгүй дүрүүдийн харилцаа, харилцан яриа, хошигнол нь дийлэнхдээ ямар нэгэн шалдар булдар хэрүүл, аар саар маргаан, ээлжлэн хашхичих дээр үндэслэсний дээр, дүрүүдэд даван туулах хэрэгтэй дотоод асуудал, эсвэл гадаад орчноос жинхэнэ аюул занал гарч ирж “хэн нь хэн бэ” гэдгийг харуулах бололцоо гараагүйтэй холбоотой болов уу. Өөрөөр хэлбэл, цөөхөн дүр нь “өнгөцхөн” байсан нь хязгаарлагдмал орчин, адал явдалтай энэхүү киног “наалдаж үлдэх” зүйл (substance)-гүй болгожээ. Харин “For You”-ийн удаах том асуудал нь үйл явдлын логикийн эвдрэл байв. Дэлгүүр битүүмжлэгдсэн түгжээтэй эсвэл үгүй. Харин “бага зэрэг түгжээтэй” эсвэл “жоохоон онгорхой” гэсэн асуудал байх нь утгагүй юм. Учир нь “Хамт түгжигджээ” гэсэн “үндсэн хууль”-аа кино өөрөө зөрчих нь “For You” кино үүсэн бий болох суурь санаагаа (premise) үгүйсгэсэн, киноны үнэмшлийг эрс унагаасан “гэмт хэрэг” болсон юм. Үүний үр дүнд үзэгчид зүүд үзэж байгаа эсвэл үйл явдал үнэхээр болоод байгааг ялгахаа больж, гайхан шивнэлдэх нь театрын танимд тодоос тод сонсогдож байв. Хэрэв үүний учир шалтгаанд тайлбар байсан “For You” кино дорвитой байдлаар батлан хамгаалж чадсангүй. Кино зохиолын бас нэг учир дутагдалтай тал нь төгсгөлийн эргэлт байв. Хамгийн сонирхолтой эргэлт (plot twist), тайлбар шалтгаан (revelation)-тай кинонууд үргэлж “Би яагаад сэжүүрүүдийг эвлүүлж анзаарч бодсонгүй вэ” хэмээн үзэгчид өөрснийгөө шоолохоор, киноны ур ухааныг магтан сайшаахаар байдаг билээ. Гэтэл “For You”-ийн эргэлт, үйл явдлын эцсийн тайлбар нь үзэгчдээс зориуд нуусан мэдээлэл бүхий “хямд” шийдэлтэй байсан нь хайр татаагүй дүрүүд, үнэмшлээ эвдсэн үйл явдлаа бага ч болов цагаатгах өчүүхэн ч шалтгааныг өгсөнгүй. Миний хувьд “For You” кино олны танил байршлыг танил бус нөхцөлд оруулан ашигласнаараа Монгол кинонд хэрэгцээтэй шинэ туршилтыг хийжээ. Гэвч дүрийн хөгжүүлэлт, үйл явдлын бүтэц дараалал, хошигнол, үнэмшилтэй байдлаа тууштай хадгалах зэрэг “киног кино болгодог” амин чухал үзүүлэлтээр бусад олон дотоодын киноны алдааг давтжээ. Цөөн үгээр Онцгүй дүрүүд, өөрөө өөрийнхөө дүрэмд захирагддаггүй үйл явдал, жигшмээр гэмт хэргийг романтик үйлдэл гэж андуурах огтхон ч романтик бус “хайрын” кино. Мөнгө цагаа буцааж авмаар байна уу? Тийм.",[],87.17165669,1ц 27м
2393,Солонгон зүгт,Кино,"Спортын, ""Солонгон Зүгт"" кино төсөл",2022,Ангилал хийгдээгүй,0ц 11м,7.1,Б.Гарамханд,,,Блэк сталлион продакшн,11,0ц 11м
2394,Single Guys,Кино,,2022,13+,,7.1,Б.Жаргалсайхан,А.Миеэгомбо,"Б.Баатархүү, Г.Эзэнмөнх, Р.Нандинцэцэг, Р.Сүхболд, Ц.Алдармаа, Ё.Цог, Ц.Хүсэлбаатар, С.Өлзийхүү, Д.Түвшинтөр, Жүжигчид О.Цэгмэд А.Миеэгомбо Б.Жаргалсайхан Б.Баатархүү Ё.Цог Г.Эзэнмөнх Ц.Хүсэлбаатар Р.Нандинцэцэг С.Өлзийхүү Р.Сүхболд Д.Түвшинтөр Ц.Алдармаа Кино шүүмж Mungun “Single Guys” нь сошиал дээр видео хийж царайгаараа мөнгө олдог залуу ид шидийн тосны нөлөөгөөр цочир хөгширч буй талаар инээдмийн жанрын кино юм. Энэхүү бүтээл нь “Single Ladies” франчайзтай нэг зохиолчтой, “Single + [хүйс]” формат бүхий адил нэртэй боловч “Single Ladies” цувралтай огтхон ч хамааралгүй, тусдаа бие даасан бүтээл ажээ. “Single Ladies” франчайзд “single”-чүүдийн амьдралын асуудал, хөгжилтэй адал явдал нь харьцангуй тэнцвэртэй байдаг бол “Single Guys” кинонд “single”-чүүдийн асуудал зөрчил өчүүхэн ч үгүй бөгөөд нэрнээсээ тас далий өгүүлэмжээ тун сонирхолтой киноны явдал хэмээн дэндүү эндүүрснүү гэлтэй. Уг нь “Ганц бие залуус” гэх кино Монголын өнөөгийн нийгэмд залуус нь бүсгүйчүүдээсээ мэдлэг боловсрол, амбиц тэмүүлэл, хүсэл мэдрэмж гээд юм юмаараа хоцрогдох нь элбэгшсэн энэ цагт “гологдож” буй эрчүүдэд маань амьдралын боломжийн ялгаатай байдал хайр дурлалаа олоход нь ямар бэрхшээл саадыг учруулж буйг уудлан ухаж болох дэндүү олон сэдэв сэжүүрийг уран бүтээлчид огтхон ч анзаараагүй мэт санагдана. Оронд нь үзэгчид “Тосны шидэд хөгширсөн залууд тосны гадаад үйлдвэрээс нь email ирж аврагдах хүртэл болж буй хэрүүлүүд” гэдэг л үйл явдлыг үзэх нь даанч харамсалтай, уйтгартай, цаг барсан, бас ямар нэгэн үр өгөөжгүй ажээ. Хэдий хөгшрүүлдэг шидтэй тосны явдал надад “шингэхгүй” байгаа ч, “Ганц бие залуус” үүн дээрээ дөрөөлөн “Эрэгтэй хүн залуу эрч хүчтэй байхад хүмүүс яаж харьцдаг вэ, хижээл ах, өтөл өвгөн болоход хандлага ялгаа яаж хувирдаг” вэ хэмээх асуудлыг уудлах нь ч хөгжилтэй адал явдлын үндэс болж болох байсан мэт. Гэвч “Single Guys”-ийн уран бүтээлчид киногоо ямар нэгэн үр өгөөжтэй, утга санаатай болгох эрэл хайгуулыг огтхон ч үзүүлсэнгүй. Киноны үүдэл санаа нь ухаанд багтамгүй, үйл явдал нь хөх инээд хүргэмээр байсан ч сонирхолтой сэтгэл татам дүрүүд үзэгчид биднийг кинондоо “уусгадаг” билээ. Гэтэл “Single Guys”-ийн гол дүрийн залуугийн хүсэл нь “Олон хүнтэй унтах”, хөгширч томоожих боломж олдсоны хойно ч “Буцаж залуу болоод олон хүнтэй үргэлжлүүлэн унтах” байсан бол түүний бүтэлгүй жүжигчин сайн найз нь бүтэлтэй нэгэн болох, амьдралаа дээшлүүлэх тал дээр ямар нэгэн тэмүүлэл, хичээл зүтгэл огтхон ч үгүй, киноноос устгагдсан ч үйл явдалд ямар нэгэн ялгаа үүсэхгүй илүүц нэгэн байв. “Single Guys”-ийн эмэгтэй дүрүүд нь дээрх олон асуудалтай эрэгтэй дүрүүдээсээ ч долоон дор. Хэний ч танихгүй бүтэлгүй жүжигчин залууг хариу нэхэхгүй их хайр халамж, хөрөнгө мөнгө, хагас нүцгэн биеэрээ спонсорлох “Сайн эгч”-ийн дүр нь алдар нэрийг олоогүйгээс өлсгөлөнгийн тураалаар үхэж буй жүжигчин эрэгтэй хүний амь тавихын өмнө ухаанд нь орж гарах сүүлчийн зүүд зэрэглээнээс урган гарсан фантааз гэмээр. Энэ эмэгтэй нь “дүр” огтхон ч биш бөгөөд түүнийг цүнх дүүрэн мөнгөний дэргэд олдсон хийлдэг хиймэл эмэгтэйгээр орлуулахад энэ киноны үйл явдал өчүүхэн ч өөрчлөгдөхгүй болов уу. Харин гол дүрийн залуутай тулгарах бүсгүй нь “сайн эгч”-ийн дүртэй агаар адил мөн л нэг дуулгавартай секс-обьект гэлтэй. Тосны бизнес нь бүтэлгүйтэхэд бүсгүй аргагүйн эрхэнд тосны хохирогч болсон гол дүрийн залуугийн гэрт барьцаалагдан амьдрах бөгөөд тэр бизнесээ аврах эсвэл ядаргаатай эрийг буцаан залуужуулж буруугаа залруулж, өөрийн амьдралын замаа эрх чөлөөтэйгөөр хөөх дорвитой үйл хөдлөл огтхон ч хийхгүй. Харин ч залуугийн гэрийг цэвэрлэж, мөнгөөр тэтгэж, бас хөгширсөн царайг нь таглаж байгаад дотно харилцаанд ороход ч бэлэн, шүршүүрт орох газартай болоод л сэтгэл нь ханачихсан нэгэн ажээ. Товчхон бичвэрээ дүгнэхэд, андуурч далийсан үүдэл санаа, өгөгдлөө өргөж сайжруулаагүй үйл явдлын чиглэл, зогсонги өрнөл, тулга тойрсон хэрүүл, дэлгүүрийн маникен мэт “амьгүй” дүрүүдтэй “Single Guys” кино нь хийсэн болоод үзсэн хүмүүсийнхээ цагийн гарз болжээ. Цөөн үгээр: Киноны постерыг хараад “Энэ ч дээ” гэж бодсон бол таны мэдрэмж мэргэн байжээ. Мөнгө/Цагаа буцааж авмаар байна уу? Тийм. Билет авах мөнгөө хулгайд алдсан бол ядаад цагаа хулгайд алдахгүй байж. Single Guys (2022) – ★☆☆☆☆ (1/5) + Кино нь ихэнхдээ жигд өнгөтэй (color grading) + Олон адилхан кинонд нэг дүрээрээ тоглож улиг болоогүй туслах дүрийн эмэгтэй жүжигчин ашигласан (жүжигчин Р.Нандинцэцэг) - Single Ladies франчайзын үндэс болсон “амьдралтай” асуудал, өгүүлэмж санаа, дурсамжтай дүрүүд дусал ч үгүй - Хөгшин настай, хөгжлийн бэрхшээлтэй, бусдаас ялгаатайг инээдэм гэж боддог тайзны хошин шогийн хоцрогдмол аргуу хошигнол - Үүдэл санаагаа уудалж дэлгэрүүлээгүй тулга тойрсон үйл явдал - Секс агуулгаар эсвэл хэт дайрч, эсвэл ядмаг далдлах жигд биш хачин цензур - Сүүлийн жилүүдэд Монгол киноноос үзсэн хамгийн тэнэг эмэгтэй дүрүүд - Ямар ч үүрэг хэрэгцээгүй, нэн далий туслах дүрүүд - Мэдээллийн багтаамжгүй, агуулгагүй, хар ярианы харилцан яриа - Дүрүүдийн ямар ч логикгүй шийдвэрүүд - Бодитой асуудал зөрчилгүй, дарамт шахалтгүй, хоёр гурван өрөө дамжсан хэрүүлээсээ давдаггүй өчүүхэн өгүүлэмж - Хямдхан төгсгөлийн эргэлт 2024-06-03 15:32:48 Дэлгэрэнгүй",[],87.17165669,1ц 27м
2396,Этгээд,Кино,,2022,13+,,6.5,Б.Баатар-ийн,О.Эрдэнэ Б.Баатар,"Г.Эрхэмбаяр Б.Баатар О.Эрдэнэ Б.Баярсанаа Н.Ялалт Б.Бадамцэцэг Ч.Сэлэнгэ С.Ариунбямба Ж.Оюундарь Кино шүүмж Mungun “Этгээд” нь хотоос зайдуу лагерын байшинд сэтгэцийн эмгэгтэй эхнэрээ салхилуулахаар авч ирсэн залуу, залууг гэр бүлийн хүчирхийлэл үйлдэгч үү хэмээн сэжиглэн тандаж буй тэдний хөршийн талаар триллер кино юм. Киног эхлүүлэхэд анхны сэтгэгдэл тийм ч өндөр байсангүй. Өвлийн ойд чарлан гүйх бүсгүй улиг болсон үзэгдэл мэт санагдаж, нэгэн машин яван явсаар энгийн уйтгартай лагерын байшинд ирэх нь хямдаар аргацаасан олон олон “кино контент”-ийг бодогдуулж, хоёр байшин нэг хашаанд тааламжтай бус харилцаатай гурван хүн орших нь “Ээддээ энэ цаг хагасыг яажшуухан барна даа” хэмээх базаахгүй мэдрэмжийг төрүүлж байлаа. Өөрөөр хэлбэл, “Этгээд”-ийн эхний таван минутад танилцуулагдах тун хязгаарлагдмал орчин, гарын таван хуруу хүрэхгүй цөөн дүр нь хүлээлтийг тийм ч өндөр байршуулсангүй. Тэгтэл зураг авалтын “тавилт” бүрийг хэн нэгэн нь үнэхээр бүтээлч бядаа дайчлаад зохиомжилж зурсан нь мэдрэгдэх зураглал, “лагер дээр салхилангаа хийчихсэн кино контент уу даа” гэх сиймхий сэжгийг хэзээ ч үл төрүүлэх сонирхолтой шийдэлтэй зураг авалт, үзэгчдийг бодол таамгаа бүрдүүлэн тунгаах боломжоор хангах “нээлттэй” мөртлөө цаанаа л нэг “эвгүй” бас учир битүүлэг дүрүүд нь “Этгээд” дотор чухам юу болох гээд байгааг ухан дэлгэх хүслийг алхам алхмаар оволзуулж эхэлсэн юм. “Этгээд” үндсэндээ гуравхан дүртэй боловч тэднийг үзэхэд уйдах завдал үгүй. Дотоодын ихэнх кинонд “Энэ дарга нь, энэ далжгар нь, энэ донтой нь, энэ күүл ах нь, энэ секси хүүхэн нь, тэгээд энэ нь…” гэх мэтээр бүтэн өгүүлбэр битгий хэл ганцхан үгээр тодорхойлж болохуйц өнгөц (shallow) байх нь түгээмэл бол “Этгээд”-ийн гол дүрүүд нүүрэнд илэрч буйгаасаа далд давхар мөн чанартай, киноны явцад илэрч танигдах нэгээс олон шинж чанартай байсан нь сонирхолтой байлаа. Цөөн дүр, цөөн орчинд өрнөх энэхүү явдлыг өндрөөс өндөрт өргөсөн (elevating quality) хүчин зүйл нь зураг авалттай холбоотой бүхий л ажилбар байв. Эрэл хайгуул хийдэггүй энгийн дундаж Монгол уран бүтээлчдийн хийдэг хол-дунд-ойр тавилттай жижүүрийн залхуу зураг авалт энд огтхон ч үгүй. “Этгээд”-д сцен бүрийн харагдах байдлыг ядаад нэг сонирхолтой үзэгдэл, нэгж сонирхолтой чимэг, давталтгүй шахам зураглал, камерын ялгаатай шийдэл хөдөлгөөнүүдийг оновчтойгоор солбиж ашигласан нь ганц хашаа байшингийн энэхүү явдлыг Улаанбаатар даяар вилла клаб лоунж хэсдэг шороон түмэн Монгол кино бүү хэл зарим Холливудын блокбастер киноноос ч илүү үзүүштэй болгосон гэхэд хилстэмгүй. Зураг авалтаас онцгой таалагдсан хэсэг нь компьютер графикт даатгаагүй (in-camera/practical effect) машины бодит осол болон гол дүрийн бүсгүйн хар дарсан зүүдний үзэгдлүүд байв. Зорчигчоос камерыг үл салгах тэрхүү аваар болон жихүүцэм уур амьсгал, сонирхолтой шилжилтүүд (transition)-ийг чадварлагаар ашигласан түгшүүрт зүүд нь сүүлийн үед Монгол киноноос үзсэн хамгийн кайфтай зүйлсийн нэг байсан юм. Харин нууцлаг эхэлж, сонирхолтойгоор хөврөн тайлагдаж, оргил цэгтээ “одоо яах бол?!” гэх асуултад тулсан “Этгээд”-ийн үйл явдал миний хувьд төгсгөл хэсэгрүүгээ үнэмшлээ алдаж, улмаар эцэс сүүлдээ үзэгчийн хэрэгцээнээс илүү ихийг тайлбарлан “амруу халбагадаж” эхэлсэн юм. Дүрүүдийн зорилгодоо хүрэх ээдрээт урт (overly elaborate) явуулгад илүү хялбар бөгөөд үнэмшилтэй шийдлүүд шаардлагатай байсны зэрэгцээ киноны тайлалд утгыг нь ухаж мэдсэний дараа ч үргэлжлээд л, үзүүлээд л байх хэрэгцээ төдийлөн үгүй байсан болов уу хэмээн санагдсан юм. Дүгнэж хэлэхэд, “Этгээд” нь үйл явдлын зарим эргэлт шийдлийг асуудалтай боловч энэхүү бүтээл нь хийц гүйцэтгэлийн хувьд өнгөрсөн жилүүдэд миний үзсэн хамгийн өндөр чанартай Монгол киноны нэг байв. Дүрийнхээ тоонд биш чанарт анхаарах, цөөн байршлаа “тултал нь” ашиглах, сцен бүрийг уйдамгүй сонирхолтойгоор зураглах, уран сайхны амбицтай содон үзэгдлүүдийг дэлгэхээр чармайх ийм л бүтээлч шинжтэй Монгол кино нь дэлхий дахины шилдгийн шилдэг кино цувралуудад амтасч, энтертайментын сонголтоор хахаж цацаад буй орчин цагийн Монгол үзэгч бидний анхаарал болоод цаг хугацааг хүртэх эрхтэй болов уу. Цөөн үгээр Монгол кино зураг авалтын хийц гүйцэтгэлийн босго өндөрсөв. Тайлал төгсгөлийн шийдлүүд учир дутагдалтай боловч нийт дүндээ сүүлийн жилүүдэд үзсэн хамгийн давгүй Монгол киноны нэг. Мөнгө цагаа буцааж авмаар байна уу? Урилгаар үзсэн. Цагандаа огтхон ч харамсаагүй.",Hero Хаанаас үзэх вэ?,87.17165669,1ц 27м
2399,Миний сахилгагүй залуу,Кино,Миний сахилгагүй залуу МУСК,2022,ЭЭХ,,6,Б.Пүрэвдорж-ийн,,"У.Цогтбаяр, Б.Замилан, О.Амгаланбаатар, Э.Ариунзаяа, Л.Гантулга, Х.Жулдыз, О.Итгэл, Хаанаас үзэх вэ? Жүжигчид Э.Чинзориг У.Цогтбаяр О.Амгаланбаатар Б.Замилан Э.Ариунзаяа Х.Жулдыз О.Итгэл Л.Гантулга Кино шүүмж Mungun “Миний Сахилгагүй Залуу” нь хөдөө амралтанд хуримын зураг авалтаа хийж буй сүй тавигсдын нэг нь онцгүй салсан экстэйгээ тааралдаж буй талаар хосуудын харилцааны сэдэвтэй инээдмийн драм кино юм. Өглөөний сэрүүлэг эсвэл машинтай хөөцөлдөөн гэсэн хоёрхон хувилбарын аль нэгээр эхлэх нь элбэг өнөөгийн дундаж Монгол кинотой харьцуулахад “Миний Сахилгагүй Залуу” нь танхим дүүрэн хөгжөөн дэмжигчтэй хоккейн тэмцээнээр эхэлсэн нь онцлогтой болжээ. Мөсөн талбайг хөгжөөнт тэмцээний ч, ухаарал хайрын ч орон зай болгож ашигласан нь ямар ч эргэлзээгүйгээр уг киноны хамгийн бүтээлч шийдэл байв. Харамсалтай нь кино гэдэг зөвхөн сонирхолтой орон зай (setting) биш бөгөөд түүнийг баяжуулан өргөх дүр үйл явдал ямагт шаарддаг билээ. Хоккейн элементүүд нь Монгол дэлгэцийн бүтээл дундаа өвөрмөц боловч кинондоо төдийлөн уялдаатай биш бөгөөд спортынхоо гүнд ч ордоггүй товчхон тэдгээр хэсгийг эс тооцвол “Миний Сахилгагүй Залуу” нь лоунж бар, амралтын газар, байр орон сууцны хэдэн өрөөгөөр хэсч, “Өөх ч биш, булчирхай ч биш” хошигнолуудаа цувуулан хөл доороо эргэх улиг болсон өгүүлэмж хийцлэлтэй орчин цагийн онцлох зүйлгүй “байдаг л” нэг Монгол инээдмийн кино юм. Киноны үйл явдал нь цэцэрлэгийн хүүхдийн ямар хэсгийг ямар өнгөөр будах эсвэл аль цэгийг аль цэгтэй холбож зурахыг заасан дүрслэх урлагийн элементарны даалгаврыг санагдуулам. Зохиолын бүтэц “араг яс” (outline) нь: 1. Эхлэл & дүрүүдээ танилцуулах; 2. Хошигнол #1, #2, #3; 3. Хямрал/Уналт; 4. Ухаарал; 5. Төгсгөл; гэсэн нэн энгийн хэлбэрийг ягштал дагажээ. Хэдий энэ нь хамгийн шилдэг инээдмийн кинонд ч их бага хэмжээгээр ажиглагддаг бүтэц мөн боловч киноны үйл явдлын тэдгээр цэг (plot-points)-ийг хооронд нь холбохдоо хангалттай уялдаа холбоотой эсвэл инээдтэй, үгүй ядаад өвөрмөц содон шийдэлтэйгээр урсган залгасангүй. Гэтэл энэхүү стандартыг сорьж, “дүрмийг зөрчиж”, үзэгчийн бодол хүлээлтээс давах нь аливаа уран бүтээлчийн ур чадварын жинхэнэ илрэл бөгөөд үзэгч бид түүний л төлөө мөнгө цагаа өгч, бусдыг ч мөнгө цагаа өгөхийг уриалан дуудахад хүргэдэг билээ. Харин “Миний Сахилгагүй Залуу”-ийн “бүтээлч түлш” нь хоккейн заалыг ашиглая - гээд л шавхагдсан тул киног үзэх явцад цочирдон гайхах, догдлох хүлээх - ер нь санаа алдаж утсаа оролдмоор санагдахаас өөр сэтгэл хөдлөл огтхон ч төрсөнгүй. Киноны эмэгтэй гол дүр яагаад гол дүрийн залуудаа хайртайг “Миний Сахилгагүй Залуу” батлан үнэмшүүлэх шалтгаан өгдөггүй шигээ, чухам яагаад эксээсээ салсан нь ч ойлгомжгүй. Эрс тэс хоёр залуугийн дүрээр одоогийн залуусын хэв маягийг эргэцүүлэн тунгааж, шинжлэн шүүмжлэхээр оролдсон мэт боловч энэхүү санаа нь киноны “энэ нь арчаагүй байгааз хаха, гэхдээ цайлган юм”, “энэ нь аягүү күүл юм байгаан, гэхдээ мэдкүэ бид нар охиныг энүүнд нь дургүйгээр зохиолдоо биччий” гэж бодсон мэт өнгөцхөн хошигнол, зангилаа зөрчил дульмаг драмаар булингартжээ. “Миний Сахилгагүй Залуу” кино нь хэрэв оюутнуудын бүтээл бол кино зохиолын бүтэц системийн анхан шатны ойлголтыг зохих хэмжээнд Монгол залуус эзэмшсэнээ харуулжээ хэмээн гэмгүй баярламаар. Харин “мэргэжлийн” уран бүтээлчид уг киног хийсэн бол үзэгч бид уран сайхны ур дүй үл харагдах “механик” энэ “контент”-ийн юуг нь гайхан биширч, хаана нь инээн баясах ёстой байснаа асууж нэхэмжилмээр санагдах ажээ. Цөөн үгээр: Үзээд ямар ч сэтгэл хөдлөл төрөөгүй. Үйлчилгээний хэдэн байгууллагын рекламыг уран сайханжуулаад механикаар холбочихсон юм шиг. Мөнгө цагаа буцааж авмаар байна уу? Тийм.",[],87.17165669,1ц 27м
2400,Сургуулийн сүнс,Кино,,2022,13+,,5.2,С.Бүжин-ийн,С.Бүжин,,"Простар (Prostar) Кино шүүмж Mungun “Сургуулийн Сүнс” нь арван жилийн ахлах ангийн хэсэг хүүхэд сургуульд нь хорогдсон сүнстэй тулгарч буй талаар аймшгийн кино юм. Аймшгийн кинотой их бага хэмжээгээр танил ямар ч хүний хувьд “Сургуулийн Сүнс”-д өвөрмөц содон санагдах өгөгдөл үгүй болов уу. Учир нь танил бус залуу жүжигчдээс бүрдэх “нядалгааны” (expandable) дүрүүд, сүнс чөтгөрийн ам дамжсан цуу яриа, хорсолт сүг, энгийн үед олны хөлийн газар боловч киноны үед эзгүйрч харанхуйлах байршил, өсвөр насныхны зөрчил драм, хажуугаар нь бас хайрын гурвалжин зэрэг зүйлс нь Америк, Япон тэргүүтэй аймшгийн төрлийн киноны хамгийн наад захын, үргэлж давтагддаг (starterpack гэмээр) бүрдэл хэсгүүд билээ. Гэвч нөгөө талдаа хамгийн энгийн түгээмэл орц болох чимх давс, атга гурил, үмх мах, багахан усаар ч сэтгэл цатгаж, ходоод дүүргэхэд хүрэлцээтэй “Монгол лапша” хийж болдгийн адилаар аймшгийн киноны тэдгээр “энгийн түгээмэл орц”-ийг ашиглан авьяаслаг уран бүтээлч сонирхолтой содон, эсвэл ядаад айдас мэдрэх хорхойг цатгаж “подхийлгэм” кино бүтээж болохыг үгүйсгэшгүй юм. Харамсалтай нь “Сургуулийн Сүнс” кино нь хийц гүйцэтгэлийн чанараар ч, уран сайхны санаа шийдлээр ч “уран бүтээлийн дампуурал” (creative bankruptcy) байлаа. “Сургуулийн Сүнс”-ийг үзэхэд уран бүтээлчид нь аймшгийн кино огт үздэггүй хүмүүс бөгөөд энэхүү дутагдлаа нөхөх үүднээс Ази Америкийн хэдэн аймшгийн кино үзсэн байж магадгүй хүнээс сонссон дурсамж таамгаараа зохиол үйл явдлаа гаргасан мэт ажээ. Өөрөөр хэлбэл уг киног бүтээгчид нь алдартай, түгээмэл аймшгийн кинонд “Аан ийм зүйл гардаг ёстой юм байна” хэмээн шинж чанарыг өнгөц гадарлан дуурайхыг оролдсоноос бус, тэдгээр киноны дүр, харилцан яриа, үйл явдлын эргэлт, зураг авалтын ард ямар “ажиллагаа” явагдаж байгааг зохих хэмжээнд ухаж судалсангүй юу гэлтэй. Уран бүтээлч эрэл хайгуулгүй, хэвшмэл байдлаас халихаар тэмүүлэх өөрчлөлт шинэчлэлгүй энэхүү байдал нь улмаар “Сургуулийн Сүнс”-д амин чухал шаардлагатай байсан аймшгийн киноны амин сүнс болох “хүлээлт” (anticipation) болон “тааварлашгүй” мэдрэмжийг үзэх явцад огтхон ч төрүүлсэнгүй. Харин ч айлгалт, эргэлт бүрийг сцены эхний секунд дээр үндэслээд л олон жил залхтал сонссон онигоо шигээ түрүүлээд ярьчхаж болохуйц уйтгартай бас “мэдээжийн” сэтгэгдлийг төрүүлж байсан юм. Хийц чанарын хувьд “Сургуулийн Сүнс” кино театрт хэрхэн тэнцэж гарах болсныг тааварлашгүй. Мэдээжийн үйл явдал, дунд ангийн урлагийн үзлэгийн хэмжээний жүжиглэлт, ухаанд нь ухна ишиг үхэх мэт гэнэтийн цочир хувирал өөрчлөлтэй дүрүүдээс гадна айдас бус инээдэм хүргэх компьютер график, “тэр хэсэг нь” гээд санаанд үлдэж хоцрох хөдөлмөр ажиллагаагүй зураг авалт, кино баг даяараа сонсголын бэрхшээлтэй хүмүүсээс бүрдсэн үү гэмээр дууны орон гаран чанар дуугаралтыг зөвтгөн өмөөрөхөөр хичээхдээ “Сургуулийн Сүнс”-ийн зохиолыг бодож эхлэхээс дүрсийг нэгтгэж дуусгах (render) хүртэл ердөө долоо хоногийн хугацаа уран бүтээлчдэд нь байжээ хэмээн өөртөө итгүүлсэн нь дээр мэт санагдах ажээ. Дөнгөн данган 60 минут дүүргэсэн нь “Бүрэн хэмжээний кино” ангилалд багтахад ч эс нийцэх энэ кино илүү хөдөлмөр зүтгэл шингэсэн Монгол бүтээл, Холливудын блокбастеруудтай хэрхэн зэрэгцэн театрт гарч, билет нь адил үнээр зарагдаж байгааг гайхаад таашгүй. Цөөн үгээр: “Мэдээжийн” айдас айлгалтаа ямар нэгэн оршил бэлтгэлгүйг “хуурайгаар нь чихэх” тун базаахгүй хийцтэй 1 цагийн теле-зохиомж. Мөнгө цагаа буцааж авмаар байна уу? Тийм.",87.17165669,1ц 27м
2408,Үүрдийн хайр,Кино,,2022,13+,,7.2,,,О.Амгаланбаатар Ч.Түвшинтөгс Б.Хунцэнгүүн Г.Урнаа Н.Ялалт Э.Баярмагнай Д.Төмөртогтох Л.Таванбаяр Ж.Оюундарь О.Оюун,Ред пойнт медиа Хаанаас үзэх вэ?,87.17165669,1ц 27м
2409,Soulmate,Кино,Soulmate МУСК,2022,ЭЭХ,,3.8,Ц.Хүрэлбаатар-ийн,,"Б.Доржнанжид Д.Энхбаяр Ц.Хүрэлбаатар Б.Үжин Н.Цэнд-Аюуш О.Оюун Б.Баярцэцэг Ү.Ундрал Э.Төрбат Кино шүүмж Mungun “Soulmate” нь арван жилийн ахлах ангийн нэгнээ үздэггүй охин банди хоёрын сүнс/бие нь солигдож буй талаар өсвөр үеийнхний (coming-of-age) сэдэвтэй инээдмийн кино юм. Киноны эхлэл тун гэнэтийн. Нэрийг нь ч цээжилж амжаагүй гол дүрийн хоёр маань ямар ид шид, хар дом, үлгэр зүүд, шинжлэх ухааны туршилт, хараал ерөөл нь бүү мэд нэг үнсэлцээд л бие нь солигдчихвоо. Ингээд жигшдэг этгээддээ өөрийнхөө халдашгүй ариун дархан биеийг тэр чигт нь “алдчихсан” мөртлөө задгай мөнгөө халааснаасаа суйлуулсан чинээ тоодоггүй ертөнцийн хамгийн амар амгалан хоёр дүр нөгөө хүнийхээ “ертөнц”-д түвэггүй уусан амьдарч эхлэх нь тэр. Миний ойлгосноор “Soulmate” киноны дэвшүүлэхээр зорьсон үндсэн асуулт нь “Охин, хүү хоёр эсрэг хүйстнийхээ тэс өөр ертөнцөд ороод “амьдрал үзэж”, нөгөөгийнхөө талаар алдаатай буруу ойлголтоо ухаарч, нэгнээ хүндэлдэг болох уу” байв. Иймд киноны дүр үйл явдал энэхүү үндсэн санаагаа лавшруулж, өнөөгийн залууст тулгарч буй асуудал бэрхшээлийг уран сайхны аргаар, хөгжилтэй байдлаар дүрслэн илэрхийлэх нь “Soulmate”-ийн “даалгавар” байлаа. Харамсалтай нь уг кино нь дүр, үйл явдал, инээдэм хошигнол гээд бүх талаараа дээр дурдсан даалгавар “амлалт”-аа хөсөрдүүлжээ. “Soulmate”-ийн хамгийн том алдаа нь дүрүүдийг ямар ч судалгаагүй, таамгаар, хэв шинжит байдал (stereotype)-аар ерөнхийлөн бичсэн явдал байв. Энэ киноны хэлж буйгаар арван жилийн охидод тулгарч байгаа хамгийн том асуудал нь “юм ирэх” эсвэл эрэгтэй хүнд таалагдах бол, үеийн хөвгүүдийнх нь санаа зовнидог үндсэн асуудал нь “пони болгох дараагийн охиноо олох” ажээ. Гэтэл 10 жилд хүн бүрийн туулдаг ялгаварлалт гадуурхал, хүүхдүүдийн харгис политик, бэлгийн дарамт, дээрэлхэлт, ганцаардал, сэтгэл гутралын зовлон “Soulmate”-ийн ертөнцөд үгүй. Эсвэл үргэлж дэргэд найзууд, юуг ч бүтээчхэж болох мэт тэнэгхэн мөрөөдөл тэмүүлэл, санах бодох зүйлгүй хөгжилдөх мөчүүд ч энэ кинонд сураггүй. Өөрөөр хэлбэл кино нь хэдий 10 жилийн хүүхдүүдийн талаар боловч эрэгтэй дүрүүдийн боддог сэдэв зөвхөн охид, харин охидын яриа үргэлж хөвгүүдийн талаар эсвэл “юм ирэх” тухай байсан нь “Soulmate”-ийн дүрүүдийг нэг хэмжээст, уйтгартай бас “дотроо хоосон” болгожээ. Цаашилбал, киноны дийлэнх хошигнол нь нөхөн үржихүйн эрхтүүдтэй холбогдолтой байх нь элбэг бөгөөд уйтгартай. Өсвөр насныхны нийгмийн амьдрал, хоорондын харилцааны хөгжилтэй, инээдтэй бас бодууштай талыг тодотгож, шоглож, шүүж харуулахаар оролдоогүй нь “Soulmate”-ийн хошигнолыг ярвайн гутрамаар (cringe-inducing) бөгөөд “хямдхан” наад захын (shallow/surface level), бүтээлч бус болгосон байна. Ер нь киноны үйл явдлыг “Юм ирэх joke”, “Эрэгтэй бэлэг эрхтэн”, “Охин охиныхоо хөхийг базахад асуудалгүй”, “Ууж согтдог хэсэг”, “Энэ намайг миний ардуур ингэж ярьдаг байхнээ”, “Өөрийгөө өөр хүн гэдгээ андуураад таньдаг хүнтэйгээ ярихаар оролдох” гэх мэт бичил гарчгуудад хувааж болно. Харин дүрүүд яагаад эхний тааралдсан боломжоороо л биеэ эргүүлж солихоор хичээхгүй байгаа шалтгааныг бататгахгүй, нөгөөтээгүүр бие нь солигдсон залуу охин хоёр нөгөө хүнээ ойлгон хүндлэх санаа сэдлийг үүсгэх хүчин зүйл тохиохгүй байх тул киноны сценүүд сошиал дээрх инээдмийн бичлэгийг (comedy sketch) санамсаргүй түүврийн аргаар (randomly) холбож эвлүүлснээс ялгаагүй мэт санагдуулав. Өөрөөр хэлбэл, үйл явдлууд хоорондоо холбогдож байгаа, нэг явдал нь нөгөөгөөсөө урган гарч байгаа, ямар нэг зүйлрүү үйл явдал чиглэж байгаа мэт сэтгэгдэл мэдрэмж огтхон ч төрөхгүй байлаа. Күүл атаман ах, хүн амины хэрэг, “эхийн сэтгэл” эсвэл улс төрийн хуйвалдааны талаар ээлжит Монгол кинотой харьцуулахад “Soulmate”-ийн стрессгүй хөнгөн уур амьсгал, улиг болоогүй залуу жүжигчид нь цэнгэг агаар мэт тааламжтай байсныг дурдах хэрэгтэй. Гэвч 10 жилийн хүүхдүүдийн энэ кино нь Солонгосын “Dream High” (2011)-аас авахуулаад Америкийн “Euphoria” (2019-)-ийн амьдралын ялгаатай зам, хувь тавилангийн өнгө бүрийн сонирхолтой өсвөрчүүдийн анхаарал татам адал явдлыг үзэж дадсан орчин цагийн Монгол үзэгчдээс хоцрогдсон мэт санагдах ажээ. Цөөн үгээр 10 жилийнхний амьдрал, ер нь одоогийн хүүхдүүдийн тухай ямар ч наад захын ойлголтгүй мэт кино. Жүжигчин/influencer-үүдийнх нь царайг таньдаг үзэгчдэд тодорхой хэмжээнд таалагдаж магадгүй. Мөнгө цагаа буцааж авмаар байна уу? Тийм.",Ред пойнт медиа Сан пикчерс,87.17165669,1ц 27м
2411,Хулигаан,Кино,Хулигаан МУСК,2022,16+,,6.8,,,,[],87.17165669,1ц 27м
2412,Ghost,Кино,Ghost МУСК,2022,13+,,6.7,О.Цэгмэд,,"О.Цэгмэд С.Лхагвасүрэн Х.Цасчихэр Ц.Төмөрхуяг Э.Тодгэрэл Д.Түвшинтөр Ц.Цэлмэг Б.Батмэнд Ш.Жавхлан Кино шүүмж Mungun “Ghost” нь арван жилийн нэгэн охины үхлийн шалтгааныг илрүүлэхээр түүний сүнстэй хамт хэрэг мөшгөж буй залуухан цагдаагийн талаар гэмт хэргийн драм кино юм. Миний хувьд театрт гарч буй бүх Монгол киног үзэхээр чармайдаг хоббитой хүн биш байсан бол “Ghost”-ийг үзэх байсан эсэх нь нэн эргэлзээтэй. Учир нь жилдээ цөөн удаа театрыг зорихдоо Холливудын нэрт франчайзууд буюу зүс таних жүжигчид/influencer-үүдийн набор болсон Монголын “том” кинонд мөнгө цагаа итгэн даатгах нийтлэг үзэгчийн хувьд “Ghost”-ийн төрүүлэх анхны сэтгэгдэл тун базаахгүй. Түүний санаанд үлдэх зүйлгүй хэт ерөнхий нэр (generic title), уйтгартай “жижүүрийн” постер нь уг кинонд театрын касснаа үл үзэгчдүүлэгч шидийг өгчээ. Товчхондоо “Ghost”-ийн нэр, зураг хоёрыг нь харахад “Мөнгөө хогийн саванд хийсэн бол ядаад цагаа хэмнэх байж дээ” гэх Монголын олон олон чанар муутай “халтуурны” аймшгийн кино санаанд орох ажээ. Гэвч энэхүү инстинкт бүрээ тэвчин сөрөхөд уг кино нь гайхуулан дэлгэх чамгүй сайн хийц, бишгүй бүтээлч ажиллагаа, сонирхолтой дүрүүд, анхаарч бодууштай санаа сэдлийг агуулах муугүй Монгол кино байлаа. “Ghost” нь дундаа таатай бус түүхтэй шазруун хоёр цагдаа нэг хэргийн хойноос мөшгөхдөө зарим үед хамтарч, заримдаа өрсөлдөхийг үзүүлсэн нь киног баяжуулжээ. Тэдний нэг нь охины сүнсээр дамжуулан далдын хүчний туслалцаатай олсон сэжүүр фактаа өөрийгөө хэрэгт хутгалгүйхэн шиг чухал хүмүүст нь дамжуулах сорилттой бол нөгөө нь хэргийг ном ёсоор нь мөрдөж, хэрэгтэй хэрэггүй олон баримтаас чухлыг нь ялгаж, цөөнгүй гэрч сэжигтнүүдийг маллаж, логик гаргаа дээр үндэслэсэн шийдвэр үйлдлийг гаргаж байсан нь баярламаар. Учир нь өдгөө гарч буй гэмт хэргийн сэдэвтэй Монгол кино нь мөрдлөгийн үйл явц хэрхэн өрнөдөг талаар наад захын судалгаа хийлгүй залхуурч, гадны киног учрыг нь ойлголгүй хагас хугас халтуурдан хуулж, тааж, ор үндэсгүй хийсвэрлэн зохиодгийн үр дүнд хөх инээд хүрмээр сэжүүр, логикийн уртын харайлт, харь гаригийн гаргалгаа, ухаанд нь ухна ишиг үхсэн нь хоорондоо заяаны хань мэт төгс зохицох гэмт хэрэгтнүүд болоод цагдаа нарыг төрүүлдэг билээ. Энэ нь “амт шимтгүй” өгүүлэмжийг бий болгож, үзэгчийн оюун ухааныг ч, цагдаагийн байгууллага болоод алба хаагчдын нэр нүүрийг ч гутаасан, уран бүтээлчдийнх нь өмнөөс ичиж нүд хальтармаар кино болох нь элбэг. Өөрөөр хэлбэл, мөрдлөгийн үйл явцын алдаа оноог үзүүлэхдээ логиктой үйлдлүүд, санаа нь зөв боловч хариу нь буруу үр дүнгүүд, чирэгдэлтэй бас ярвигтай үйл ажиллагааг үзүүлэхээр оролдсон нь “Ghost”-ийг өнгөрсөн онд гарсан #95% (★★☆☆☆ (2.5/5))-аас хойш үзсэн хамгийн боломжийн гэмт хэргийн Монгол кино болгожээ. Харин сүнс, ер бусын хүчний тухай кино талаасаа “Ghost”-т илүү их давс хужир (flavor) буюу цөс хөөргөм айдас аймшиг нэлээдгүй дутагдсан санагдсан юм. Киноны түлхүүр дүрийн нэг болох охины сүнс нь үйл явдлын эхэнд ил болох бөгөөд түүний “сүнслэг үйлдэл”-үүдээ хийж буй хэсгүүдийн гэрэлтүүлэг нэлэнхүйдээ их, тусгай эффектийн сонголт хэт энгийн байсан нь сүнс охины учир битүүлэг, айдас төрүүлэм шинжийг үгүй хийжээ. Нөгөө талаараа айдас төрүүлэм хэсгийн камерын аажим хөдөлгөөнүүд, сүнс охины орчиндоо үзүүлэх гэрлийн эффект, түгээмэл бус байршил зохиомжууд нь “Ghost”-ийн уран бүтээлчдийн цаашдын потенциалын илрэл болжээ. Киноноос таалагдсан дараагийн зүйл нь дүрүүд байв. Өрсөлдөгч хоёр цагдаагийн зөрчлийн туйл нь тэдний асуудлын уг гарвал шигээ сонирхолтой дүгнэлттэй байгаагүй боловч гол дүрүүд их бага хэмжээгээр дотоод зөрчилтэй, уналт босолттой байсан нь тэдгээр дүрийг хүншүүлжээ. Цаашилбал, кинонд байсан хошин шогийн жүжигчид өнөө л алиа салбадайн дүрээрээ бус, харин энгийн хүмүүс, амьдралд тохиодог нөхцөл байдлыг тун нь тохирсон хэмжээнд хэтрүүлэггүй жүжиглэн харуулсан нь сайшаам чимэг байв. Дүгнэж хэлэхэд, “Ghost” нь сонирхолтой нөхцөл байдал, амьдралтай дүр, бүрэн гүйцэд үйл явдал бүхий бишгүй боломжийн “арилжааны” кино болжээ. Уг бүтээлд гарч буй үзэгчийн ой ухааныг доромжилдоггүй хэрэг мөрдлөгийн процесс, үхэл хагацалтай кино гээд хар бараанаар дагнаж нүддэггүй хэм хэмнэл, цагдаа сэргийлэхтэй хутгалдаж буй хүмүүсийнх нь ч, хууль хүчнийхнийх нь ч алаг саарал, шүүмжлэм тал, тус тусын амьдралын замналыг туулж буй бодитой дүрүүд, хийц гүйцэтгэлийн бүтээлч ажиллагааг сайшаам. Уран бүтээлчдийн дараагийн киноноос ихийг хүлээж байна. Ghost (2022) – ★★★☆☆ (3/5) + Дор бүрнээ замналтай дүрүүд (character arcs) + Эрэгтэй гол дүрүүдийн жүжиглэлт (жүжигчин Х.Цасчихэр болон Э.Тодгэрэл) + Чимэг туслах дүрүүд, хошин шогийн жүжигчдийг нэгэн хэвийн байдлаас нь өөрөөр ашигласан + Үзэхэд харьцангуй үнэмшилтэй, уйдаадаггүй мөрдлөгийн үйл ажиллагаа (police procedural) + Бүтээлчээр ажиллахаар хичээсэн нь илт мэдрэгдэх зураг авалт (зохиомж болон орчин) + Өрнөл сайтэй эвлүүлэг, хэмнэл (editing & pacing) + Дандаа нэг уур амьсгалаараа нүдээд байдаггүй хөнгөн, инээдтэй бас уянгын сценүүдийг чимэг болгож оруулсан - Үзэх хүслийг шууд унтраадаг бүтээлч бус нэр, ядмаг постер - Тун нь ихэдсэн хөгжим - Шийдэл гүйцэтгэл тааруухан компьютер график - Гол дүрүүдийн хоорондох зөрчил хэт хурдан/амархан шийдэгддэг 2024-06-03 16:59:25 Дэлгэрэнгүй",Реакшн продакшн,87.17165669,1ц 27м
2413,In Da House: Comeback,Кино,In Da House: Comeback МУСК,2022,13+,,8.9,Ц.Амартүвшин,,"Н.Баясаа Г.Энх-Амар Ц.Амартүвшин Г.Лхагвацэрэн С.Батзориг Н.Батнасан Б.Баттөр У.Цогтбаяр Э.Төрбат Р.Сүхболд Кино шүүмж Mungun “In Da House 2: Comeback” нь бүтэлгүй хэдэн цагдаа хэрэг мөрдөх зорилгоор хоолны газар нээсэн нь санамсаргүй амжилт олж буй талаар Солонгосын #ExtremeJob (2019) киноны Монгол хуулбар болох “In Da House” (2021)-ийн үргэлжлэл анги бөгөөд энэ удаа бүтэлгүй цагдаа нар машин засвар ажиллуулж буй талаар гэмт хэргийн сэдэвтэй инээдмийн жанрын кино юм. Өнөөдрийн кино нь гадны бүтээлийг хуулбарласан, видео санд үүрлэсэн “уран сайхны дампуурал” бүхий аргацааж ядсан “кино-контент”-ийн залгаас гэдэг нь хүлээлтийг анхнаас нь хөсөрдүүлсэн байв. Гэвч манай уран бүтээлчид залхуугаар copy-долгүй бүтээлчээр ажиллаж, эх киноны алдаа дутагдлыг засч, дэвшүүлсэн санаа шийдэлд нь шинэ өнцөг ньюансыг дэлгэж, хангалттай сонирхолтой бүтээл гаргах бүрэн боломжтой мэт гэдэгт итгэлтэй байв. Киноны эхэнд дүр үйл явдал нь одоо цагт цагдаа нар хамтран зүтгэгчид, гэмт хэрэгтэй тэмцэх үүргээ чухалчлах эсвэл гэр бүл, хувийн санхүүгийн нөхцөл байдлаа бодох зэрэг асуудлыг эсрэгцүүлэн зэрэгцүүлэхээр хичээсэн мэт байсан нь киноны талаарх сэтгэгдлийг харьцангуй өргөсөн юм. Харамсалтай нь “In Da House” нь “постероосоо л ойлгомжтой” өнөө цагийн жижүүрийн Монгол инээдмийн кино болжээ. Миний хувьд уг киноны үндсэн асуудал нь нэгдүгээрт, хэнийг нь хэн нь хэмээн ялгах боломжгүй ухаанд нь ухна ишиг үхсэн дүрүүд; Хоёрдугаарт, тэдгээр дүрээс үүдэн гарах доромж cringe дүүрэн ядмаг хошигнол байв. Гол дүрийн таван цагдаа нь түмний төлөө нойр хоол, амьдралын чанараа золиослон ажилладаг цагдаагийн мянга мянган хөдөлмөрч хичээнгүй алба хаагчдын доромжлол болжээ. Хэрэг гарсан газрыг шинжлэх, гэрчүүдээс мэдүүлэг авах, түмэн баримт дундаас хэрэгтэй хамааралтайг логикоор ялгах гэх мэт хамгийн наад захын үйлдэл ч тэдний үгийн санд үгүй мэт бөгөөд таньдаг хүнээ шантаажлан дээрэлхэх, ажлын цагаар амины ажлаа хөөцөлдөх, архидах эсвэл гоймондох зуур азаар тэдний хавтаст хэрэг бүрдэж, бүтэлгүй энэ цагдаа нартаа таарсан мал мэт хэрэгтнүүд нь өөрсдөө аманд нь өнхөрч орж ирэх ажээ. “In Da House”-т үзүүлж байгаа шиг хүмүүс цагдаа нэрээр гадуур тэнэж хөл доороо хий эргэхийг нь бидний татварын мөнгө санхүүжүүлдэг бол иргэний хувьд гол харламаар, харин энэхүү кинонд туслалцаа үзүүлсэн цагдаагийн байгууллагын удирдах албан тушаалтан бол байгууллагын нэр хүнд унагасан шалтгаанаар хэрэг зарга үүсгэж, уран бүтээлчдэд хариуцлага торгууль оногдуулах хэрэгтэй мэт санагдана. Үзэгчийн өнцгөөс харахад, гэмт хэргийн эсрэг мэргэжлийн байгууллага бүү хэл цэцэрлэгт ч тэнцэмгүй хүмүүжил, хувийн зохион байгуулалт, сэтгэн бодох чадварын дутагдалтай тавын таван цагдаагийн дүр үнэхээр шаардлагатай байсан нь ч эргэлзээтэй. Мэдээж олны олонд өнгө өнгийн хүн байдаг боловч дүр бүхэн адилхан ховдог, хэрүүлч, гаднаа дээрэлхүү, дотроо арчаагүй, тэдний хоорондох ялгаа нь ердөө л “бүдүүн нь”, “арай бүдүүн нь”, “шалчгар нь”, “арай шалчгар нь” байсан нь уйтгартай. Товчхондоо, тав биш ганцхан мөрдөгчтэй байсан ч киноны үйл явдалд чанарын ялгаа төдийлөн гарахгүй ажээ. Ийнхүү эдгээр “баатарлаг мөрдөгчид”-ийн айхтар ажиллагаа явуулах “мэргэн арга” нь гэм буруу нь батлагдаагүй иргэний өмч хөрөнгө болоод өөрийн биед халдаж, хууль бусаар чагнан тагнах төхөөрөмж суурилуулах байх бөгөөд үүнийхээ хүрээнд Вьетнам авто засвар ажиллуулахаар шийдэх нь “In Da House”-ийн ичиж шоконд ормоор “хошигнол” явдлыг эхлүүлэх ажээ. “In Da House”-ийн уран бүтээлчид Вьетнам засварчинд хувирахдаа халтар царай, хархны нүх шиг оромж, амьтны аялгыг бахархалтайгаар дэлгэцнээ гаргасан нь өнөөгийн Монгол кинонд хэзээ ч үзнэ гэж бодоогүй мэдрэмжгүй, ичгүүрт явдал байв. Солонгос киног хуулсан Монгол “In Da House”-ийг Солонгос уран бүтээлчид эргүүлэн дуурайж, “Манайд хараар ажилладаг халтар Монгол хүн болж бүгдээрээ хэрэг мөрдөе” гээд Монгол уран бүтээлчид Вьетнамчуудыг үзүүлсэн байдлаар Солонгосчууд Монголчуудыг үзүүлбэл манай сошиал дээр Дэлхийн 3-р дайн үүсэх буй заа. Цаашлаад, 2022 онд бүү хэл 2012 ондоо ч хуучирчихсан олон үзэл хандлагыг “In Da House” кино хэвийн, инээдтэй зүйл мэтээр дүрслэх ажээ. Эрэгтэй хүн гэр бүлийн хүчирхийллийн хохирогч болох = инээдтэй, гомдохоороо архидах = маш хэвийн, хөдөлмөр чадвараар бус он жилийн ялгаагаар нэгнээ үг дуугүй ахайлан авгайлах = зөв гэх мэт санаа нь хол ойроор аялсан, шинэ хуучныг тунгаан харьцуулдаг одоогийн Монгол үзэгчдээсээ нэн хоцрогдсон өгүүлэмж мэт санагдах ажээ. “In Da House”-т орчин үеийн кино үзэгчийн анхаарал сонирхлыг татах зүйл барагтай үгүй. Харин ч хүний өмнөөс ичиж санаа зовмоор зүйл олон ажээ. Тайзны хошин шогийн олон жилийн өмнөх эдгээр хоцрогдмол сэтгэлгээ нь залуу уран бүтээлчдийн найруулга, жүжиглэлт, дүр үйл явдалд нэвт шингээтэй байгаа нь гайхмаар бас харамсмаар. Монгол инээдмийн кино хэзээ 2000-аад оноосоо урагшлах юм бол? Цөөн үгээр: Бодсон шиг “аймаар муу” биш ч хүмүүст харуулахаас ичиж санаа зовмоор шинж (cringe) нь давамгайлсан, үзүүштэй биш кино. Мөнгө цагаа буцааж авмаар байна уу? Эргэлзээгүй тийм. In Da House 2: Comeback (2022) – ★★☆☆☆ (1.5/5) + Уйтгартай/илүүц дүрс цөөн, үйл явдал болон орон зайг ойлгомжтой бүрдүүлэх эвлүүлэг (editing) + Тийм ч хямд санагддаггүй хийцлэл (Production design) - Цагдаагийн ажлыг доромжилж, цагдаа нарын тухай сөрөг ойлголт төрүүлэх өгүүлэмж - Мөрдөгчид мөртлөө мөрдлөг, судалгааны ажил 0 - Ганц ч өөдтэй эмэгтэй дүр үгүй - Эсвэл сэтгэл санааны эсвэл бие махбодийн хүчирхийлэл үйлдэгчид - Хошиг шогийнхны үе нь өнгөрсөн хошигнол (ялгаварлах, хүчирхийлэл, бие махбод болоод сэтгэл санааны дарамт) - Эргэлт төгсгөлд нь эргэлзээ хэзээ ч үл үүсгэх мэдээжийн эргэлттэй үйл явдал (formulaic story) - 2 цагийн урттай мэт санагдах сунжруу өрнөл - Таалагдах шинжгүй гол дүрүүд (un-likable characters) - Хоорондоо ялгардаггүй илүүц дүрүүд - Гол дүрүүдийнхээ дэвшүүлсэн асуудлыг огтхон ч шийддэггүй төсгөл - Хошин шогийнхны өнөө л хэв шинжит жүжиглэлт - Үйл явдлын, ялангуяа төгсгөлийн эргэлтийн уялдаа сул 2024-06-03 16:46:16 Дэлгэрэнгүй",Ф студи,87.17165669,1ц 27м
2415,Солилцоо,Кино,Солилцоо МУСК,2022,13+,,7.5,Е.Даваасүрэн,Е.Даваасүрэн,"Б.Пүрэвдорж, Е.Даваасүрэн, А.Энхжин, Г.Даваазул, С.Одбаяр, Ш.Доржсүрэн, Б.Батчимэг, Хаанаас үзэх вэ? Жүжигчид Б.Батчимэг Б.Пүрэвдорж А.Энхжин Е.Даваасүрэн Г.Даваазул С.Одбаяр Ш.Доржсүрэн",[],87.17165669,1ц 27м
2416,Уулын намар,Кино,Уулын намар МУСК,2022,16+,,7.2,Ц.Цэрэнболд-ийн,Ц.Цэрэнболд Ө.Мөнгөнтулга,"Б.Эрдэнэбат Н.Сугармаа Ц.Цэрэнболд Д.Ганцэцэг Б.Базаррагчаа Ө.Мөнгөнтулга Д.Бямбадорж Кино шүүмж Mungun “Уулын Намар” нь алс бөглүү галт тэрэгний өртөөний хэсэг эхнэрүүд хань нөхрийн сонголтдоо эргэлзэн хямарч буй талаар драм кино юм. Кино нь “Уулын намар” (1975. Зохиолч С.Пүрэв) туужаас сэдэвлэсэн бөгөөд миний хувьд нийтлэлдээ зориулан эх зохиолыг уншсан болно. “Уулын Намар” сэтгэлд үлдэм кино болохын тулд гурван зүйлд анхаарах хэрэгтэй байв. Цөөн дүр нь “чанартай” буюу алаг цоог дотоод ертөнц, гадаад үйл хөдлөл, төрөл бүрийн хувирал өөрчлөлттэй (dynamic & complex); ганц байршилд өрнөх тул зураг авалтын ажилбар (cinematography) нь нүд баясгаж сэтгэлд тусам онцгой чамин ажиллагаатай; кино эх зохиолтойгоо жишигдэлгүй өөрөө өөрийнхөө “хөл дээр зогсохуйц”, номынхоо асуудал дутагдлыг нөхөн сайжруулахуйц санал шийдлүүдтэй “дэлгэцийн бүтээл” (screen adaptation) байх нь чухал байлаа. Тэгвэл уг кино нь эдгээр “амин үзүүлэлт”-үүдийн зарим дээр бишгүй уран бүтээлч хандлага харуулж чадсан боловч зарим талаар тун чамлам гүйцэтгэлийг гаргажээ. “Уулын Намар”-ийн эвлүүлэг болон зураг авалт тун хангалтгүй бөгөөд “элементарны” (basic). Дүр үйл явдлыг үзүүлэх камерын ажиллагаа нь зохиомж дүрслэл, хөдөлгөөн арга техникийн ноцтой алдаагүй боловч нүд баясгаж, харааг булаам “сайн” эсвэл “онцгой” гэж хэлэх зураглал энд нэгээхэн ч байсангүй. Уйтгартай, жижүүрийн энэ зураг авалт нь мөн л ялгаагүй жижүүрийн эвлүүлэгтэй (editing) хосолсноор “Уулын Намар”-т харааны мэдрэмжээр үзэгчид дамжуулах сэтгэл хөдлөл, эрч хүч, хэм хэмнэл үгүй болжээ. Цаашлаад дүрүүдийн хүсэл эрмэлзэл, харилцааны нөхцөл байдал, доторх мөн чанарыг харуулахдаа цэцэрлэгийн хүүхэд ч нэгд нэгэнгүй тайлбарлачихмаар хэт илт, нууцлаг бус, үзэгч “толгойгоо ажиллуулах шаардлагагүй” (on the nose, not subtle) зураг авалтын зохиомж, дүрүүдийн үйл хөдлөлийг харуулах нь эсвэл уран бүтээлчдийн хандлага хоцрогдсоных, эсвэл уран бүтээлчид үзэгчдийнхээ оюун ухааныг дэндүү дутуу үнэлсний шинж тэмдэг үү гэлтэй. Өөрөөр хэлбэл, “кино” урлагийн үзэгчийн нүдийг баясгаж, татаж, чиглүүлж, хуурах чадалтай дүр дүрслэл (visual)-ийн өргөн потенциалыг “Уулын Намар”-ийн уран бүтээлчид умартаж, үзэмж харагдцад өгсөн ач холбогдол нь дутаж, эрсдэл туршилтыг эрэлхийлээгүйгээс энэхүү кино нь “дэлгэцийн бүтээл” биш, “дүрсжүүлсэн тайзны жүжиг” мэт санагдах ажээ. “Уулын Намар” нь өртөөний ажилтан эмэгтэй, түүний нөхөр “гүндүүгүй Монгол эр”, дарга өвгөн, өвгөний оюутан хүү, ажилсаг хөрш залуу, залуугийн Instagram эхнэр зэрэг цөөн дүрийн үйл явдал юм. Тэдний дунд “гүндүүгүй Монгол эр” (жүжигчин Ц.Цэрэнболд)-ийн жүжиглэлт хамгийн амьдралд ойр, кинонд үнэмшил нэмсэн чухал хүчин зүйл байсан бөгөөд номын хувилбар нь дэндүү бүдүүлэг, ямар ч мэдрэмжгүй “хөлдүү төмс” байсан түүнийг дэлгэцэд хөрвүүлэхдээ сэтгэл татам шинжүүд нэмсэн нь оножээ. Харамсалтай нь киноныхоо төдийгүй эх зохиолынхоо хамгийн гол хүмүүс болох эмэгтэйчүүдийн дүр тэр чигтээ “булшлагджээ”. Уг нь гол дүрийн эмэгтэй нь дэндүү номхон дуулгавартай, хар хүнийхээ үгээр, өдөр тутмын амьдралтайгаа эвлэрсэн нэгэн боловч хөршид нь хайр халамжтай нөхөр, үг хүслээ илэрхийлэхээс эмээдэггүй сэргэлэн эхнэр бүхий шинэ айл ирснээр өөрийн амьдрал, нөхөртэй харилцаагаа ахин тунгаахад хүрж буй сонирхолтой хувирал өөрчлөлтийн замтай чухал дүр юм. Харамсалтай нь “Уулын Намар” нь эх зохиолынхоо үндсэн хөдөлгөгч хүч болох номхон эмэгтэйн өөрөө өөрийнхөө төлөө зогсож сурч буй дотоод аяллыг умартсанаас кино дунд хавьдаа очоод хэм хэмнэлээ алдаж, гол дүр “гэрийн буг” чигээрээ мартагдан хаягдаж, түүний нүдийг нээгч дэндүү сэргэлэн бүсгүйн дүр ухаан залиа гээн дэлгэц постерыг борлуулах секс-обьект-ийн тавиланд унаж, хэт уянгалах нь инээд хүрэм төгсгөлөөр үйл явдлаа аргацаахад хүрчээ. Товчхондоо, “Уулын Намар” нь өгүүлэмжийнхээ гол судал болсон эмэгтэй дүрүүдийг “хүүхдийн дон шүглэсэн тогооны алчуур”, “өнгөнд шунасан хөнгөн хүүхэн” хэмээн дэндүү хялбаршуулж, тэднийхээ номд байсан бүхий л ньюансыг устган арилгаснаар киноны үйл явдал сул, илэрхийлэхээр оролдсон утга санаанууд хагас дутуу, нийт дүндээ үлдэц муутайхан агууламжтай болжээ. Миний ойлгосноор, 1975 оны эх зохиол нь эхнэр нь нөхөртөө дарлуулж, нөхөр нь эхнэртээ үглүүлж, гэрлэлээ гэхээрээ боол мэт амьдарна гэх уламжлалт сэтгэлгээг шүүмжилж, хосуудын харилцаанд энэрэнгүй сэтгэл, харилцан буулт, тэгш дуу хоолой байх хэрэгтэйг үлгэрлэж, орчин цагийн эмэгтэйчүүд өөрийн зам мөрийг залах чадал тэнхээтэйг уриалах одоо цагт ч үнэ цэнтэй санааг агуулж байлаа. Гэвч “Уулын Намар” нь эх зохиолынхоо алдаа дутагдлыг нөхсөнгүй харин ч амин сүнсийг алдагдуулжээ. Цөөн үгээр Кино биш, дүрсжүүлсэн жүжиг байв. Хүсч байсан эмэгтэй дүрүүд маш сул, мөн сурталчилгаандоо онцолсон “гоо үзэсгэлэн” байгалийн-биш байсанд бэсрэгхэн урам хугарсан. Юу өөр байсан бол өнөөдрийн кино илүү таалагдах байсан бэ? + Зураг авалт Цөөн хүн, хязгаарлагдмал орчинд байгаа бол “мэдээжийн” дүрслэл, хэт ойлгомжтой зохиомжуудаас зайлсхийх. Сценүүдийг хэрхэн баяжуулах, харахад сонирхолтой болгох эрэл хайгуул хийх. + Гол дүрийг гол дүрээ болгох Кинонд хамгийн их өөрчлөлтийг туулж буй эмэгтэй гол дүрийг үйл явдлын дундаас мартаж хаясан нь аймшигтай алдаа. Эсвэл анхнаасаа секс-обьект эмэгтэйн дүрийг гол дүрээрээ сонгосон бол төгсгөлтэйгөө авцалдах байв. Мөнгө цагаа буцааж авмаар байна уу? Урилгаар үзсэн. Цагандаа харамссан гэвэл дэгсдүүлсэн болно. Гэвч хүмүүст санал болгох хэмжээнд онц санагдаагүй.",Лоожикфильм (Logicfilm) Цэбо фильм,87.17165669,1ц 27м
2417,Лагина,Кино,Лагина МУСК,2023,Ангилал хийгдээгүй,0ц 11м,6.7,,,,Ю Би Эс телевиз,11,0ц 11м
2420,Хар ажил,Кино,,2022,13+,1ц 44м,6.9,Г.Даваазул,Г.Даваазул,"А.Энхжин, Г.Даваазул, Б.Азжаргал, Ц.Төмөрхуяг, Ш.Батболд, Ш.Мөнхбаяр, С.Одбаяр, Ж.Батбаяр, Б.Отгонбаяр, Жүжигчид Г.Даваазул А.Энхжин Ц.Төмөрхуяг Ш.Батболд Б.Азжаргал Ш.Мөнхбаяр С.Одбаяр Ж.Батбаяр Б.Отгонбаяр Кино шүүмж Mungun “Хар Ажил” нь хагалгаа хийлгэж эмэгтэй хүйсрүү хөрвөх мөрөөдөлтэй трансжендер залуу хамгийн сайн найзтайгаа хүн дарамтлах рэкетирийн ажил хийж яваад барилгын томоохон төсөл тойрсон улс төрчдийн нууц дайнд хутгалдаж буй талаар зарим хөгжилтэй хэсэгтэй гэмт хэргийн триллер кино юм. Олон талаараа “Хар Ажил” нь бидний дадал болсон “Монгол маягийн гэмт хэргийн кино” юм. Хөмсөг зангидсан боссоос өөр дүрд тоглох эрхийг нь хуулиар хориглосон мэт жүжигчин Ц.Төмөрхуяг-ийн улс төрчийн дүр, бохир албан тушаалтнууд, мөнгө идэх/угаах ямар нэг явуулга, гадаад хүмүүсийн айдас/үзэн ядалт (xenophobia), “Күүл атаман ах нар”, зодоон, “эрэгтэйчүүдэд тохиолдож байгаа бол энгийн/инээдтэй” гэх хүчирхийлэл (toxic masculinity) гээд “танил Монгол-кино амт”-ийг уг бүтээл ханхлуулжээ. Товчхондоо, #ФантастикПродакшн-ийн бүтээлүүдтэй “агаар нэг” агуулгыг хэд дахин тарчиг нөөц бололцоогоор #ЭтикПродакшн бүтээдэг мэт мэдрэмж нь “Хар Ажил” дээр ч тэдний өмнөх бүтээлүүд мэт мэдрэгдэнэ. Хачирхалтай нь #Этик-ийн уран бүтээлчид “Монгол-күүл-зодоонч атаман-ах-ялна” гэх адилхан дэвжээ жанрынхаа “босоо аварга” #Фантастик-с ялгарах хүндхэн сорилтынхоо хүрээнд “Хар Ажил” киногоор хэд хэдэн өвөрмөц туршилтыг хийсэн нь миний хувьд алдахаасаа илүү оносон мэт санагдаж, Монгол киноноос хүсэн хүлээдэг “уран бүтээлч эрэл хайгуул”-ийг үзүүлснийг дурдахыг хүслээ. “Хар Ажил”-ийн хийц чанар, жүжиглэлт, дүрүүд, сцен тавилтад учир дутагдалтай зүйл олон. Гэвч агуулгын хувьд “Хар Ажил” тунчиг “амбицлаг”. Өөр хэдэн кинонд бид трансжендер гол дүр эсвэл гараа хөтлөлцсөн “нэг талын” улс төрчид өвөр түрүй дотроо урваж шарваж байгааг үзлээ? “Трансжендер” хэмээх ойлголтод “Хар Ажил” ньюанстай, хошигнолууд нь мэдрэмжтэй хандсан уу гэвэл үгүй. Гэвч үүнийх нь цаана хүн өөрийгөө олох, найзууд нэгнээ өөр гээд ялгаварлалгүй нээлттэй хүлээн авах, хэн юу гэхээс үл хамааран хүн хүсэл тэмүүллээрээ амьдрахыг дэмжсэн өгүүлэмж нь орчин үелэг бөгөөд сэтгэлд өег. Улмаар “бохир улс төрчид” гэхээрээ бүгд төвийн хяналтаар ажилладаг нэг загварын роботууд биш, зорилго амбицаараа ч тэд хурц зөрчилдөж буйг үзүүлсэн нь “Монголын бохир улс төрчтэй кино” жанртаа шинэлэг өнцгийг бий харуулсан мэт санагдсан юм. Ийнхүү миний хувьд киног “аргаж” (cringe) эхлүүлсэн ч гол дүрийн өөрийгөө хүлээн зөвшөөрөх, зөвшөөрүүлэх хэрэгцээ болон улс төрчдийн явуулгын дадсанаас өөр хувилбарыг үзээд нэг мэдэхэд киноны үйл явдалд санамсаргүй автчихсан сууж байв. Зураг авалтад “жижүүрийн тавилт”, илүүц хөдөлгөөний асуудал олон ч зарим үйлдэл, зохиомж нь киногоо өргөж чадсан бол хөгжмийн зохиол найруулга нь киноныхоо уур амьсгалыг ихээхэн дээшлүүлсэн, сэтгэл хөөрлийг өдөөхүйц байлаа. “Хар Ажил”-ийг миний хувьд “сайн кино” гэж үнэлэх боломжгүй. Түүний ядмаг, тарчиг, “өнөө л” гэх зүйлийг тоолбол гарын арван хуруу цөөднө. Гэвч уран бүтээлчид боломж чадлынхаа хүрээнд сонирхолтой эрэл хайгуулыг хийж, адил жанрын бусад киноноос ялгарахаар хичээл зүтгэл гаргасныг харах нь Монгол кино сонирхогчийн хувьд туйлын таатай байв. Цөөн Үгээр Ер нь бол нөгөө л атаманууд, бохир улс төрчидтэй кино. Гэхдээ энэ жанрт зарим сонирхолтой туршилтыг хийсэн нь таалагдав. Юу Өөр байсан бол өнөөдрийн кино илүү таалагдах байсан бэ? ГОЛ ДҮРИЙН АЯЛАЛ (character journey) Трансжендер залуугийн “трансжендер” асуудлууд нь киноны нийт үйл явдалтай төдийлөн холбоотой биш, хошигнож маазрахад ашиглагдсан нь урам хугалам. Тэр өөрийгөө хэн бэ гэдгийг таних зөвшөөрөх эсэх, найзууд нь хүлээж авах эсэх, тэгээд энэ итгэлцэл, шинэ эрч хүч нь эцсийн ялалтдаа хүрэхэд нь нөлөөлөх эсэх гээд - нийт үйл явдалтайгаа илүү ойртуулж уясан бол киноны өрнөл хүчтэй болох байв. ИЛҮҮ БАС ДУТУУ СЦЕНҮҮД Дүр, нөхцөл байдлыг ойлгуулахад шаардлагатай зарим сцен дутмаг, хэрэгцээтэй биш сцен олон байв. Нэг сценээр хэрхэн олон санааг илэрхийлж болох вэ, нэг оновчтой харилцан яриагаар хэрхэн их мэдээлэл өгөх вэ гэдгийг кино зохиолдоо цаашид анхаарах хэрэгтэй. ТӨГСГӨЛИЙН ЛОГИК Киноны төгсгөлд “дайснууд” нь яагаад тийм шийдвэр гаргасныг ердөө ч ойлгоогүй. Ид шид, сохор аз шиг үнэмшилгүй эргэлт нь киноны үйл явдлынхаа даацыг унагаасан. Хөшүүрэг, аргагүй байдлыг хэрхэн даван туулахыг огт бодож олж чадаагүй кино зохиолын “мухардаад ингэжээ” гэж бодогдсон. Мөнгө Цагаа Буцааж Авмаар байна уу? Миний хувьд мөнгө цагтаа төдийлөн харамсаагүй. Гэхдээ хүмүүст санал болгох хэмжээнд таалагдаагүй. Хар Ажил МУСК (2022) – ★★☆☆☆ (2/5) + Улс төрийнхөн “нэг тал” байлаа ч дотроо ньюанстай зөрчил тэмцэлтэйг харуулсан + Киногоо өргөх хөгжим + Зураг авалтын зарим сонирхолтой шийдэл + Цус нөж, шивээс гээд нүүр хувиргалтын ажил сайн + LGBTQ-г зарим аргуу байдлаар тусгадаг ч өөрийгөө олох, өөртөө таалагдах өнцгөөс харуулсан нь дэвшилттэй - Хулигаан, улс төрч, боссууд - “нөгөө л” дүрүүдийн тавилт (characterization) - Дийлэнх жүжиглэлт сул - Дүр хөгжүүлэлт, ньюанс дутмаг - Өгүүлэмжид төдийлөн шаардлагатай бус, танаж болохуйц илүүц сценүүд - Давтсан/илүүц хөдөлгөөн, шилжилт ихтэй зарим зураг авалтын шийдэл - Эрэгтэйчүүдэд тохиолдохоороо хүчирхийлэл хэвийн/хөгжилтэй хэмээх эндүүрэл (toxic masculinity) - LGBTQ+-ийн үе нь өнгөрсөн зарим хошигнолууд - CGI сул - Логик үсрэлтүүд - Учир зангилаа, асуудал нь яаж шийдэгдсэн нь ойлгомжтой биш төгсгөл 2024-06-06 15:58:43 Дэлгэрэнгүй",[],104,1ц 44м
2421,Наймаа,Кино,,2023,13+,,7.6,Г.Даваазул,Г.Даваазул,"А.Энхжин, Г.Даваазул, Б.Баатархүү, Г.Эрхэмбаяр, С.Одбаяр, Ж.Батбаяр, Б.Дэлгэрмөрөн, Хаанаас үзэх вэ? Жүжигчид А.Энхжин Г.Даваазул Б.Баатархүү С.Одбаяр Г.Эрхэмбаяр Ж.Батбаяр Б.Дэлгэрмөрөн",[],87.17165669,1ц 27м
2423,Баян боол,Кино,,2023,ЭЭХ,,6,Д.Мөнхбат-ийн,С.Сумъяа,"О.Тэмүүжин, Б.Номин, Г.Нарансолонго, Б.Батмэнд, Ш.Доржсүрэн, Б.Ариунцэцэг, Ө.Мөнх-Эрдэнэ, Г.Эзэнмөнх, Х.Баярмаа, Т.Бадамжав, М.Наранбаатар, У.Цогтбаяр, Д.Түвшинтөр, Х.Ганхуяг, Хаанаас үзэх вэ? Жүжигчид Д.Мөнхбат О.Тэмүүжин Б.Ариунцэцэг Б.Номин Ө.Мөнх-Эрдэнэ Г.Нарансолонго Г.Эзэнмөнх Б.Батмэнд Х.Баярмаа С.Сумъяа Ш.Доржсүрэн Т.Бадамжав М.Наранбаатар У.Цогтбаяр Д.Түвшинтөр Х.Ганхуяг Кино шүүмж Mungun “Баян Боол” нь төлөвшлийн доголдолтой хүүдээ “ухаан суулгах”-аар нэгэн олигарх бүтэн кино баг ажиллуулж, түүнийг хуучны цагт очсон мэт жүжиг тавьж буй талаар инээдмийн кино юм. Продюсерынх нь хэлснээр тус киног Оросын #Холоп // #SonofaRich (2019. Найруулагч Клим Шипенко)-ийн зохиолын албан ёсны эрхтэйгээр дахин бүтээжээ (remake). Орос эх хувилбар “Son of a Rich”-г үзэхэд надад ★★★☆☆ (3/5) санагдав. Уур амьсгал хөнгөн, жүжиглэлтүүд зовлонгүй, үйл явдлын хэмнэл түргэн, камерын шилжилтүүд муугүй бүтээлч. Харин үйл явдалд сонирхол таавар үүсгэх нууц үгүй, гол дүр харь орчиндоо “зовж” хувирч байгаа нь төдийлөн мэдрэгддэггүй, хайрын үйл явдал эргэлзээ “даац”-гүй яаравчилсан нь миний хувьд сонирхлыг бууруулсан. “Баян Боол”-ийн өрнөлд хүч хэмнэл үгүй, урагшилдаггүй зуурмаг кино болжээ. Шалтгааныг бодвол тэргүүн хүчин зүйлийн нэг нь хэт их тайлбар яриа (exposition) болтой. Уран бүтээлчид үзэгчдийн сэтгэн бодох чадварыг чамласнаас дүрүүд дэлгэцэд нэгэнтээ харагдаж буй тодорхой зүйлсийг FM-ийн реклам шиг дүрслэн тоочиж тайлбарлана. Эдгээр яриа нь зүгээр ч олон үгтэй биш - басхүү мэдээллийн багтаамж муутай, аахар шаахар ганц нэг санаагаа хэт олон үгээр илэрхийлэх нь тэвчээрийг бармаар. Харилцан яриа нь ийнхүү “үгийн инфляци”-д өртсөнөөр сценүүд ч нэлэнхүйдээ сунжруу аж. Цаашлаад сценүүд нь дүрүүдээ төдийлөн хөгжүүлж өргөжүүлдэггүй, нийт үйл явдалдаа асуулт таавар өдөөдөггүй, хамаарал логикгүй илүүц илэрхийлэмжээр хавагнах тул “5 минутын өмнө ойлгоцышдээ, дараагийн юмаа түргэн plz 😴😴😴” хэмээн бодож, утсаа ухан уйдаж суусан үе олон тохиов. “Баян Боол” нь олигарх хүүгээ хүмүүжүүлэх шийдэл хайх, хүү шинэ орчинтойгоо танилцах, хүү сорилтууддаа ялах/бүтэлгүйтэх, кино багийнхан пактлах/авхаалж самбаа гаргах гэх мэт хэн ч түүртэмгүй хялбархан явдалтай. Гэвч найруулга болхи байснаас сценүүд хэт их тайлбар яриатай, удаашрал сааталтай, басхүү урсан уялдах логик дараалалгүй сценүүдээр сунжирчээ. Киноны 1/3 хавьд очоод “бууж өгч”, үлдсэн хугацаанд утасныхаа цэнэгийг дуусгахад хүрсэн миний удаах шалгаан нь “Баян Боол”-д ямар нэгэн нууц, “Дараа нь яах бол?” гэсэн асуулт догдлол, эргэлзээ түгшүүргүй байдал байв. Яагаад гэвэл олигарх аав бүх асуудлыг дансаараа давчихна. Баян хүү шийдчихсэн чөтгөр биш. Урьдчилан бэлдсэн асуудлуудыг хүү давсангүй гээд түүний амь нас, аюулгүй байдалд хэзээ ч эрсдэл учрахгүй. Уургалагдан татагдах охидын нэг нь амжилтгүй ч дараагийн запас сонголт үргэлж гарт ойр… Цаашлаад, залуу хөмөрсөн тогооны боолын оршихуйгаасаа гарахаар тэмүүлэхгүй, “нийгэм”-ийнхээ хууль жаягийг эвдэхээр тэмцэхгүй тул кино багийнхантай сценүүд хэзээ ч сонирхолтой асуудал сорилттой тулгарахгүй, гагцхүү өөрсдийнхөө л зохион байгуулалтгүй, сахилга батгүй, арчаагүй заваан байдлаас үүдэх тулга тойрсон явдалд орооцолдох нь алдагдсан боломж мэт. “Албан ёсны эрх”-тэйгээр зохиол авахад хэр их эвдэн “тоглож” болдгийг мэдэхгүй ч үзэгчийн суудлаас киног харахад түүний нууц түгшүүргүй энэ байдал нь сэтгэл ханамжийг устгажээ. “Баян Боол”-ийн удаанаас удаан хэмнэл, “FM-н реклам” түвшний харилцан яриа, наана цаанаа орж холилдсон мэт дүр үйл явдалтайгаа эс авцалдах илүүц сценүүд, тайзны хошин шогийн маягийн зарим чарлаа жүжилт нь түүнийг үзэхэд туйлдам болгожээ. Хамгийн харамсалтай нь, “Баян Боол” инээдмийг киног дараа TV-ээр гарч таарахад “Давтан харахад энэ хэсэг нь ёстой хөгжилтэй шүү” гэж дурсмаар, хүлээмээр ганц сценийг ч би нэрлэж үл чадна. ЦөөнҮгээр Уйдаж туйлдам кино. Машшш удаан хэмнэл. Залхмаар харилцан яриа. Учир утгагүй сценүүд. #ЮуӨөр байсан бол өнөөдрийн кино илүү таалагдах байсан бэ: ХАРИЛЦАН ЯРИА Тайзны жүжиг маягийн сүржин даржин стильтэй хэрнээ хэлэх дорвитой санаагүй, даацгүй, олон илүү үгтэй харилцан яриа нь дүрүүдийг үнэмшилгүй, хийсвэр бас хэт хэлбэрдсэн санагдуулав. Ярианы мэдээллийн багтаамжийг нэмэгдүүлэх, эс бол илүүц олон үг өгүүлбэрийг танах хэрэгтэй мэт. ИЛҮҮЦ БАС СУНЖРУУ СЦЕНҮҮД Сценүүд логик гинжин холбоо, урсацгүй тул залуу болоод байгаа, зовоод байгаа, сураад байгаа, ухраад байгаа нь киноны турш ойлгомжгүй. Эвлүүлгийг дахин хийж, яг ямар санаа илэрхийлэх гээд байгаагаа нарийн тодорхойлж, сценүүдийг танаж, заримыг нь тэр чигээр нь хасвал үр дүнтэй болов уу. НУУЦ/ДОГДЛОЛ/ТҮГШҮҮР Зөвшөөрөл авсан зохиолыг хэр их “эвдэж” болдгийг мэдэхгүй юм. Гэвч кино багтай холбоотой сунжруу сценүүд “Баян Боол”-д байж болох байсан бүх л догдлол, нууц, түгшүүрийг үгүй хийж, киногоо “алсан”. МөнгөЦагааБуцаажАвмаар байна уу? Урилгаар үзсэн. Гэхдээ цагтаа харамссан.",[],87.17165669,1ц 27м
2424,Зура 2: Цурам ажиллагаа,Кино,,2022,13+,,6.6,Б.Тамир,Б.Тамир,"Б.Тамир Ж.Алтаншагай Дүр Y.Loeng Б.Барслхагва Б.Ганчулуун Э.Одбаяр Ш.Доржсүрэн Г.Баярхүү С.Болд-Эрдэнэ Д.Хосбаяр С.Ариунбямба Х.Отгонтунгалаг Ц.Номин Кино шүүмж Mungun “Зура 2: Цурам ажиллагаа” нь Монгол дахь улс төрийн нөлөөллөө тэлэхээр оролдож буй Хятадын тагнуулынхантай тэмцэж буй Монголын тагнуулынхны талаар action триллер кино бөгөөд 2020 оны “Зура” кинотой нэг ертөнцөд өрнөнө. “Зура 1”-ийг тухайн үед нь үзсэн боловч агуулгынх нь 99% өдгөө мартсан үзэгчийн хувьд “Зура 2” нь шинэ дүр үйл явдал бүхий бие даасан үйл явдалтай нь таалагдав. 1960-аад оны Зөвлөлт-Хятадын хуваагдлаас (~1960-1990 Sino-Soviet split) үүдэлтэйгээр Хятад иргэдийг Монголоос албадан буцаах үест тэр үеийн манай тагнуулынхан (НАХЯам) Хятадын тагнуулынхныг ангуучлах ажиллагаа одоо үед ч үргэлжилж байгаа талаар кино өгүүлдэг. Өнөөдрийн киноны өгүүлж буйгаар Монголчууд гэнэтхэн Хятадуудыг гаргахаар болж, Орос дарга нартаа “Манай хэрэгт битгий оролцоод бай” гээд бараг загнасан бөгөөд бид өөрсдийн сайнд гэхээсээ их гүрнүүдийн эрх ашгаар энэ бүх үйл хэрэг эхэлсэн гэдгийг кино эвтэйхэн ""мартжээ"". Фантастик продакшн-ийн кинонуудыг эргэн санахад түүхэн явдлыг урвуулсан гуйвуулсан гэх үү, эсвэл түүнийг үзэгчдэд сонирхолтой болгохоор өөрчилсөн гэх үү “эвтэйхэн марталт”-ууд ажиглагдаад байдаг гэмтэй. “Зура 2”-оос Монгол болон Хятадын тагнуулын байгууллагын талаар зарим ойлголтыг авлаа. Хэрвээ Монголын тагнуулынхан энэ кинонд үзүүлж байгаа шиг цэцэрлэгийн хүүхдээс давахгүй сахилга бат, бага ангийн урлагийн үзлэгт ч гологдох зохион байгуулалт, тархиараа биш нударгаараа асуудалд ханддаг онцлогтой өсвөр насны хөвгүүдийн сэтгэлгээгээр ажилладаг бол Монголчууд бид нэгэнт дүүрчээ. Тэгвэл нөгөө талдаа Хятадын тагнуулынхан Америк, Япон, Солонгос, Тайванийн цэрэг улс төрийн #1 асуудал болсон арга мэхтэй, ухаалаг бас хүчтэй мэргэжилтнүүд биш - энэ кинонд үзүүлсэнчлэн манайхандаа таарсан паянтай тааршуудайнууд байдаг юм бол Монгол хүн та эх орныхоо тусгаар тогтнолд сэтгэл чилээх хэрэггүй юм байна. Америк, Солонгосын тагнуултай шилдэг action кинонуудыг үзэж дадсан Монголын орчин үеийн үзэгчдийн хувьд “Зура 2” нь 2022 оны биш 1982 оны кино мэт санагдах болов уу. Манай уран бүтээлчид бууг тоглоом гэж хардаг, улс төрийн маневр мэхийг хэдэн “баагий” буудалцаан зодооноор дийлчихдэг, хүмүүс “Эх орны төлөө” эсвэл “Мөнгөний төлөө” гэсэн хар цагаан хоёрхон талд хуваагддаг гэж боддог яг л хэвээрээ. Товчхондоо “Зура 2: Цурам ажиллагаа”-ний тагнуулуудын дайны өгүүлэмж, дүр үйл явдал нь туйлын гэнэн, машид сунжруу, хэт хуучинсаг бас давчидмаар ядмаг ажээ. Цаашлаад, гадаад дотоод тагнуулын он удаан жилийн нарийн ньюанстай, зөөлөн хатуу хүчний арга эвийг тэнцүүлсэн, олон хүн амьдрал, нулимс, цус, золиосоо гарган хийдэг ажлыг “Зура 2: Цурам ажиллагаа” газарт булшилжээ. Энэ киноны тагнуулууд хэдэн газарт чагнах төхөөрөмж байршуулахаар мунгинах “алиалагчийн үзүүлбэр”, хаа дуртай газраа буудалцах “сахилгагүй сармагчин”, мөрдөж буй хүмүүсээ хаана хэнтэй юу хийж явааг ч мэдэхгүй “хоолны сав” царайлахыг харах нь үзэгчийн хувьд оюун ухаанаа доромжлуулах мэт, ТЕГ-ийн өмнөөс гомдож гол харлам мэт санагдана. Ажил хэрэгч охид ч оффисын “краш”-аа мөрдөхдөө энэнээс дээр “тагнуулддаг” байх. Улмаар “Зура 2”-ийн “тагнуулын ажиллагаа” гэх хошин үзүүлбэр, буу агссан күүл ах нар, “ЭХ ОРОН минуу хөө зээ хөө”, “Гитдууд бүгд дайсан” гэх мэт Фантастик Продакшн-ийн уламжлалт үзэгдлүүд дундаас “дайсан”-аа дарах ухаалаг шийдэл огтхон ч гарсангүй. Киноны баатрууд дайсныхаа хүчийг урвуулах, Монголын улс төрийн тогтолцоо, нийгмийн институтийн онцлогийг өөрийн давуу талаа болгох талаар ямар ч запас арга зальгүй бөгөөд асуудал бүрийн шийдэл нь буутайгаа дайрч ороод зодолдох нь “амтгүй”, урамгүй, бас “мангар” байв. Нийгэмд тохиолдож буй асуудлыг нийгмийн тогтолцоогоо сайжруулах адармаатай замаар бус хэдэн сайн дурын уран сайханч хүчээр шийдэхийг (vigilantism) зөвтгөх явдал Фантастик-ийн кинонд цөөн биш. Эдгээр уран бүтээлчдийн оролцоотой 2020 оны “Буруу Өрөг” (Гэмт хэрэг. Найруулагч О.Бат-Өлзий) кино ч Монгол хүн бүрийг хэн дуртай нь ирээд хэрэгт гүтгэн хөнөөхөөс хамгаалж буй цаазын ялыг үгүйсгэсэн агуулгатай байсан нь адил сэтгэгдлийг төрүүлсэн санагдана. Гэвч Монголчууд бид энэ зам сайнд хүргэдгүйг эртнээс ухаарч, зөв санаатай ч “Буруу замаар будаа тээвэл буцахдаа шороо тээнэ” гэдгийг захиж ирсэн билээ. Киноны агуулгад шүүмжлэлтэй санагдам бодол дийлэнх боловч “Зура 2”-т таалагдсан зүйлс мөн бий. Гол дүрийн “баатрууд”-тайгаа харьцуулахад сөрөг дүрүүд, тэр дундаа Хятадын тагнуулынхан үзэхэд сонирхолтой байв. Жүжигчин С.Ариунбямба-д хэтрүүлэн жүжиглэсэн хэсэг цөөнгүй ч тэрээр нийт дүндээ сэтгэл хөдөлгөм дүр байсан бол “дайсны дарга”-ийн дүрийг бүтээсэн жүжигчин Steve Yap оролцсон сцен бүрдээ дэлгэцийг эзэмдэж, “дээд лиг”-ийн жүжиглэлт ямар байдгийг Монгол кинонд үлгэрлэж, “Зура 2” киноны чанарыг ганцаараа үүрч өргөсөн гэхэд хилсдэхгүй. Мөн киноны Монгол дүрүүдийн нэг “Өөрсдийнхөө амьдралыг харж байна уу. Бид Монголын төлөө гэж яг юуны төлөө зүтгээд байгаа юм бэ” хэмээн цаг үеээ олсон чухал асуултыг дэвшүүлсэн. Харамсалтай нь “Зура 2”-т ухаан дутсан явдал энд ч үргэлжилж, киноныхоо амин сүнс байсан энэ асуултад хариулт ололгүй бантаж “Эх орон л бол эх орон” гэсэншүү юм ярьсан нь алдагдсан боломж байлаа. “Зура 2: Цурам ажиллагаа” 2 цаг 30 минут орчмын урттай байсан нь ухаалаг тагнуулын ажиллагаагүй, сонирхолтой action-гүй, сэтгэл татам “баатрууд”-гүй киноны хувьд томоохон алдаа болжээ. Үйл явдлын жанжин шугамд ямар ч хүч нөлөөгүй илүүц олон дүр, тэднийг дагалдах сценийг цөөлж, гол дүрийн өрсөлдөгч тагнуулуудын уналт-өсөлт, өсөлт-уналт-д үйл явдал илүүтэй төвлөрсөн бол “Зура 2” кино “таргалалт”-гүй байхсан болов уу. Дүгнэж хэлэхэд “Зура 2” нь орчин үеийн Монгол үзэгчдийн хүсч хүлээж буй “ухаалаг” тагнуулын кино байж чадсангүй. Сөрөг дүрүүдийн гүйцэтгэл киногоо өргөсөн онцгой сайн үзүүлэлт байсан боловч өөр улс үндэстнийг тэр чигт нь дайсан хэмээх үзэл хандлага (xenophobia), “эх орон л бол эх орон” гэх мэт үе нь өнгөрсөн хуучинсаг үзэл санаа, сунжруу үргэлжлэх хугацаа нь энэхүү киног санал болгох боломжгүй болгожээ. Цөөн үгээр “Фантастик стиль”-ийн нөгөө л киноны нэг. Тагнуулын талаар мөртлөө “ухаалаг” биш. Үйл явдал маш сунжруу. Юу өөр байсан бол өнөөдрийн кино илүү таалагдах байсан бэ: ҮРГЭЛЖЛЭХ ХУГАЦААГ ТАНАХ Гол дүрүүдээ хэн гэдгийг ойлгоогүй, хөл доороо эргэх явдал олон байв. Илүүц дүр, киноныхоо уур амьсгалтай авцалдахгүй сцен, өмнөх кинотойгоо холбож байгаа нь энэ гээд бүх хүний мартсан нэгдүгээр киноруугаа холбосон зүйлс нь цагийн гарз байв. ШИНИЙГ ЭРЭЛХИЙЛЭХ Үзэгчийн хувьд постерт царай нь орохоос цаашгүй, сэтгэл хөдөлгөдөггүй нэг хэмжээст дүр, өмнө нь өөр кинонд илүү мундаг гүйцэтгэлтэй харсан action болон үйл явдлын эргэлтийг чанар доройгоор давтан харах нь хамгийн уйтгартай байдаг. ХҮЧЭЭР БИШ УХААНААР Хэдий “зөв санаатай” байсан ч хүч, хүчирхийллээр асуудлыг шийдэхийг сурталчлан уриалах нь киноны “баатрууд”-ийг сонирхолтой бодол санаагүй, арга зальгүй “махан толгойт” зэрлэгүүд болгожээ. Мөнгө/Цагаа буцааж авмаар байна уу? Ерөнхийдөө тийм. Steve Yap-ийг Монгол кинонд үзэж “хичээл заах”-ыг харахаас бусдаар үзэхгүй өнгөрлөө гээд юунаас ч хоцрохгүй. 2024-05-28 15:40:56 Дэлгэрэнгүй",Ред пойнт медиа,87.17165669,1ц 27м
2425,Монгол,Кино,,2023,13+,,9.2,Б.Амарсайхан,Б.Амарсайхан,"Б.Амарсайхан, Т.Солонго-Уянга, Ч.Найдандорж, З.Жарантив, Л.Энхбаяр, Э.Батнямбуу, Б.Наранбаатар, Жүжигчид Б.Амарсайхан З.Жарантив Т.Солонго-Уянга Л.Энхбаяр Ч.Найдандорж Э.Батнямбуу Б.Наранбаатар Кино шүүмж Mungun “50 минутаар танасан болоосой” “Монгол” нь ноёндоо хаягдсан нэгэн хиа өшөөгөө авахаар Монгол дахь Манжийн засагтай тэмцэж буй талаар түүхэн цаг үед өрнөх action кино юм. Товчхондоо, “Монгол” нь Монголдоо боломжийн кино болжээ. Манай “том” продакшнууд болох Фантастик-ийн “күүл атаман ах нар”, U Film-ийн “girl boss”, Хувьсал-ийн “зовлонт эмэгтэй”, UBS-ийн “нүүдэлчдийн уянга” гэх мэт брэнд жанрын кинонууд OK санагддаг бол “Монгол”-ийг үзээд “под хийчих” байх. “Монгол”-н ерөнхий хийц чанар (production value/quality) харьцангуй өндөр, жүжигчид сонголт (casting) онохгүйгээсээ оносон нь их, зураг авалтын ажилбар (cinematography)-т бишгүй хөдөлмөр шингэсэн, компьютер график (CGI)-ийг нялалгүй тунг нь тааруулж, дуу шумээ ядаж зориулалтын микрофоноор бичжээ - гэх мэтчилэн энэ киноны үзэгдэж сонсогдох техникийн шинжид сайшаах зүйл цөөнгүй. Гэхдээ нэг бодлын “нүд чихийг гутаахгүй байх” гэдэг нь ямар ч киноны хангах ёстой хамгийн наад захын энгийн шалгуур бөгөөд минимум үүргээ биелүүлэх нь манай киночдын хувьд л ховор үзэгдэл болохоос бус энэ нь өөрөө ертөнцийн гайхалтай үзэгдэл, супер амжилт биш билээ. Тэгвэл “Би 150+ минут; ~15 мянган төгрөгтөө максимум кайф өгөх киног хайж байна?” гэх асуултад “Монгол” миний хувьд сэтгэл дүүрэн санал болгохуйц хангалттай хариулт биш байв. Өөрөөр хэлбэл, “Монгол” нь “жаран чавганц”-ийн уралдаан болсон “Монгол кино дундаа л боломжийн” болохоос “ер нь боломжийн” гэж хэлэхэд зарим түлхүүр чанар дутжээ. “Монгол”-ийн маш том асуудал нь киног уртаас урт 2,5+ цаг болгож сунжруулсан, дүр үйл явдалдаа онцын үр нөлөө (impact)-гүй мөртлөө “хэзээ хангалттай”-аа мэддэггүй илүүц үйл явдлууд байв. Найруулагч Б.Амарсайхан-ийн өмнөх кино #ЭргэжИрэхгүйНамар (2022) нь тэр чигтээ дүрүүдийн дотоод сэтгэлд өрнөснөөс ил харагдах гадаргуун үйл явдалгүй уйдааж “мөлгөр”-тсөн. Тэгвэл удаах кино нь өмнөхийнхөө алдааг давтахгүй гэсэндээ нөгөө талруугаа хэт хэлбийчихсэн юм шиг. Wikipedia-ийн кино товчлол (synopsis) мэт олон угсраа үйл явдлыг бид үзэх боловч театраас гараад сэтгэлд тогтож, бодолд дурсагддаг “наалдац”-тай явдал цөөн санагдана. Үзэгчид бид 90 минутын бүрэн хэмжээний кино бүү хэл 15 секундын IG story, TikTok-д дундаас нь уйддаг болсон 2023 онд Холливудын аваргууд ч төрөл бүрийн судалгааг харьцуулж, хоёр цагаас хэтэрсэн кино хийхдээ эргэлзэж байна. Тэгвэл Монголд 150+ минут давсан кино хийнэ гэдэг өнөөгийн үзэгчдийн эрэлтээс тэрслүүд, “бүдүүн зориг” шиг санагдав. Уйдамхай хямсгар над шиг үзэгчдийг ч 3+ цаг уяж дийлдэг жороолсон хэм хэмнэл сэмбэгэр бүтээлүүд байдаг боловч “Монгол”-ийн хувьд үйл явдал нь илүүдэж залхаах талруугаа болжээ. Бодол сэтгэлд урт удаан хоногшдог өгүүлэмж түүхүүд (story)-ийг дурсахад кинонд “их үйл явдал” биш, харин цөөн ч хамаагүй үйл явдал нь “их чухал” байх (emotional resonance) нь гол түлхүүр юм шиг миний хувьд санагддаг. Тэгвэл “Монгол”-ийг сунжруулахаас цаашгүй, нийт дүр үйл явдалдаа ямар ч үлдэц нөлөөгүй сцений жишээгээр киноны эхэнд байх уурхайн орголтыг дурдмаар байна. Техникийн гүйцэтгэл яахвээ OK боловч орголтын төлөвлөгөө нь өөрөө өөрийнхөө логикийг эвдсэн мангардуухан. Гэвч хамгийн ноцтой нь уртаас урт энэ сценыг үзээд бид гол баатрыг шинэ өнцгөөс харахгүй, түүний дотор өөр хүсэл сэдэл бадрахгүй, Манжийн засгийн бодлогын тухай нэмэлт зүйл мэдэхгүй, эндэх явдал хожмын адал явдалтай ч нийлж холбогдохгүй. Хамгийн адаглаад гол баатрын хачир болсон хоорондоо ялгардаггүй шилийн сайн эрчүүдийг энэхүү орголтоор дамжуулан хөгжүүлж (character development) таниулсан бол үлдсэн хугацаанд тэдний золиос болон амь нас илүү утга учиртай, үнэ цэнтэй болох байв. Энэ мэтчилэн “дүр үйл явдалдаа уялдуулан ашиглахгүй юм бол тэр чигээр нь хасах цэвэрхэн байждээ” гэмээр тохиолдол “Монгол”-ийн бусад сцен, нэн ялангуяа төгсгөлд хүчтэй мэдрэгдэв. Дүрүүдийн талаар жаахан бодохнээ, “Монгол”-ийн “баатар” маань жаахан олиггүй нөхөр байжээ... Тэр биеэрээ л хохироогүйсэн бол бурангуй төрийн үггүй “цүнх баригч” хэвээр авлигалд автсан ноёныхоо зарлиг бүрийг дагаж, өрөнд өтөж өлссөн олны дунд шагнагдсан шавхруундаа ганцаараа цадаж, бие нь л болж байвал хэзээ ч юуг ч өөрчлөх талаар бодохгүй байсан амиа нэгэн. Түүнд тохиолдсон зүйл өөрийг нь цүнх баригч байхад эргэн тойрны нь бусад хүмүүст учирч байсныг үзэгчид бид анзаарсан тул “баатар эр”-ийн маань “шударга ёс”-ны төлөөх тэмцлийн мотиваци нь жинхэнэ шударга ёсны төлөөх эрэл биш, ердөө л “өөрөө хохирохгүй аргалаад болж байсан” амьдралыг нь бусниулсан хүмүүсээс өшөө авах хувийн хор гэлтэй хоосон санагдана. Гол дүрийн ийнхүү өөрийн ухамсар толгойгүй, туйлын мөн чанар (core value)-гүй, учир шалтгаангүй байдал киноны бусад дүр, нөхцөл байдлуудад ч их бага хэмжээгээр илэрчээ. Хос хоёр “бид нэгэндээ хайртай” гэхээс бус биеийнхээ ямар шинжид яагаад энэ олон жил татагдсаар байгааг батлах жишээ үл үзэгдэх; өмнө нь шилийн сайн эрчүүд яагаад байхгүй байж байгаад одоо юу өөр болж шилийн сайн эрчүүд гарч ирэх; Халх-Манж-ийн хүчний харилцаа ямар, хэн нь яг юу хийж чадах/чадахгүй; Сүржин даржин ноёдын холбоо яагаад алгын чинээ нутгийн гарын таван хуруу хүрэхгүй малын хулгайчийг няцалчхаж чадахгүй байгаа; гол дүрийн баатар бусдаас юугаараа яаж илүү болоод хүний онодоггүй буугаар мэргэн байлж, сэлэм жадтанг нүцгэн шахам нударгаараа азаргалж дийлээд байна вэ гэх мэт олон асуулт, үнэмшил (suspension of disbelief) эвдрэл тохиож байв. “Монгол” Монголдоо дажгүй кино. Манжууд гардаг бүх киноны хэвшмэл элементүүд (genre trope) болох худалдагдсан Монгол ноёд, тооцоотой Хятад данжаад, харгис Манжийн амбан, гэнэн цайлган ядуу ард, эх эцгийн сэтгэл, баян хүний аз жаргалгүй эхнэр, “супер-нударгатай бакь ах” гэх мэт нь тоо ёсоороо гарах боловч энэ удаад “дотоодын кино дундаа арай сайн” хийц чанартай бүтээснээрээ онцлог болжээ. Гэвч “Монгол ялна, Монгол-биш-үүд сөнөтүгэй” жанрын кино бүтээж буй уран бүтээлчдийн хариулах бяд хүрэхгүй байгаа мөнхийн асуулт “Монгол” кинонд ч үргэлжилсээр. “Монгол хүн ямар байвал тусгаар тогтнол, эрх чөлөөгөө хадгалж хамгаалах вэ?” асуултын хариулт хэт энгийн, хар цагаан, гэнэн хэвээр байна. “Хүмүүст хөрөнгө тараагаад, Монгол-биш чүүлийг зодоод буудаад байвал яг яллаа” гэх соёл, засаглал, нийгэм эдийн засгийн ньюансгүй улиг болсон харанхуй үзлийг бид хэзээ болтол Манж/Хятад-тай киноноос үзсээр байх вэ? ЦөөнҮгээр Монголын “блокбастер”-уудад сэтгэл ханадаг бол OK. Өнгөцхөн дүрүүдийг оновчтой жүжигчид сонголт өнгөлөх боловч 2.5 цаг хэт сунжруу байв. Киноны утга санаа шинэ зүйлгүй, нөгөө л Манж/Хятад-тай тэмцдэг өгүүлэмж. #ЮуӨөр байсан бол өнөөдрийн кино илүү таалагдах байсан бэ: ҮРГЭЛЖЛЭХ ХУГАЦАА 2.5 цаг хэт урт байна. Киног 90-120 минутад багтаатлаа эвлүүлгийг дахин бодох эсвэл сценүүдийг дүрүүдээ хөгжүүлэх, үйл явдлаа урагшлуулах, дараа нь чухал сэдэл сэжүүртэй холбох хэд хэдэн давхар үүрэг (layer)-тэй, мэдээллийн багтаамж өндөртэй болгох шаардлагатай. Киноны төгсгөлийн тулааныг тэр чигээр огтлоод хаячихмаар. УЧИРТАЙ ДҮРҮҮД Туслах дүрүүдэд зарцуулах цаг байсангүй гэж ойлгоод нүдээ аниад өнгөрөхөд, гол дүрүүд өнгөцхөн баймааргүй байна. Гол дүрийн баатар “цүнх баригч”-аасаа “шилийн сайн эр” болж буй хувирал нь үзэл санаа, мөн чанарын хангалттай оршилгүй, хэт автомат санагдах. МАНЖИЙН ШИЙДЭЛ “Манжийнхан bad, Монголынхон good” хар-цагаан өгүүлэмж 2023 онд хэт энгийн байна. Хэн хэнийх нь ололттой бөгөөд учир дутагдалтай тал, нэг ард түмэн нөгөө ард түмнийхээ эрхшээлд ороход нөлөөлдөг нийгэм соёл, улс төр, эдийн засгийн асуудлуудад цэцэрлэгийн хүүхдийн “диш диш диш пан пан пан” биш бүтээлч гаргалгаа шийдэл эрэлхийлэхийг зохиолч найруулагчдаас хүсч байна. МөнгөЦагааБуцаажАвмаар байна уу? Нээлтийн урилга авсан. Үзсэн цагтаа учиргүй харамсаагүй ч сэтгэл дүүрэн санал болгох хэмжээнд таалагдаагүй. Монгол (2023) – ★★☆☆☆ (2.5/5) + Production design + Зураг авалтын зарим бүтээлч ажилбар + Эрэгтэй дүрүүдийн жүжиглэлт (жүжигчин Б.Амарсайхан, Э.Батнямбуу) + Улиг болсон жүжигчин цөөн, харьцангуй шинэлэг жүжигчид сонголт (casting) + Жижиг дүрүүдийн жүжиглэлт ерөнхийдөө чанартай + Боломжийн CGI - Маш урт үргэлжлэх хугацаа (2,5+ цаг) - Хэт супер хүчтэй гол дүр - Хасвал кино сайжрах, илүүц санагдах сценүүд - Манжтай кино бүхэнд байх хэвшмэл үзэгдлүүд (trope-y) - Эмэгтэй туслах дүрийн харилцан ярианы гүйцэтгэл (line delivery) - Харилцан яриа заримдаа ялгагдаж сонсогддоггүй дуун түвшин - Хэт их давтамжтай хөгжим (дууны найруулга) - Хөгжүүлэлт дутмаг туслах дүрүүд - Киногоо доош нь татах “арай л арай” төгсгөл - Толгойгоо ашигладаггүй, “байлдаадайвал яллаа” өгүүлэмж 2024-06-06 16:57:32 Дэлгэрэнгүй",[],87.17165669,1ц 27м
2426,Гэсэн ч би хайртай,Кино,Хайраасаа би бүхнийг нууна,2023,ЭЭХ,,6,Ө.Мөнх-Эрдэнэ,Д.Хүрэлхүү Ө.Мөнх-Эрдэнэ,"Д.Уламбаяр, Э.Ууганбаяр, У.Хүслэн, Б.Ариунчимэг, Х.Намуун, Ш.Жавхлан, Жүжигчид Д.Уламбаяр Б.Ариунчимэг Ө.Мөнх-Эрдэнэ Д.Хүрэлхүү Э.Ууганбаяр Х.Намуун У.Хүслэн Ш.Жавхлан",[],87.17165669,1ц 27м
2427,Хүй,Кино,,2023,13+,,6.7,,,"Н.Бадмаа, Н.Идэр, Н.Нахиа,",Лотус Пикчерс Хаанаас үзэх вэ?,87.17165669,1ц 27м
2428,Сэр сэр салхи,Кино,,2023,ЭЭХ,,6.6,П.Лхагвадулам,П.Лхагвадулам,"А.Номин-Эрдэнэ, М.Аззаяа, Ч.Булган,",[],87.17165669,1ц 27м
2429,Сүйт бүсгүй,Кино,,2023,13+,,6.8,С.Батмөнх,,"Б.Энхжаргал Г.Ундармаа С.Батмөнх П.Эрдэнэзаан А.Туяа О.Дөлгөөн Б.Батмаа Кино шүүмж Mungun “Сүйт Бүсгүй” нь Single Ladies франчайзын 5 дахь кино бөгөөд шинэ төсөл ахалж буй удирдах түвшний 40/50 настай нэгэн бүсгүй байгууллагынхаа захиралтай үерхсэнээр ажил мэргэжлийн болоод хувийн амьдралдаа олон шинэ асуудалтай тулгарч буй талаар романтик инээдмийн кино юм. Юуны түрүүнд баярт мэдээ дуулгахад цаг хугацаагаар аялуулсан зураг авалтын ажилбар нь супер байсан ч “Single Ladies” франчайзынхаа “инээдмийн хөгжилтэй” уур амьсгалыг умартаж уйтгарлуулсан 4-р ангитайгаа харьцуулахад “Сүйт Бүсгүй” нь цувралаа эргээд “инээдмийн” жанрт хөтөлжээ. Single Ladies-ийн 1, 2-дугаар ангийг амжилттай болгосон гол хүчин зүйл болох үерхэл хайрын бодит асуудлыг найз охид хоорондын мааз, хөгжилтэй хөнгөн “мангартал”, нэгнээ цаашлуулан “явуулах” илэрхийлэмж үзэгдэл энэхүү 5-р ангид бага боловч эргэн ирсэн нь “Сүйт Бүсгүй”-н амтлаг моментууд байв. Харамсалтай нь “Сүйт Бүсгүй”-н үндсэн агуулга буюу дүр, дүрүүдийн зөрчил, өрнөл үйл явдал, ахуй нөхцөлийн үнэмшил, нийлбэр утга санаа нь анхны Single Ladies (2013)-ээсээ төдийлөн хувьсан сайжирч, дэвшин орчин үежсэн зүйлгүй, харин ч хошин шогийнхны кино/контент мэт хоцрогдон ухарсан санагдав. Энэ удаад 10 жил, 4 кино дараалан гон бие, гозон толгой явсан “ахмад найз” Ариунсанаа (жүжигчин Г.Ундармаа) эцсийн эцэст нэг юм захирал (жүжигчин П.Эрдэнэзаан)-тайгаа үерхэж эхэлнэ. Ари-гийн дүр “Одоо л яг сайхан жаргах нь” гэтэл “Даргатайгаа явалдаж байгаа” харагдах түүнийг ажлынхан нь нүд үзүүрлэхийн зэрэгцээ, хижээл найз залуугийнх нь өөрөө ч мэдээгүй төрсөн охин нь эцгээ сураглан гадаадаас гэнэтхэн ирэх нь гол дүрийн бүсгүйг барьц алдуулдаг. Энэхүү өгөгдөл (story premise) нь эмэгтэй хүн ажлын байранд дотно харилцаа үүсгэхэд орчин тойрны хүмүүс хэрхэн яарч сөргөөр дүгнэдэг; “карьер хөөсөн” эмэгтэй гэр бүлийн амьдрал эсвэл ажлын зорилго тэмүүллийнхээ аль нэгийг заавал золиослох ёстой мэт нөхцөл байдалд ордог; ахмад насны хайр дурлалд “өмнөх амьдрал”-ийн хүчин зүйл хосуудын харилцаанд эерэг буюу сөргөөр хэрхэн нөлөөлдгийг харуулж болох хэд хэдэн сонирхолтой сэжүүр, хоорондоо харилцан үйлчлэлцэх салаа үйл явдлын потенциалтай байлаа. Өөрөөр хэлбэл, уран бүтээлчид толгойгоо ажиллуулан энэхүү консепцоо хөгжүүлж, Netflix-ийн K-drama маягийн 16 ангит цуврал хийсэн ч үйл явдал шавхагдах зовлонгүй байв. Харамсалтай нь “Сүйт Бүсгүй”-н зохиол найруулгад энэ “алт”-аа 16 анги хүргэх нь бүү хэл 2 цагийн ганц киног ч дүүргэчих уран бүтээлч эрэл хайгуул, төсөөлөл, ур чадвар байсангүй. “Single Ladies”-ийн дүрүүд бидний 10 жилийн өмнөөс хайрлан дэмжиж ирсэн бүсгүйчүүд байхаа больжээ. Эдгээр дүрүүд нэгэн цагт зөвхөн ганц бие бүсгүйчүүд гэлтгүй нийт залууст тулгардаг ажил амьдрал, сэтгэлзүйн төрөл бүрийн сорилт давааг үзэгчдийнхээ өмнөөс туулж, тэмцэх нь хайр татмаар байсан билээ. Тэгвэл бидний нэг, бидний “баатар” байсан бүсгүйчүүд өдгөө “Дэлхий ертөнцөөс тасарчихсан, юм ойлгодоггүй, мэдрэмжгүй, онцгүй ах эгч нар”-ийн төлөөлөл болчхож. 10 жилийн өмнө эгдүүтэй, инээдтэй, ойлгож болохуйц санагддаг асан тэдний ааш авир, үг яриа, хандлага хэлэмж нь одоо хоцрогдсон, бурангуй бас нүүр буруулж санаа зовмоор (cringe). Дүрүүдийн хоцрогдмол байдал нь тэднийг өнөөгийн нийгмийн асуудлуудын эсэргүүцэгчид биш харин ч бүр “үүсгэгчид” нь болсны хамгийн тод илрэл нь гол дүрийн ажлын байр, оффисын орчин байв. Ер нь Монголын корпорэйт байгууллагад ийм захирлууд, захирлууддаа таарсан тийм ажилтнууд хэр түгээмэл байдгийг мэдэхгүй юм. “Захирал” гэсний учир нь дэд захирал Ари маань ердийн хүн ашиг сонирхлын зөрчилд орсноо ухаарч, өөрийн болоод хайртай хүнийхээ нэр нүүрийг бодож сайн дураараа огцрох нөхцөлд оржээ. Гэвч Ари дэд захирал нь ерөнхий захиралтайгаа ажлын байран дээрээ хэмжээ баримжаагүй (lack of boundary) нялуурч, ажилчид нь тааламжгүй байдлаа илэрхийлэхэд “дэд захирлын найз” хэргэмтэй хамтран ажиллагч өндөр эмэгтэй (жүжигчин А.Туяа) болон “дэд захирлын найз” хэргэмтэй, компанитай ямар ч хамааралгүй гадны хүн (жүжигчин О.Дөлгөөн) оффисын ажилчидтай хэрүүл тэмцэл өдөөж хортой уур амьсгал (toxicity) бүрдүүлэх нь хамаатан садны ургийн баяр мэт ажилладаг хамгийн бүтэхгүй гэр бүлийн компанийг ч гайхан цочирдоход хүргэм. Ямар ч корпорэйт орчин, бизнесийн байгууллагад байх наад захын хэм хэмжээ, дэг жаяг, зохион байгуулалт, нэр нүүр, цаг нар, сахилга батыг манай “урлагийнхан” ойлгодоггүй болтой. Гэвч нөгөө талдаа “урлагийнхан” маань үүлнээсээ бууж, бизнесийн зарчмаар ажиллаж, хариуцлагын тогтолцоо, дэг жаяг, зохион байгуулалт, цаг нар, нэр нүүр, сахилга батыг ажил хэрэгчээр эрхэмлэдэгсэн бол Монгол кино өдгөө “сэхээнд залгаатай” байхгүйсэн бизээ. Ер нь энэ кинонд Single Ladies-ийн 3 бүсгүй яагаад найзууд вэ гэдгийг олж харах боломжгүй. Ари-ийн найзууд үгийг нь анхаарч сонсдог шигээ бурууг нь тас хийтэл шүүмжилдэг, тэнцвэртэй, эрүүл, цаг хугацааны явцад шалгарч үлддэг жинхэнэ “нөхөд” биш. Найзууд өмнөх 4 кинонд бүтээсэн хөгжүүлэлт, ньюанс бүхнээ гээж, Ари-ийн “цүнх баригч” мэт сохроор хамгаалан өмөөрөгч, цуглах бүрдээ хөлчүүрхдэг “архины найзууд” түвшинрүү живжээ. Цаашлаад Ари-д овоолсон нарийн ажиллагаа шаардлагатай “таваг дүүрэн” адал явдал, тэмцэл өөрчлөлтийг ньюанс кайфтайгаар уудлахад шаардлагатай дэлгэцийн цаг хугацаа (screentime)-г яагаад найруулагч зохиолчид “хумсалж”, захирал эр болон түүний уйтгартай нэг хэмжээст найзуудруу удаа дараа шилжсээр байсан нь ойлгомжгүй. Гэвч дээр дурдсан дүр бүхний дундаас хамгийн том “алдагдсан боломж” нь магадгүй киноны “эсрэг дүр” болох захирал эрийн охин (жүжигчин Б.Батмаа) болон менежер эмэгтэй (жүжигчин А.Гэрэлцэцэг)-н дүрүүд байв. Охины дүр нь нэг талаас төрсөн аав ээж хоёр нь магадгүй Ари-гаас болоод хэзээ ч эргэж нийлэхгүйтэй эвлэрэх, нөгөө талаас гаднаас ирсэн түүний нь нүдээр “Монгол аниа” нарын зарим мэдрэмжгүй үг үйлдлийг хөгжилтэйгөөр шүүмжлэн дүрслэх потенциалыг “Сүйт Бүсгүй”-н зохиолч найруулагчид хэзээ ч олж харсангүй. Энэхүү дүрийг дэндүү дутуу ашиглаж, үг үйлдэлд нь тодорхой зөвтгөл, учир шалтгаануудыг шигтгээгүйгээс залуу бүсгүйн дүр нь “Ари-г үзэн ядагч” хэмээх ньюансгүй, нэг хэмжээст сүг болжээ. Менежер эмэгтэйн дүр ч оффисын асуудлыг тал талаас нь харуулж болох байсан алдагдсан боломж, туршлагатай жүжигчний гарз байлаа. Охин талаар дэлгэрүүлэхэд тэр киноны хугацаанд гаргасан үг үйлдэл нь аавд нь болоод аавынх нь хайртай хүнд хэрхэн нөлөөлж буй үр нөлөө (consequence)-тэй хэзээ ч тулгараагүй бөгөөд үйл явдлын эцэст оюун бодлоо ховсдуулсан мэт гэнэтхэн “сайхан сэтгэлт” болчихсон цохиж явсан нь киноны хамгийн чухал түлхүүр дүр байж болох байсан түүнийг бүр ч “хэнд ч хэрэггүй цагийн гарз туслах дүр” мэт болгосон юм. “Сүйт Бүсгүй” нь утга уялдаагүй үйл явдал, үргэлжлэх хугацаагаа “хавагнуулсан” илүүц сценүүд, завсар зайгүй чих “нүдсэн” тун хэмжээгүй хөгжим, маруухан жүжиглэлт, кинондоо огтхон ч зохидоггүй action хэсэг гэх мэт олон асуудалтай. Гэвч 10 жилийн хугацаанд өмнөх Single Ladies кинонууд ч эдгээр бэрхшээлтэй байхад бид төдийлөн түвэгшээлгүй их бага хэмжээгээр хайрлан хүлээж авдаг байсан. Харин Single Ladies 5: Сүйт Бүсгүй-г өнөөдрийн бүтэлгүйтэл болгоход нөлөөлсөн хамгийн том алдаа нь зохиолч, найруулагч, уран бүтээлчдийн франчайзынхаа амжилтыг бий болгосон амин сүнс, мөн чанарыг ойлгоогүй, консепцоо 10 жилийн хугацаанд цаг үетэй нь зэрэгцүүлэн хувьсган хөгжүүлээгүй явдал юм. “Single Ladies” цуврал “насны намар”-таа ирж, орчин цагийн үзэгчдийг байлдан дагуулах шинэ санаагүй гэдгээ ийнхүү эргэлт буцалтгүй нотоллоо. Өнөөгийн залуус бүсгүйчүүдийн хайр дурлалын амьдралд тулгарч буй бодит асуудлуудыг үнэнээр нь мөртлөө хөгжилтэй өгүүлэх уран бүтээлч эрэл хайгуул дүүрэн, “цаг үетэйгээ”, эрч хүчтэй дараагийн уран бүтээлчдийн шинэ франчайз гарч ирэх орон зай бүрджээ. #ЦөөнҮгээр: “Single Ladies”-ийг “Хөөрхөн” гэж магтдаг эхнэртэйгээ үзээд “Энэ жилдээ Монгол кинонд дахиж битгий дагуулж яваарай” хэмээн эрхээ хасуулсан. ЮуӨөр байсан бол өнөөдрийн кино илүү таалагдах байсан бэ? АР ГЭРИЙН БОЛОН АЖИЛ АЛБАНЫ ТЭМЦЭЛ Кино нэг зүгрүүгээ “урсахгүй”, тал тал тийш хуваагдсан тармал байна. Ари-гийн ар гэрт болон ажил дээр тулгарч байгаа бүх асуудал түүний хайр дурлалын харилцаанаас улбаатай тул аль нэг “фронт”-д тулгарч байгаа явдал нөгөөдөө эерэг/сөргөөр нөлөөлөх байдлаар өрнөвөл киноны явдал илүү уялдаа холбоотой болохоор. ЭСРЭГ ДҮРҮҮДИЙГ ХӨГЖҮҮЛЭХ Охины дүр бол энэ киноны түлхүүр. Гэвч тэр дэлгэцэд гарах бүрдээ урвайж ярвайсан нэгэн байсан нь түүнийг дэндүү амархан үзэн ядмаар нэг хэмжээст уйтгар гуниг болгов. Ари-тай үүсээд байгаа зөрчлөө шийдвэрлэхээр ердийн хүний эрүүл ухаанаар хичээх, тэр нь амжилт олох/бүтэлгүйтэх, тэгээд эцэст нь том зөрчилд хүрэх, тэр нь аавд нь хэрхэн нөлөөлж байгааг харж ухааран гэмших зэргээр “дүрийн аялал” (character arc) тусгасан бол ердөө л “маягтай ааш муут” болж үрэгдсэн энэ дүр баялаг болох байв. Оффисын менежер эмэгтэйн дүрийн тухайд ч адил зүйлийг хэлж болох. “ҮҮРЭГ ОРОЛЦООТОЙ” НАЙЗУУД Ари-ийн хоёр найз согтуурах, зөв буруу шалтгаанаар хүмүүсрүү хашааны нохой мэт учир утгагүй хашхичихаас өөр ямар ч “ажилгүй” байсан нь гонсойлгом. “Өрх толгойлсон ээж” найз нь ээж-хүүхэд-ийн харилцааны ньюанс болон салж сарних гашуун гэдгийг, шинэхэн нөхөртэй залуухан найз нь хүнтэй хамт амьдрах, хайрлах хайрлуулахад хэн хэн нь буулт хийх хэрэгтэй, бардамналаа багасгах ёстой гэх мэт өнцгүүдийг оруулах, Ари-г сөрж зарим үед буруушаан эсэргүүцсэн бол тэр дүрүүдийг “амьдралтай”, франчайзынхаа хугацаанд өсөлттэй, кинондоо үүрэг оролцоотой болгох байв. МөнгөЦагааБуцаажАвмаар байна уу? Тийм. СүйтБүсгүй (2023) – ★☆☆☆☆ (1/5) + Франчайз инээдмийн жанрлуугаа эргэн ирсэн + Франчайзын хуучны зарим дүрүүд эргэн ирсэн - 5 киноны дараа ч сэтгэлзүйн (maturity) хувьд өсч хөгжихгүй, харин ч эргэж хагас галзуу болж хувирсан гол дүрүүд - Муу жүжиглэлт, дутуу хөгжүүлэлттэй түүхий дүрүүд - Бүтэц дараалал, урсгал уялдаагүй зохиол, үйл явдал, сцен - Байгууллагын соёл ямар байдаг, байгууллага хэрхэн ажилладаг талаар ойлголт 0 - Мэдрэмжгүй, байгаа онодоггүй хөгжмийн найруулга - Харилцаан дахь эрэгтэй, эмэгтэй хүний онцлог, үүргийн талаар ньюансгүй хэт энгийн дүрслэл - Завсарлага төгсгөлгүй хэтрүүлэн архидалт - Ямар ч үнэмшил, даац жингүй илүүдсэн action хэсэг (stunt) 2024-06-06 16:39:48 Дэлгэрэнгүй",U film,87.17165669,1ц 27м
2430,Хэрмэл жүжигчид,Кино,,2023,ЭЭХ,,6.5,Ц.Амартүвшин,Ц.Амартүвшин,Кино шүүмж,Ф студи,87.17165669,1ц 27м
2431,Нийслэл хүүхэн: Бал сар,Кино,,2023,Б,1ц 39м,2.8,Б.Жаргалсайхан,,"Ү.Баяржаргал Б.Жаргалсайхан Б.Мишээл А.Цэгмэд Р.Отгонбаяр М.Баярмагнай С.Өлзийхүү С.Лхагвасүрэн Ш.Алтанцэцэг Кино шүүмж Mungun “Нийслэл Хүүхэн 3” // “Нийслэл Хүүхэн: Бал Сар” нь хөдөөгийн нэгэн хот айлынхан галт тэргээр аялалд гарахдаа өөрсдийн “хөдөө зан” болон гэмт бүлгийнхний явуулгаас үүдэн элдвийн адал явдалд хутгалдаж буй талаар инээдмийн кино юм. Энэхүү кино нь видео сангийн “Нийслэл Хүүхэн” (2020-) цувралаас улбаалсан бүрэн хэмжээний кино бөгөөд олон ангит киноныхоо үргэлжлэл үйл явдлыг харуулдаг. “Нийслэл Хүүхэн” кино нь франчайзынхаа нэр алдрыг хэтрүүлэн тооцоолсон ойлгомжгүй бүрхэг эхлэлтэй. Монгол жаалуудаас хэдэн зуун мянган үзэлтийг цуглуулж байлдан дагуулдаг #МөнхТунх (2020-)-аас эхлээд хэдэн тэрбум ам.долларыг алга урвуулахын төдийд л “хэвлэдэг” дэлхийн хэмжээний мега-франчайз #Marvel-ийн сая сая үзэгчийн хүлээлтийг эзэмдсэн “Thor 4: Love and Thunder” (2022), сүүлд гарсан #Шрек-ийн муурын кино (#PussinBoots: The Last Wish, 2022)-ийн уран бүтээлчид ч “Хорвоо дэлхий уужим тул франчайзыг маань мэдэхгүй сонсоогүй үзэгчид бий” гээд шинэ киноныхоо өмнө өөрсдийн утга учир, өмнөх дүр үйл явдлыг тайлбарлан таниулдаг “оршил” хэсгийг оруулдаг билээ. Тэгвэл видео санд зориулсан “хошин шогийн контент” гэх ёроолгүй хар ангалдаа л оршдогоос бус театрт сураг сүүдэр нь нэгээхэн ч дуулдаж байгаагүй тус кино нь шинэ үзэгчдэдээ өөрийгөө танилцуулахаар хичээгээгүй нь нэгэд өмнөх цувралаа сурталчлах, хоёрт одоогийн үйл явдлаа ойлгуулах тал дээр бүтэлгүйтжээ. Ертөнцийн хамгийн сунжруу бөгөөд залхуутай машины хөөцөлдөөнөөр киногоо эхлэхийн оронд, “Бид чинь ийм учиртай юм, та бидэнтэй танилцаж тавтай морил” хэмээн үзэгчээ бага ч болов хүндэтгэж эхэлсэн бол доо... Ер нь үзэгчдээ юм мэдэхгүй харанхуй хэмээн үл хүндэтгэсэн, андуурсан, өөрснөө хол хоцрогдсон уран бүтээлчдийн нүдэн балай чихэн дүлий үзэл хандлагын “идээ бээр” нь “Нийслэл Хүүхэн”-ий нүх сүв бүрээс саган гоожих ажээ. Галт тэрэгтэйгээ хөмрөөд, дээрэмчдэдээ хядууллаа гээд ганцынх нь ч хойноос сэтгэл гансрамгүй хөндий хоосон хагас галзуу алиа салбадай дүрүүд, эрүүл бус солиот хүний шийдвэр гаргалтаас үүдэх мулгуу үр дагаврууд, хашхичаа хэрүүл гуагачааныг “харилцан яриа” гэх ноцтой андуурал - энэ бүхэн нь яагаад тэртээ олон жилийн өмнөөс хошин шог үзэхээ больж, тайзны хошин шогийн хийцлэлтэй “контент” гэхээс ч телевизээ цөм цохимоор болдгийг сэргээн санагдуулах ажээ. Гэхдээ “Нийслэл Хүүхэн”-нд нэгэн дэвшилтэт зүйл байсан нь уг киноны хэд хэдэн зэргэлдээ үйл явдал бүхий кино зохиолын шийдэл байв. Галт тэрэг болон галт тэрэгнээс гаднах үйл явдал киноны туршид олон салаалж, аажмаар эргэн нийлэх нь “Нийслэл Хүүхэн”-ийг өнгөцхөн харахад баялаг үйл явдалтай мэт санагдуулах ажээ. Харамсалтай нь уран бүтээлчид тэдгээр сонирхолтой өгөгдлийг бий болгосон “зохиолын араам”-аа маруухан ашиглаж, адал явдал тус бүрийг ядмаг дүр, харилцан яриа, үйл явдлын эргэлтээрээ хахааснаар тэдгээр нь бүгд гялайж гялтайх зүйлгүй, бодол сэдлийг өдөөлтгүй (uninspired) болжээ. “Нийслэл Хүүхэн”-нд ажиглагдсан асуудлуудаа нэгтгэн бодоход, тус киноны хамгийн том асуудал нь түүнд “найруулагчийн ажиллагаа” гэдэг зүйл сох дутсан явдал болтой. Миний бодоход кино найруулагч нь “өргөн зургаараа” (macro level) киноны утга санааг тодорхойлж, уур амьсгалыг бүрдүүлж, хэм хэмнэлийг тогтоон зангидаж, “нарийн зургаараа” (micro level) дүр, сцен, харилцан ярианы ньюанстай удирдамжаар үзэгчдэд тодорхой ойлголт, үзэл санаа, мэдрэмжийг төрүүлэх үүрэгтэй “урлаач” билээ. Тэгвэл “Нийслэл Хүүхэн”-нд “ерөнхий араам”, үйл явдлын хэм хэмнэл, жинхэнэ сэтгэл хөдлөл, зорилго чиглэлтэй дуу дүрсний шийдэл, зураг авалт, эвлүүлэг гэх зүйл нэгээхэн ч үгүй. Энэ нь “Нийслэх Хүүхэн болвоос Найруулагчгүй кино хийх туршилт юм болов уу” гэх гайхширлыг төрүүлж байв. Видео сан нээж харахад нүдээ угаан цэвэрлэж, удирдлага барьсан гараа ариутгамаар санагдуулдаг хошин шогийн “контент” яагаад хувьсахгүй, хөгжихгүй, сайржахгүй байна вэ? Хариулт нь хор гучин жил нэгэн адил жанхуугаа хутгахад нь мөнгөө өгсөөр байгаа үзэгчид бид бизээ. #ЦөөнҮгээр: Хошин шогийн ухаанд нь ухна ишиг үхсэн, чарлаж гуагачсан дүрүүдийн мулгуу адал явдлын цоморлог бичлэг. ЮуӨөр байсан бол өнөөдрийн кино илүү таалагдах байсан бэ? ХАГАС ГАЛЗУУ ЧАРЛАА ДҮРҮҮД Ердийн хүний сэтгэн бодох процессоос тэс харийн, өлгийтэй байхад нь толгойгоор нь шалан дээр унагаачихсан юм шиг ганц хоёр дүр байж болох ч ялгаж санах аргагүй, тоолж барамгүй олон дүр нь бүгд хагас галзуу хүмүүс байх нь дүрүүдтэй холбогдох боломжгүй, тэднийг үхэж үрэгдлээ ч тоох сонирхолгүй, “ядаргаатай” болгожээ. Бидний үзэх дуртай Солонгос, Америк инээдмийн кинонууд яаж бүх дүрээ “эргүүтсэн мал” болгохгүйгээр хөгжилтэй, сэтгэл татам болгож байгааг “мэргэжлийн” гэгдэх уран бүтээлчид судалж, өөрсдийгөө “мэргэжлийн” болгож хөгжүүлэх хэрэгтэй байна. ХЭРҮҮЛ ГУАГАЧАА ХАРИЛЦАН ЯРИА БИШ Бүх яриа нь хэрүүлийн өнгөөр гуагачин хашхирсан тоноор байх нь чих өвдмөөр, залхмаар байв. Тэнэг дүрүүдийн тэнэг яриа биш, энгийн хүмүүсийн ердийн ухаанаа ашигласан хэвийн ярианаас инээдэм хошигнолыг олж болно. Энэ зүйлийг судалъя гээд англи хэл мэдэхгүй бол хуучны Монгол кинонууд ч бэлхнээ байна. ЭВДЭРХИЙ ЛОГИК Дүрүүд хийж байгаа зүйлээ яагаад хийж байгаа нь үйл явдлын дийлэнх үед ойлгомжгүй бас үнэмшилгүй. Киноны төгсгөлийг огтхон ч ойлгоогүй. Дээрэмчдийн оюуны чадамж гол дүрүүдийн түвшинрүү бууж шаварт унасан нь гутармаар, гол дүрүүдийн “аягүү ухаантай мэргэн арга” нь бага ангийн жаал ч хараад өмнөөс нь ичиж шоолмоор зүйл байсан нь харамсалтай. МөнгөЦагааБуцаажАвмаар байна уу? 100% тийм. Үзэж дуусаад мөнгө цагаа бүгдийг нь хулгайд алдсан юм шиг “хоосон оргидог” бичлэг. НийслэлХүүхэнБалСар (2023) – ★★☆☆☆ (1.5/5) + Нэг газар/хүмүүстэйгээ гацдаггүй, салаалсан зэргэлдээ адал явдлууд - Үзэгчдэд ойлголт өгөх оршил хэсэггүй (lack of introduction) - Найруулагч юу хийсэн нь ойлгомжгүй, “найруулагчийн ажиллагаа” нойль - Хоорондоо ялгардаггүй (contrast), хэвийн хүн шиг биш, мулгуу дүрүүд - Жүжигчин Р.Сүхболд-ийн бүх кинонд copy-paste-лан ашигладгаас хоорондоо ялгардаггүй, уйтгартай санагдах болсон “болхи мангар”-ийн дүр - Орилоон, хашхичаан, хэрүүл зонхилох харилцан яриа - Зорилго чиглэлгүй уйтгартай зураг авалт - Хэмнэл авцалдаагүй, “хар монтаж” түвшнээсээ даваагүй, модон эвлүүлэг - Маш “аргуу” галт тэрэгний хөдөлгөөний дүрсүүд - Дуг хийлгэм уйтгартай хөөцөлдөөний хэсгүүд - Ямар ч утга логикгүй төгсгөл 2024-06-06 16:32:35 Дэлгэрэнгүй",Оранж энтертэйнмент,99,1ц 39м
2432,Хүний ээж,Кино,,2023,16+,,6.5,Д.Ганцэцэг,А.Ганчимэг,Д.Ганцэцэг А.Ганчимэг П.Дэлгэрбаяр,Аримун продакшн Хаанаас үзэх вэ?,87.17165669,1ц 27м
2433,Лүд,Кино,,2023,13+,,5.6,,,"Ш.Батбаяр, Хаанаас үзэх вэ? Жүжигчид Б.Эрдэнэбат Э.Эрдэнэбаяр Ш.Батбаяр Кино шүүмж Mungun “Лүд” нь нэгэн малчин нутгаа хамгаалахаар буг савдагтай чөтгөрийн гэрээ байгуулснаар түүний гэр бүл, сум суурин аюулд орж буй талаар далдын хүчний сэдэвт аймшгийн кино (supernatural horror) юм. Миний хувьд “Лүд”-ийг аятайхан болгосон түлхүүр хүчин зүйл нь тус киноны өрнөл үйл явдлын сэдэл өгөгдөл (story premise) байв. Шүтдэг хайрхан, амьдрал тэтгэдэг мод ус, амьжиргаа залгах малын бэлчээрээ хамгаалах, явуулын хүмүүсийн хүнийрхүү шуналаас харамлах хүсэл нь манайхны уламжлалт сэтгэлгээ, Монгол ахуйтай тун ойр. Ингээд малчин гэр бүл үнэт нандин зүйлсийнхээ төлөө зөв сэдлээр эс ойлгогдох далдын хүчтэй хутгалдах нь “байж болохуйц” үнэмшилтэй бас гунигтай ажээ. Буг чөтгөрийн үндсэн асуудалтай зэргэлдэн эцэг эх үр хүүхдийн тунирхал хайр ээлжлэх холбоос; төрсөн ах дүүсийн бүтэн мөртлөө цууралтай, хагархай мөртлөө үүрдийн дотно харилцаа; уулын мухар уу, Улаанбаатар уу эргэлзээ; хөдөө нутгийн өдөр өдрийн хоолоо олох богино хугацааны ашиг эсвэл урт хугацаанд тогтвортой хөгжих микро-эдийн засгийн үнэн бодит сорилтууд зэрэг бэсрэг дэд үйл явдал, их бага асуудал зөрчил хөврөх нь “Лүд”-ийг баяжуулдаг. Ядмагхан залхуу Монгол аймшгийн кино нь чанга чимээгээр цочоох цор ганцхан “аргагүй хүний арга”-тай бол “Лүд” нь өнөөгийн Монголын хөдөөгийн буйдад тулгарч буй жинхэнэ асуудал сорилтыг буг чөтгөрийн сэдэв, аймшгийн жанрын цонхоор тольдсон нь уг бүтээлийн даацыг нэмжээ. Киноны уран бүтээлчид сэдэл санаандаа бүтээлчээр хандсан шигээ үйл явдал тайлагдах эрэмбэ дарааллаа (story structure) ч өөрөөр хийхээр зорьсон нь сэтгэлд хүрэв. “Лүд”-ийн дурсамж сценүүд заримдаа хэд хэдэн давхаргатай, илчлэгдэх баримтууд дээр үндэслээд дүрүүдийн хэн нь чухам биелсэн буг гэдгийг үзэгч баттай тааж чадамгүй. Ингэж үйл явдлын дараалал болон дүрийн харах өнцгийн шийдлээр үзэгчийн толгойд зогсолтгүй “хулгайч цагдаа” тоглуулж, тархийг сорьсон асуулт таавар тогтмол дэвшүүлэх чадал нь мэдрэмжтэй найруулга, чадварлаг эвлүүлгийн илрэл билээ. Далийлган дурдахад, “Лүд”-ийн хөгжмийн тун онож, кинондоо бүрэн уусч, чих нүдэж анхаарал сарниулдаггүй бас ямар нэг мэдрэмжийг тулгаж хүчлэлгүйгээр түгшүүр догдлолыг бүрдүүлж байсныг дурдмаар санагдав. Харамсалтай нь “Лүд”-д орогносон ноцтой асуудал нь үйл явдал “сүүлийн хагастаа баримжаа чиглэлээ алдаж төөрдөг”, бас аймшгийн жанрын “тусгай эффектийнхээ тунг олдоггүй” зэрэг орчин үеийн Монгол киноны уламжлалт асуудлууд байв. Үйл явдлын дунд цэг нь хүчтэй мөртлөө төгсгөлрүүгээ хэмнэл замбараагаа алдаж унах маягтай, мөн “энийг харуулахгүйгээр шийдсэн ч болоосой” гэмээр компьютер графиктай сценүүд киноны төгсгөлрүү арвисах нь миний хувьд уг бүтээлээс авах кайфыг ноцтой бууруулав. Зохиолын “тал еэвэн” жаахан дутуу, компьютер графикт дэндүү өндөр итгэл ачааллыг хүлээлгэсэн хандлагыг эс тооцвол бодол сэтгэл зүтгэл шингэсэн “Лүд” кино миний дуртай Монгол аймшгийн киноны нэг боллоо. ЦөөнҮгээр Бэлчээр-с хойш таалагдсан анхны Монгол аймшгийн кино. Үйл явдал төгсгөлрүүгээ жаахан унасан, компьютер график нялаа-лга ихэссэнийг эс тооцвол уран бүтээлчид нь багагүй хичээсэн нь мэдрэгдэх “Монгол хөрстэй” аймшгийн бүтээл. #ЮуӨөр байсан бол өнөөдрийн кино илүү таалагдах байсан бэ: ЗОХИОЛЫН БҮТЭЦ Үйл явдлын хувьд яагаад үргэлжилж буйг ойлгож байгаа ч үзэх мэдрэмжийн хувьд голын оргил цэг дээр очоод “цадсан” байв. Гэтэл кино үргэлжлээд байсан нь сэтгэгдлийг унагасан. Үндсэн “бүтэц”-дээ багтахгүй, төгсөлд багшралдаж үлдсэн зүйлийг “оргил цэг”-ээс нааш нь татаж уусгах, эсвэл тусад нь кино болгож салгах хэрэгтэй мэт санагдсан. CGI CGI мэдэгдэхгүй, ялгагдахгүй тусмаа үр дүнтэй. Гэрэлтүүлэг, зураг авалтын зохиомжоор үр дүнтэй айлгалтуудыг бүтээсэн уран бүтээлчдийн амжилтыг арын CGI сценүүд хөсөрдүүлж унагаасан нь харамсалтай. Компьютер график ид шид ердөөсөө биш, бараг харагдахгүй бага тусмаа зүгээр шүү дээ. МөнгөЦагааБуцаажАвмаар байна уу? Үгүй. Ийм киног мөнгө цагаараа дэмжихэд харин ч сэтгэлд өег. ЛүдМУСК (2023) – ★★☆☆☆ (2.5/5) + Хөрсөндөө буусан, “Монгол амьдрал”-тай өгөгдөл (story premise) + Үндсэн үйл явдалтайгаа холбогддог дэд үйл явдал + Улиг болоогүй, танил дасал биш жүжигчид + Сайн гүйцэтгэсэн нүүр хувиргалтууд + Аймшгийг зураг авалт, гэрэлтүүлгээр үр дүнтэй бүтээсэн + Бүтээлч, хэмнэлтэй эвлүүлэг + Сонирхолтой, бүтээлч эвлүүлэг гүйцэтгэлтэй бодол дурсамжийн хэсэг + Сонирхолтой хөгжим - Оргил цэг хэт эрт - Эсвэл оргил цэгээсээ хойш кино жаахан сунжирдаг - Хэт их, “арай л арай” компьютер график хэрэглээ 2024-06-06 17:07:42 Дэлгэрэнгүй",[],87.17165669,1ц 27м
2434,Гүртэн,Кино,Аймшиг,2022,13+,,1,,,"П.Баттөр Д.Төмөртогтох Ё.Цог Кино шүүмж Mungun “Гүртэн” нь Хятад/Манжийн Монголд өстэй шуламд хараагдсан Богд хаант засгийн үеийн нэгэн хошуу нутгийнхан босоо ороолон болсон цогцсыг дарахаар тэмцэж буй талаар аймшгийн триллер кино юм. Киног адил нэртэй “Гүртэн” (зохиолч Н.Эрдэнэбат) зохиолоос сэдэвлэн бүтээсэн бөгөөд миний хувьд эх материалтай танил биш. Уг нь “Гүртэн”-ийн өгөгдлийг харахад тунчиг сонирхолтой кино болохоор. Хээрийн цогцос хараагдан өндийж, муу ёрын үхмэл хэл нь хэдхэн хоногийн дотор унжин унжсаар газарт хүрэх мөчид тэр “босоо ороолон” болж бүрэн хүчээ олох цаг хугацааны хөшүүрэг нь хүчтэй. Харин түүнээс урьтаж гол дүрийн гөрөөчин залуу ороолонд хувирч буй хөөрхий талийгч охины эцгийн өнгөрсөн амьдралын нууцыг илрүүлэх, нутгийн “зөн билэгч” өвгөнөөс анхан шатны заавар зөвлөгөө авахын зэрэгцээ өөрийн удам судрын учрыг тайлах, нутгийн эрх мэдэлтнүүдэд ороолонгийн аюулыг үнэмшүүлэх, Нийслэл хүрээнээс Богдын зараалаар ирсэн нууц агент-ламын ажилд туслалцаа үзүүлэх зэрэг Монгол киноноос хэзээ ч харж байгаагүй олон сонирхолтой зүйлийг дэлгэж болом үйл явдлын потенциалтай. Харамсалтай нь киноны үйл явдал (plot points) наана цаанаа холилдсон эмх замбараагүй, өрнөл явдал (narrative) хэт удааширсан эсвэл түргэдэн яарсан орон гаран хэм хэмнэлтэй, дүр үйл явдал гэнэтхэн гарч ирдэг шигээ ор мөргүй алга болдог (story structure) асуудлыг харахад “Гүртэн”-нд кино зохиолч, эсвэл найруулагч гэх хүмүүс огтхон ч ажиллаагүй мэт. Зохиолч, найруулагчийн ажиллагаа нь дээрээ “суудлаа олоогүй” нь зураг авалт, эвлүүлэг, компьютер графикийн ажил “доороо гүйдлээ олохгүй” байдалд шууд нөлөөлжээ. Босоо ороолонг дарах төрөл бүрийн арга ажиллагаанууд ямар нэгэн хөөцөлдлөгөө танилцуулга, дараагийн түвшний “эмчилгээ” хэрэгтэй хэмээн эрэлхийлэх өсөлт (build-up, escalation of tension)-гүй бөгөөд гөрөөчин залуу оролцох, эс оролцохоос үл хамааран дэлгэц дүүрэн хоорондоо холбоо хамааралгүй санжралдсан үйл явдал тодорхой дараалалгүй (randomly) өрнөнө. Товчхондоо, киног үзэхэд уран бүтээлчид нь аймшгийн триллер кино биш, зохиолын дууны клип хийхэд мэдрэмж чадвар нь илүү оновчтой байх мэт санагдав. Аймшгийн кино хийж буй мөртлөө “Гүртэн”-ийн уран бүтээлчид аймшгийн кино үздэггүй хүмүүс юм болов уу гэж гайхмаар олон жишээний хамгийн тод нь босоо ороолонг дэлгэцэд үзүүлж буй байдал болон компьютер графикийн хэт-хэрэглээ байв. Мангасыг нэг харахад “аймар”. Хоёрдахиа харахад “аймар” хэвээрээ боловч “арай бага аймар”. Үзэх тутамд үл мэдэх зүйлийн “аймар” байдал буурдаг хүний сэтгэлзүйн үзэгдлийг кино умартсан бөгөөд харин ч бүр “Цахирмаа” (2009)-г санагдуулам компьютер графикаар түүнийг зэвсэглэсэн нь танхим дүүрэн элэг хөшим инээдмийг бий болгож байлаа. “Гүртэн”-ийн Хятад хүн гэхээрээ л автоматаар Монголчуудыг үзэн ядаж, эд баялгийг нь авахаар нүүр нүдгүй шунадаг гэх санаа нь хуучинсаг хэдий ч босоо ороолонгийн аймшигт хүчний талаар домог, түүнийг дарахаар тэмцэх төрөл бүрийн хүмүүсийн түншлэл сонирхол татам. Гэвч энэхүү кино нь “кино” гэхээсээ кино сонирхогч дунд ангийн хүүхдийн анхны бүтээл шиг хэлбэр хийц, чанар чансаатай санагдах ажээ. Театрт хамт суусан арван жилийн жаалууд, оюутан хосууд зохиолыг нь “Уг нь сонирхолтой” хэмээн ярилцах зуур дэлгэцэд болж буй бүхнийг элэглэн шоолж, эцэст нь танхимаас урам муутайхан гарахыг харах нь урагш муутайхан зохиолч найруулагчдын дор ажилласан жүжигчид, инженер техник, арын албаны нийт уран бүтээлчдийн өмнөөс санаа зовж харамсам байлаа. ЦөөнҮгээр Ямар ч эргэлзээгүйгээр энэ оны хамгийн базаахгүй Монгол киноны нэг. ЮуӨөр байсан бол өнөөдрийн кино илүү таалагдах байсан бэ? МАНГАС БОЛОН КОМПЬЮТЕР ГРАФИКИЙГ БУУРУУЛАХ (economy of usage) Мангасыг харах тутам үзэгчид дасал болж, айдас төрүүлэм байдал нь алдагддаг. Тиймээс шилдэг аймшгийн кинонууд түүнд тулааны хэсэг өгөх нь бүү хэл аль болох цөөн харуулж, үзэгчийн төсөөллийг үзэгчдийн эсрэг ашигладаг билээ. ҮЙЛ ЯВДЛЫН БҮТЭЦ (story structure) Үйл явдал наана цаанаа орсон мэт, чухал юм шиг дүр үйл явдлын юу чухал нь ойлгомжгүй, дунд хавьдаа очоод үйл явдалгүй болдог нийтлэг асуудал “Гүртэн”-д тохиожээ. Гол дүр ямар аяллыг туулах (character journey), туслах дүрүүд ямар учир холбогдолтой байх вэ гэдгийг сайтар тунгааж, түүнийг ямар дараалал хэмнэлтэйгээр үзүүлэхийг чухалчлан төлөвлөх хэрэгтэй байв. ЭВЛҮҮЛЭГ (editing) Мангас, компьютер графиктай хэсгийг ихээр танахын зэрэгцээ хэрэгцээгүй сцен, эсвэл дарааллыг нь солих хэрэгтэй хэсгүүд “Гүртэн”-д олон байв. МөнгөЦагааБуцаажАвмаар байна уу? Хайран цаг мөнгө. ГүртэнМУСК (2022) – ★☆☆☆☆ (0.5/5) + Богдын үед өрнөж байгаагүй үйл явдлын сонирхолтой үүдэл санаа (story concept) + Лам нар босоо ороолонтой тэмцэж байгаа ганц нэг сонин зураглал + Босоо ороолонгийн нүүр/бие хувиргалт боломжийн - Баригдмал модон харилцан яриа - Хятад гэхээрээ тодорхой шалтгаангүй, автоматаар Монгол, Монголчуудыг үзэн яддаг - Ойлгомжгүй дэд үйл явдлууд - Базаахгүй жүжиглэлт - “Нялчихсан” хөгжим - Зорилгогүй хоосон сценүүд - Дэндүү их ашиглагдсан базаахгүй CGI - Кинондоо зохидоггүй slowmotion, дижитал zoom - Маш урт санагдах сунжруу хэмнэл 2024-06-06 16:14:54 Дэлгэрэнгүй",Tashuur film,87.17165669,1ц 27м
2435,Гадны нөлөөгүй,Кино,,2022,16+,,6.4,Д.Галбаяр,Д.Галбаяр,"Д.Галбаяр С.Болд-Эрдэнэ Т.Баттулга С.Сарантуяа Э.Батхүү Ц.Ганбаяр Ш.Мөнхбаяр Б.Ганхүү Г.Отгонтуул Б.Батмэнд Н.Мөнхсоёл Кино шүүмж Mungun “Гадны Нөлөөгүй” нь нийтийн сууцны орцонд амь үрэгдсэн залуугийн “гадны нөлөөгүй” гэх дүгнэлттэй хэргийн эргэн тойрон дахь эцэг эх, сэтгүүлчид, мэдрэл муут эр, түүний эх зэрэг хүмүүсийн талаар гэмт хэргийн триллер кино юм. Энэхүү кино нь Америк зөрчил, Солонгос-жуу дүрүүд, Монгол логик уянгаллын “Франкенштэйний мангас” (эв хавгүй эвлүүлж зүйсэн лагс бүхэл) юм. Цагдаа, сэтгүүлчид, СӨХ, хэрэг мөрдөн шалгах процесс хэрхэн ажилладаг талаар таамаг тааврын хошин дүрслэл, бүгдэнгийнх нь ухаанд ухна ишиг үхсэн мэт “эрүүл”, “мэдрэл муутай” нь ялгагдахгүй логиктой дүрүүд, улигт “эхийн сэтгэл”, бүүвэйн дуу, тун нь дандаа хэтэрдэг хүчирхийлэл нь “Би Монгол кино шүү” гэдгийг бататган тунхаглах ажээ. Жилдээ гарын арван хуруунд хүрэхгүй тооны кино үздэг бол “Гадны нөлөөгүй” нь гадаад дотоодын өөр кинонд хэдийнээ үзэгдсэн танил санаануудыг эвтэйхнээр эвлүүлэн нэгтгэж, Монгол хөрснөө буулгасан сонирхолтой бүтээл болох потенциалтай байсан мэт. Гэвч “Гадны Нөлөө”-д бусдын сайн бүтээлийг секунд бүрд санагдуулалгүй “цэвэрхэн хуулах” хэмжээний зохиолын шинэ өнцөг санаа, найруулгын шийдэл чадал үл харагдана. Найруулгын ур чадвар, уран сайхны мэдрэмж дүй дутагдалтай байгаагийн хамгийн энгийн илрэл нь минут бүр нь 5 минут мэт сунжруу санагдах “нэвт харагддаг” өнгөцхөн дүрүүд, “мэдээжийн” нөхцөл байдлуудын “мэдээжийн” эргэлтүүд, удаанаас удаан хэмнэл - үзэгчийн цагт хүндлэлгүй, хугацааны үрэлгэн хандлага байлаа. Ердийн кинонд үндсэн дүрүүд, тэднийг адал явдалд хөтлөх зөрчил тэмцэл нь 5-10 минутад тодорхой болж, үндсэн явдал нь шуурхай галт тэрэг мэт эрчээ аван довтолгодог бол “Гадны Нөлөөгүй”-н аз жаргалтай эцэг-хүү, мэдрэл муут эр-эх, сенсацит контент хайсан шар сэтгүүлчийн асуудал явдал, холбоо хамаарал (set-up) нь бүтэн цаг өнгөрчхөөд байхад л үсэглэж уншдаг бэлтгэл ангийн жаал мэт дуншсаар байлаа. Алга болсон охиноо аймшигт аргаар хайдаг Америк аавын тухай #Prisoners (2013. Найруулагч Denis Villeneuve), мэдрэл муут хүүгээ “хатан ухаан”-аараа хамгаалдаг Солонгос ээжийн талаар #Mother (2009. Найруулагч Bong Joon-ho)-тай танил үзэгчдэд “Гадны Нөлөөгүй”-н уянгалж дуусдаггүй хоёр цаг бүр ч аймшигтай удаан. Олноо танил эдгээр бүтээлийн онц сонирхолтой мөрдлөгийн процесс, дүрүүдийн зөрчлүүд, нийгмийн эвлэгхэн шүүмжлэлт дүрслэлийн ньюанс нь алхам болгондоо Монгол киноны уянгалсан шалбаагт нүүрээрээ цөмөрч унахыг харах нь нэг бодлын гасалж харамсмаар, нөгөө бодлын хөх инээд хүрмээр ажээ. “Мэдрэл муутай”-дүрийг манай уран бүтээлчид ямар ч ньюансгүй “шуу*аадаг” нь “Гадны Нөлөөгүй”-д ч яг л хэвээрээ. Оюун сэтгэхүйн далд бэрхшээлийг манайхан дандаа гадаад үзэмжийн гажиг согогоор ялгаварлан дүрсэлдэг нь энэ удаад махлаг жүжигчинг сонгосноос харж болно. Тэгээд бас ч болоогүй сэтгэцийн асуудалтай бол ухаан алдах, цахилгаанд цохиулах бүрд ой санамж нь сэргэдэг, эсвэл киноны үйл явдалд шаардлагатай үед өмнө танилцуулсан оюуны бэрхшээлүүд (established rules)-ээ бүрмөсөн илаарших нь үзэгчдийг ч, сэтгэлзүйн асуудлыг ч, тухайн дүрийг бүтээсэн жүжигчинг ч дэндүү дутуу үнэлсэн мэт санагдана. Гэвч бусад дүрүүд нь ч “галзуу” хүнээсээ ялгаагүй ажээ. Бүгд яаж ийгээд ах дүү, амраг садан, анд нөхөд, багын найзууд, гурвалжин дөрвөлжин ажил амины холбоотой нь энэ кино Улаанбаатар хотод биш, хүн багатай зэлүүд сумын хамгийн жижигхэн багийн төв, нэг уулын аманд өрнөж байгаа мэт хачирхалтай. Цаашлаад, тэр дүрүүд хэрхэн яаж холбогдож байгааг өнгөрсөн цагийн дурсамжит үзэгдлээр уйгагүй харуулах нь “Гадны Нөлөөгүй”-н угийн зогсонги хэмнэлийг бүр ч хөлдөнгө болгожээ. Хамгийн харамсалтай нь энэ киноны 2 цагийн уянгалал, логик замбараагүй үйл явдлыг тэвчин суусны төгсгөлд “шагнал” үгүй. Учир нь эцсийн эргэлт, дүр үйл явдлын илчлэлт нь гэмт хэргийн жанрын энэхүү киноны турш огтхон ч сэжүүр төрүүлээгүй, тэс хөндлөн далий зүйл байсан нь үзэгчдийн ой ухааныг мөн л малаас ялгаагүй хэмээн доромжлох мэт. Гэвч нөгөө талдаа замбараагүй кинонд замбараагүй эргэлттэй төгсгөл байсан нь нэгэн бодлын түүний “төгс” төгсгөл бизээ. Цөөн Үгээр Чимх Mother (2009), атга Prisoners (2013)-оор ч аврагдаагүй, улиглал логик нь мөргөлдөн онхолдох Монгол уянгалал. #ЮуӨөр байсан бол өнөөдрийн кино илүү таалагдах байсан бэ: ҮРГЭЛЖЛЭХ ХУГАЦАА TikTok-ийн эрийнд 2 цаг гэдэг дэндүү урт хугацаа. Нэн ялангуяа маруухан зохиол, ядруухан найруулгатай киноны хувьд. Иймд ямар хэсэг үзэгчдээс “муу” үнэлгээ авахаа бодитоор урьдчилан харж, илүүц дүр, сцен, үйл явдлыг зоригтойгоор хасах нь киногоо сайжруулна уу гэхээс дордуулахгүй болов уу. ДУРСАМЖ ХЭСГИЙГ ТАНАХ “Гадны Нөлөөгүй”-н өнгөрсний харуулсан олон тооны хэсэг нь сэтгэцийн өвчтэй эрийн үүсэл гарлыг үзүүлснээс бусдаар төдийлөн үнэ цэнтэй байсангүй. Зүгээр л “Энэ хүн сэтгэцийн өвчтэй” гээд хангалттай байхад өнгөрсөн баларсан явдлыг үзүүлсээр байсан нь цаг болоод киноны хэм хэмнэлийн том гарз байв. Олон он жил үсэргэсэн дурсамж хэсэг нь туйлын цэнтэй байдаг кино ч ер ховор байдаг мэт санагдана. ТӨГСГӨЛӨӨ АЛАХ ЭРГЭЛТ Монгол киноныхны түгээмэл оруулж ирдэг сураг тэмдэггүй “далий” төгсгөл нь үзэгчийн таамгийг бүтээлч байдлаар эвдэж/давуулж чадахгүйдээ гаргаж ирсэн аргагүй-хүний-арга шиг санагдах нь олонтаа. Киногоо хэзээ төгссөнийх хүлээн зөвшөөрч илүүц эргэлтүүдээс татгалзах, учир битүүлгээр төгсгөх бол үзэгчид өөрийн гаргалгаанд хүрч болох хэд хэдэн түлхүүр сэжүүртэй байх, эсвэл “Би яагаад үүнийг бодож чадсангүй вэ” хэмээн баярлах төгсгөлийг бид гэмт хэргийн жанрын киноноос хүсдэг. Мөнгө Цагаа Буцааж Авмаар байна уу? Тийм. Алгасч болно. “Гадны Нөлөөгүй” ★☆☆☆☆ (1.5/5) + Хошин шогийн хэвшмэл дүрд тоглодог (typecasted) жүжигчинг зоригтойгоор өөрчилж ашигласан + Сонирхол татам постер - Үлгэрлэл авсан нь илт санагдах гадны алдартай бүтээлүүдээсээ хангалттай ялгардаггүй, өөрийн гэсэн өвөрмөц санаагүй зохиол үйл явдал - Сэтгэцийн асуудал бэрхшээлийг бие махбодын сэтгэл татам бус байдалтай хослуулдаг үе нь өнгөрсөн ядмаг дүрслэл (depiction of mental illness) - Сэтгэцийн асуудалтай дүр нь үзэгчид ойлгогдох тогтсон зарчимгүй, дуртай үедээ дуртай хэмжээний “эрүүл” болох (character inconsistency) - Яваад л байдаг сунжруу эхлэл - Зогсонги, хөлдүү үйл явдлын хэмнэл - Илүүц хөгжим - Долоон уулын ардаас харагдах хошин шогийн мэт “мэдээжийн” эргэлтүүд - Бүх дүр хамаатнууд эсвэл найзууд байдаг ядмаг холбоо - Ухаанд нь ухна ишиг үхсэн мэт үнэмшилгүй дорой шийдвэр гаргалттай сэтгэн бодох чадваргүй дүрүүд - Киногоо баяжуулж урагшлуулдаггүй нэмэлт дүр, дурсамж хэсэг маш олон - Киноныхоо үйл явдлыг ямар ч утгагүй болгодог, киноны үеэр сэжүүр тэмдэг байгаагүй төгсгөлийн эргэлт 2024-06-06 15:54:40 Дэлгэрэнгүй",Гөү адвенчер студи Ред пойнт медиа,87.17165669,1ц 27м
2436,Эргэж ирэхгүй намар,Кино,,2022,Б,,0,Б.Амарсайхан-ийн,Б.Амарсайхан,"Б.Амарсайхан С.Дамдин Г.Тэнүүн-Эрдэнэ Ш.Даваасамба Д.Цэрэндарьзав Д.Дэлгэрсайхан Р.Адъяа Д.Батбаяр Кино шүүмж Mungun “Эргэж ирэхгүй Намар” // “Harvest Moon” нь өөд болсон эцгийнхээ хадлангийн ажлыг гүйцээхээр хөдөө ирсэн залуу нутгийн нэгэн “аавын цээж” жаалтай нөхөрлөж буй талаар драм кино юм. Киног “Түнтүүлэй” (2013, зохиолч Т.Бум-Эрдэнэ) өгүүллэгээс сэдэвлэн бүтээсэн бөгөөд тус бүтээл нь 2023 оны Оскарын наадамд “Шилдэг гадаад кино” (Best International Feature) төрөлд Монгол улсыг төлөөлж байна. Сонирхуулахад, “Эргэж ирэхгүй Намар” нь Оскарын наадамд дэвшүүлэхээр шалгарсан Монголын долоо дахь кино бөгөөд тэрээр Оскарын наадамд багтаж “тайзанд гарах”-ийн тулд 93 орны кино дундаас 15-ийг нь сонгох shortlist-т багтаж, дараа нь 15-ийн дундаас эцсийн 5-д багтах хурц өрсөлдөөнтэй урт замыг туулах ёстой. Үйл явдал өрнөх ахуй нөхцөл, зураг авалтын орчин нь “Эргэж ирэхгүй Намар”-ийн хамгийн сэтгэл татам шинж болов уу. Сэтгэл тэнийлгэм цэлгэр тэнгэр, нам гүмхэн дүнхийх уул толгод, шавааралдан шахцалдахгүй уужим хөндий, амраад хэвтчихмээр зүлэг ногоо, хүн нь ч мал нь ч хаашаа ч үл яарах алгуур тайван агаар, цаг хугацаа нь сайхан налгар өдрүүддээ үүрд зогсчихсон мэт “Монголын их амар амгалан”-ийн зураглал юутай сайхан. Энэ нь нэг талдаа “Танай Монголд гар утас, машин нтр гэж юм байдаг уу? Мориор сургуульд явах хэцүү биз андаа?” хэмээх гадныхны доромж ёж нийлсэн эцэс төгсгөлгүй ерөнхийлөл (stereotype/generalization)-ийг дэвэргэн тэжээдэг манай киночдын “Монгол = хөдөө” хэмээх нэг хэмжээст дүрслэл санаатай ч, санамсаргүй ч мөн. Гэвч нөгөө талдаа энэ зураг нь замын тэг зогсолт, сошиалын ээлжит худал үнэн сенсаац, Монголын ч дэлхийн ч 24/7 муу мэдээ, ханш чадал нь өдрөөс өдөрт унах хадгаламждаа зовнин стресстэх үзэгчийн хувьд хөдөөгийн эгэл амьдралд хэсэгхэн ч болов уусган зугтаалгасан тааламжтай орголт (escapism) ажээ. Киноны цөм нь гэр бүл зохиож хүүхдийн өмнө хариуцлага хүлээхэд бэлэн биш байгаа эр (тус киноны найруулагч, жүжигчин Б.Амарсайхан) болон эцэг эхийн халамж хайр эзгүйрснээс халширч хатуужсан хүү (жүжигчин Г.Тэнүүн-Эрдэнэ) хоёрын нэгэндээ дасан нөхөрлөх, эцэг хүүгийн хайраар нэгнээ түших үйл явдал байлаа. Харамсалтай нь гол дүрүүдэд сэтгэлийн “дотоод” өөрчлөл аялал (inner journey) байснаас бус киног “өрнөлтэй” болгодог “гадаад” (external) үйл явдал “Эргэж ирэхгүй Намар”-т зохих хэмжээнд байсангүй. Жаалд аав ээж хэрэгтэй, эр хариуцлагад суралцах ёстойг бид киноны эхнээс л ойлгох боловч тэдний дотоод сорилтыг өдөөх, дэвэргэх, шийдвэрлэх сонголтууд эргэн тойронд нь үгүй. Жаалын хувьд нөхөрлөх буюу “аав” болгож үлгэрлэх өөр сонголт байхгүй, эрийн хувьд нутагтаа үлдэж - магадгүй бүр хүүгийн аав болж амьдрал зохиож мэдэхээр шалтгаан хүчин зүйлгүй нь киноны нийт үйл явдлыг ч, түүний төгсгөлийг ч гайхан цочирдох зүйлгүй болгожээ. Гэтэл дүрүүд амьдралыг нь өөрчлөхүйц сонголтуудыг тунгаахад үзэгчид бид тэдний төлөө итгэл найдвар болоод эргэлзээ тээж, кинонд уусч, аливаа сонголтыг хийхэд гансран харамсах буюу баярлан дэмжихийг хүсдэг. Гэвч “Эргэж ирэхгүй Намар”-ийн дүрүүдэд салаа зам, сонголтууд, зөрчил, золиос тулгардаггүй тул кино нь сэтгэл хөдлөл эмоцийн өсөлт уналтгүй, савлагаагүй, гайхан эргэлзэх зүйлгүй, дардан шулуун - “мөлгөр” болжээ. Цаашлаад хадлан дээрх дийлэнх сцен хоорондоо төдийлөн уялдаа холбоотой бус. Гол дүрүүдийн нөхөрлөлийн өсөлт хөгжил нэг нь нөгөөгөөсөө урган гардаггүйгээс бие биеэ даасан “Хадлангийн амьдрал TikTok/Reels” гэмээр бөгөөд дарааллыг нь өөрчлөхөд чанарын ялгаа төдийлөн гарахгүй мэт тарамдсан санагдана. Хэлэхийг хүсч буй хөндлөн далий ч байж болох өөр нэг зүйл нь “Эргэж ирэхгүй Намар” Монголд үзэж буй Монгол үзэгч, олон улсад үзэх гадаад үзэгчид хэрхэн ялгаатай тусах бол гэсэн бодол байв. Дотоодын үзэгчдийн хувьд гол дүрүүдийн харилцааны нөхцөл байдал (relationship dynamic) ойлгомжтой бөгөөд эргэлзээ төрүүлэх зүйлгүй. Нэг талд аав ээжийн хайр энэрэл хэрэгтэй жаал, нөгөө талд хүүхэд болон хариуцлагад бэлэн биш байгаа эр. Тэгтэл Монголын онцлог нөхцөл байдалтай танил бус, хүүхэд хамгаалал, харилцааны ижил тэнцвэртэй байдлыг чухалчлан эмзэг ханддаг барууны үзэгчдийн өнцгөөс харвал нас бие гүйцсэн эр, хүмүүжил төлөвшил нь бүрэлдэж яваа жаал хоёрын харилцааны зарим сценүүд хайр сэтгэлийн холбоо хэмээн буруугаар андуурагдам. Цаашлаад наадмын хэсэгт Монгол бөхийн дэндүү задгай хувцсыг балчир хүүхдүүдэд олны үзүүлэн болгож өмсгөсөн нь цочир санагдаж болохуйц. Миний хувьд ийм ойлголтыг өгөх нь уран бүтээлчдийн зорилго биш гэдэгт бүрэн итгэлтэй байгаа бөгөөд шийдэлд нь Монголын амьдралын талаар соёлын утга агуулгыг (context)-ийг тайлбарлаж ойлгуулах нэмэлт сценүүд кинонд байснаар дэлхийн үзэгчдэд илүү хүртээмжтэй байсан болов уу гэж бодсоноо хуваалцаж буй юм. “Эргэж ирэхгүй Намар”-ийн энгийн ахуй сэтгэлд өег, зураг зураглал нь дотор дэвтээм болжээ. Гэвч тэр дэлхийд гарахад олон улсын үзэгчдэд зориулсан утга агуулгыг ойлгуулах хэсгүүд, дүрүүдийнх нь сэтгэлийн “дотор” асуудалтай хорших “гадаад” зөрчил сонголтууд, нийт үйл явдал нь хоорондоо сүлэлдэн холбогдох үйл явдлын бүтэц дараалал шаардлагатай санагдлаа. Цөөн Үгээр Сайхан зураглал. Гэхдээ үйл явдал дутмаг. Гадны хүмүүстэй үзэхэд хажууд нь “Аан сорри, манайд ийм өөр байдаг шүү” гэж давхар “ажил” хийх шаардлагатай зарим сценүүд. Юу өөр байсан бол өнөөдрийн кино илүү таалагдах байсан бэ? ГАДААД ЗӨРЧИЛ (external conflict) Эрийн дүрд ч, хүүгийн дүрд ч бие биенээс нь өөр асуудал сонголтууд киноны орчинд шаардлагатай байв. Хүү өөрт нь үлгэр жишээ “аав” болох хүмүүсийг харьцуулан шинжих, эр-д хотын асуудлаасаа хэрхэн яагаад зугтаж байгаа, магадгүй бүр нутагтаа үлдэж ч болохуйц - үзэгчийг эргэлзүүлэм тааварлашгүй байдал хэрэгтэй санагдсан. ЗОХИОЛЫН БҮТЭЦ (story structure) Гол дүрүүдийн нөхөрлөлийн хэсгүүд буюу хадлан дээрх үйл явдал нэгэн хэвийн, шинэ сонин зүйлгүй байв. Дээр дурдсанчлан “гадаад зөрчил” оруулж дүрүүдийн шийдвэр үйл явдал болон дотор зөрчилд нь нөлөөлөхүйц байдлаар зохиолын бүтцийг гаргах хэрэгтэй байсан болов уу. СОЁЛЫН ЯЛГАА (cultural context) “Монгол бөхийн хувцас гэдэг ийм учиртай” гэдэг ч юмуу соёлын зарим ньюанс ялгааг гадны/шинэ үеийн үзэгчдэд таниулсан тайлбар сценүүд шаардлагатай. Эс бөгөөс эвгүй андуурагдаж мэдэм сценүүд бий санагдав. Мөнгө Цагаа Буцааж Авмаар байна уу? Тусгай үзвэрийн урилгаар үзсэн. Харамсаагүй ч итгэлтэйгээр санал болгох хэмжээнд бас яг ч биш.",Ай Эф Ай продакшн (IFI Production),87.17165669,1ц 27м
2437,Бэхэн зүрх,Кино,Бэхэн зүрх МУСК,2022,13+,,6.9,А.Баттүшиг,,"О.Самданпүрэв, Ц.Цэлмэг, Ц.Нацагдорж, Э.Чинзориг, Б.Энхсайхан, Хаанаас үзэх вэ? Жүжигчид Б.Бишрэл А.Баттүшиг О.Самданпүрэв Ц.Нацагдорж Ц.Цэлмэг Э.Чинзориг Б.Энхсайхан Кино шүүмж Mungun “Бэхэн Зүрх” нь яруу найргаар нэгнээ олсон залуу бүсгүй хоёрын үерхэл нь мөнгө, өрсөлдөгч эрчүүд зэрэг амьдралын шалгууруудтай тулгарч буй талаар драм кино юм. “Бэхэн Зүрх”-ийг үзэхэд давсалсан чихэр эсвэл чихэрлэсэн давс идэж байгаа юм шиг харшилдсан “амт”-тай. Хорвоо дэлхий уужим хойно хачин этгээд “амт”-д дуртай хүмүүс байдаг ч дийлэнх хүний хувьд чихэр бол чихэр, давс бол давсаа дангаар нь амтлах хүсэлтэй байдаг билээ. Өөрөөр хэлбэл, “Бэхэн Зүрх”-ийн “чихэр” нь залуус хайр сэтгэлээ олох гэгээлэг романс, мелодрам боловч тал илүү хэсэг нь “хайр > өнгө мөнгө шүүүүү” хэмээх элдвийн ньюансгүй өнгөцхөн “сургаал”-аар үзэгчийг толгой түрүүгүй балбах нөгөө л “шорвог” нь дэндсэн “Монгол маягийн зовлонт драм” юм. Энэ кино хайр сэтгэлийн тухай мөртлөө хосууд нэгнийхээ юунд сэтгэл алдарч, яагаад хамт байгаа талаар “оршил” (set-up) барагтай үгүй. Залуугийн хувьд Да Винчи маягийн шүлэг бичиж, зураг зурж, баримал ч эвлүүлчихдэг урлагийн универсал супермэн бөгөөд бүтээлийг нь хүмүүс мөнгөөр зодоод булаалдан авчихдаг тул амьдралд нь дутуу зүйл нэгээхэн ч үгүй. Харин охин өөрөө яруу найраг жаахан ухдаг, залуугийн дуртай шүлгийг цээжээрээ мэддэгээс бусдаар түүнтэй онцгой нийцэл үгүй бөгөөд ямар нэгэн хүүхдийн төлөө сошиал хуудас ажиллуулдаг гэж ганц хоёр удаа дурдагдах боловч түүнийхээ төлөө цаг зав, хөдөлмөр золиос гаргаж байгаа нь хэзээ ч харагддаггүй, тэр нь магадгүй залилан эсвэл мөнгө угаах сүлжээний хэсэг ч гэж хардмаар дэндүү учир битүүлэг нэгэн. Улмаар охины дүрд “Зүгээр л болсон юмаа хэлчхээч дээ?!” гэж дэлгэцрүү хашхиран уцаарламаар мөч хэд хэдэн удаа тохиох бөгөөд яагаад хэлж болохгүй байгаа нь ойлгомжгүй, өөрийгөө зөвтгөн тайлбарлахгүй, дэргэдэх хүмүүсээ үргэлж хөлдөө чирч, харь гарагийн амьтан мэт энэ орчлонгийн бус бодлын процессоор амьдрах нь үзэгчийн хувьд ихээхэн ундууцмаар байлаа. Гэхдээ охин харь гарагийн нууцлаг бодолтой, залуу бол түмэн хэрэгцээ нь хэдийнээ гүйцэлдсэн ханхүү байлаа гээд автоматаар муу зүйл гэсэн үг биш. Нэгэндээ түй ч хэрэггүй, эсрэг тэсрэг ийм хүмүүс нэгэндээ хайр сэтгэлтэй болж байгаа бүтэн кино ч хийж болох. Гэтэл энэ хоёр шуурхай танилцаад, автоматаар нэгэндээ таалагдаад, элдвийн сорил бэрхшээлгүй шуудхан үерхэж эхэлсэн нь хосуудын холбоог даацтай-биш болгожээ. Харин ардаас нь киноны үлдсэн 50-60% буюу “зовлонт” хэсэг өрнөж эхлэхэд “Энэ хоёр маань битгий салаасай” гэж бодохын оронд “Тэр нэг хачин зантай юмныхаа юунд нь болдгийн, салчих нь л биздээ” гэх сэтгэгдэл илүүтэй төрөх ажээ. “Бэхэн Зүрх”-ийн сүүлийн хагас хэт хүндэрдэг. Хуучинсагдуу Монгол киноныхны үзүүлж ханадаггүй найзуудын урвалт хэрүүл, бодлогогүй харалган байдлаараа яаж тэрбумтан болсон юм бэ хэмээн инээд алдам “баячуул”, бие махбодийн болоод бэлгийн хүчирхийлэл, зодож асгарах их бороо, эр эм хоёулангийнх нь наад захын бэлгийн боловсролгүй дорой байдлаас болоод ирээдүйн хүний тавилангаар тоглоом хийдэг “Би жирэмсэн” момент гээд дотоодын “зовлонт” киноны “есөн шид” бараг бүрджээ. Зөвхөн охины дүрийн хувьд түүний зүг хэн нэгэн хашхичих зуур үрчийн уйлах хэсгүүдийг цуглуулж монтажлавал бараг 10-15 минут болох мэт яршигтай санагдана. Миний хувьд кино продакшн эхлэхийн өмнө найруулагчийн хүсэлтээр кино зохиолын сүүлийн хувилбаруудын нэгийг уншиж байв. Зохиолынхоо талаар ярилцаж, санаа бодлыг маань сонсохоор үнэлж холбогдсонд дахин талархал илэрхийлье. Ний нуугүй санал солилцсоны дүнд “Бэхэн Зүрх”-ийн өгүүлэмжид зарим өөрчлөлт орсон мэт боловч тодотгон сануулсан зүйлс болох хосууд нэгнийхээ юунд болж дурлаад, яагаад хамт байхаар зовоод байгаа нь ойлгомжгүй, охины дүрийн орон гаран, ухаанд нь ухна ишиг үхсэн мэт замбараагүй бодол хөдлөлүүд, туслах дүрүүд хүч нөлөөгүй тэгэсгээд л хаягдаж байгаа, харилцан яриа хэрүүл ихтэй, төгсгөл дэндүү хүндэрч романс кино триллер болсон асуудал яг хэвээр ажээ. “Бэхэн Зүрх”-ийн хаа нэгтээ сэтгэлийн гоо сайхан, уран сайхны хэрэгцээ нь амьдралын бодит сонголт шаардлагуудтай харшилдах залуусын тэмцэл; эсрэг тэсрэг гэмээр хүмүүс нэгнийхээ сэтгэлд нандин утсаар улбаалан ижилдэн дасах; зуны дэлгэр цаг, гэгээлэг уур амьсгал, энгийн ахуй орчны амар амгалан зураглал (cottagecore) бүхий улс орны болоод дэлхий дахины зовлон бэрхшээлийг хэсэг хором ч ангижруулан мартагнуулам сэтгэлд өег содон кино бий. Гэвч тэр кино Монгол уран бүтээлчдийн үзүүлэх дуртай боловч өнөөгийн үзэгчдийн үргэж зугтаадаг их зовлонгийн улигт өгүүлэмж дор далдарчээ. #ЦөөнҮгээр: Хайр сэтгэл, бодол мотивацийг нь ойлгох боломжгүй гол дүрүүд. Монгол киноны “нөгөө л” зовлонтой үйл явдал. Юу өөр байсан бол өнөөдрийн кино илүү таалагдах байсан бэ? ЖАНРТАА ТУУШТАЙ БАЙХ “Бэхэн Зүрх”-ийн эхний хагас нь залуусын өөрийг олох (coming of age) хайр уянгалал (romance/melodrama), нөгөө хагас нь драм триллер байв. Үүнийг тэнцвэржүүлж чадах зохиол найруулга байж болохыг үгүйсгэхгүй ч киноны хоёр хагас уур амьсгалын (atmosphere) хувьд хоорондоо авцалдахгүйгээс дүр, үйл явдал харшилдаж, киноны эхэнд үүссэн хүсэл хүлээлт сүүлийн хагаст тэс хөндлөн өөр болов. Иймд яг ямар жанрын кино вэ гэдгээ тууштай “барих” шаардлагатай. ХАЙР ОЛОН ШАТТАЙ Автоматаар нэгэндээ таалагддаг, ebarimt уншуулж байгаа юм шиг хурдан болчихдог үерхэл амьдрал дээр тохиодог ч хожим нь хосуудад асуудал тулгарч байгаа үед тэднийг хамт байгаасай гэж үзэгч бодохын тулд эхлээд үерхлээ “жинхлэх”-ийн өмнө хайрынхаа төлөө хэрхэн тэмцэж, ямар сонголт золиос гаргаж байгааг үзмээр байна. “Бэхэн Зүрх”-ийн хувьд хосууд бага багаар ойртох, үерхэх хүртлээ нөхөрлөл шохоорхлын төрөл бүрийн үе шатыг давах үйл явц (build up) дутав. ЭВЛҮҮЛГИЙГ ДАХИУЛАХ Кинонд зураг авалтын хачин шилжилт, учир утгагүй уйлаад л байдаг сцен, эсвэл жүжиглэлт, харилцан яриагаар үзэгчийн төсөөлөлд суулгах, асуулт таавар болгож үлдээх байсан зүйлсийг дэлгэц дүүрэн харуулсан алдаа олон байв. Ер нь эвлүүлгийг дахин хийж “Бэхэн Зүрх”-ийг эсвэл романс эсвэл драм триллер тийш нэгмөр хөрвүүлэх шаардлагатай мэт. Мөнгө Цагаа Буцааж Авмаар байна уу? Урилгаар үзсэн. Дунд хавиас гэрээ санаж, цагаа харж эхэлсэн. Бэхэн Зүрх МУСК (2022) – ★★☆☆☆ (1.5/5) + Киноны эхний хагасын зуны лагерийн сэтгэлд өег уур амьсгал (cottagecore!) + Танил монгол дуунууд ашигласан + Зарим шинэ залуу жүжигчид - Дэндүү хурдан биелэх үерхэл хайр - Эмэгтэй гол дүрийн бодлын процесс аль нэг тийш тууштай бус, эсрэгцэх ойлгомжгүй шийдвэрийг цаг үргэлж гаргадаг - Супер чадвартай, хэрэгцээ бүхэн нь бүтэн эрэгтэй гол дүр - Эвлүүлэг дээр “уран бүтээл ажиллагаа” харагддаггүй - Сунжруу урт санагдах үйл явдлын хэмнэл - Хаягдаж мартагдах туслах дүрүүд - “Андашгүй” гэрэл тавилт, - Оффисын хэсэгт гадаад яриатай шум байсан уу??? (stock sound) 2024-06-06 16:06:12 Дэлгэрэнгүй",[],87.17165669,1ц 27м
2438,Сэвлэг,Кино,,2023,13+,,7,Ц.Цэрэндорж,О.Батзориг,"Н.Нэргүйбаатар, Э.Мөнхтөр, Ц.Цэрэндорж, Д.Оюунзул, Ц.Гомбосүрэн, Хаанаас үзэх вэ? Жүжигчид О.Батзориг Ц.Цэрэндорж Н.Нэргүйбаатар Э.Мөнхтөр Д.Оюунзул Ц.Гомбосүрэн",[],87.17165669,1ц 27м
2439,Сүүдрийн хот,Кино,,2023,13+,,5,Е.Даваасүрэн,Е.Даваасүрэн,"А.Энхжин, Е.Даваасүрэн, Б.Пүрэвдорж, Б.Баяржавхлан, Р.Отгонбаяр, Жүжигчид Е.Даваасүрэн А.Энхжин Б.Пүрэвдорж Б.Баяржавхлан Р.Отгонбаяр",[],87.17165669,1ц 27м
2440,Миний хүүтэй гэрлээч,Кино,,2023,ЭЭХ,,3,Ц.Хүсэлбаатар,Ц.Хүсэлбаатар,Ц.Хүсэлбаатар С.Өлзийхүү Э.Төрбат Л.Чаминчулуун Ж.Мөнхсайхан Д.Бямбацогт А.Гэрэлцэцэг Г.Ариунгэрэл Р.Адъяа Г.Золбоот Х.Батбаяр Ц.Нямжав Т.Бадамжав Б.Замилан Э.Уянга Т.Номин,Хас урлан фильм,87.17165669,1ц 27м
2441,Баавгай болохсон,Кино,,2024,ЭЭХ,,7.1,П.Золжаргал,П.Золжаргал,П.Золжаргал Ш.Даваасамба С.Батзориг Д.Дэлгэрсайхан,Амигдала фильм,87.17165669,1ц 27м
2442,Мөнх Тунх: Ямар нэг юм аварсан нь,Кино,,2022,Б,,6.8,Х.Батболд-ийн,,"Ц.Бат-Оргил С.Сэлэнгэ Кино шүүмж Mungun “Мөнх Тунх: Ямар нэг юм аварсан нь” нь Монгол ардын үлгэрийн ертөнцүүдээр аялж, тэднийг судалдаг хүүхдүүд тэдгээр ертөнцүүдийг устгаж буй хорон санаатантай тэмцэж буй талаар адал явдалт хүүхэлдэйн кино юм. Тус кино нь #GertoonCartoon Youtube channel дээр үнэгүй нийтлэгддэг “Munkh Tunkh” (2020-) цувралаас улбаалсан хүүхэлдэй бөгөөд миний хувьд франчайзтай танил биш, эх бүтээлийн нэг ч ангийг үзэж байгаагүй. Киноны эхэнд “Мөнх Тунх гэдэг ийм дүрүүдтэй, ийм учиртай” гэсэн оршил тайлбарыг оруулсан нь Монгол хэл дээрх Youtube channel-ууд үздэггүй над шиг “далий” үзэгчдэд ихээхэн тустай явдал болжээ. Өнөөдрийн франчайз нь жаалууд, нохой муур бас роботтойгоо нийлж Монгол үлгэрүүдийн “ертөнц”-үүдрүү үсэрч орохдоо супер хүчтэй болж, адал явдал туулдаг учиртай цуврал юмсанж. Бага насны хүүхэд эсвэл дүүдээ Монгол соёл уламжлал, үлгэр домгийг нь таниулах учраа олохгүй бол орчин үеийн өнгө будаг, яриа хэллэг, танил инфлүнзрүүдээр нь “чихэрлэсэн” энэ арга нь цаг үеийн хэрэгцээгээ мэдэрсэн уран бүтээлч эрэл хайгуул шиг санагдав. Гэвч Tom & Jerry-с орчин цагийн Love Death & Robots; Америкийн Pixar, Disney-с Японы Ghibli, Madhouse хүртэл шинэ-хуучин, Өрнө-Дорно, хүүхэд-насанд хүрэгчдийн гэлгүй үй түмэн хүүхэлдэйг үзэж, “animation” гээч уран бүтээлийн хэрэгслийн (creative medium) хязгааргүй боломжийг амталсаар муу зүй сурсан орчин цагийн үзэгчийн хувьд Мөнх Тунх-ийн театрын кино нь нүд, чих, бодол сэтгэхүйг “өлсгөсөн” бүтээл болжээ. “Холливууууд, Нээтфлээксд гаргана, пэстпааалд явна” хэмээн биеэ өргөмжилсөн Монгол “кино”-нуудыг гадны хүнд үзүүлэх нь бүү хэл Монгол найзууддаа ярьж өгөхөд ч эздийнх нь өмнөөс бөгс улаймаар байх нь элбэг. Тэгвэл илүү өндөр хэмжээний сахилга бат, төлөвлөлт, цаг хугацаа, авьяас чадвар, хөрөнгө мөнгө шаардагддаг animation-ий салбарын хувьд бидэнд дэлхийгээс суралцах, Монголд тулгарч буй сорилтуудыг шийдвэрлэх, өөрийн өвөрмөц арга барил, дуу хоолойг олох орон зай шаардлагатай нь мэдээж. Тиймдээ ч миний хувьд онцлохыг хүссэн зүйл нь “Мөнх Тунх” киноны техник гүйцэтгэл, animation-ий чанар гэхээсээ уран сайхны шийдэлтэй холбоотой асуудлууд байв. Тухайлбал зураг авалтын зохиомж, дүрүүд болон харилцан яриа. Мөнх Тунх-ийн дундуур сайн чанарын motion graphic маягийн машид хичээж зурсан боломжийн хийцлэлтэй сценүүд байсан боловч тэдгээр нь маш богино, хоорондоо хол зайтай байв. Харин дийлэнх хэсэгт нь дүрүүд нэг л орчиндоо бөөгнөрч зогсоод ямар нэг зүйл нэгэндээ тайлбарлах ажээ. Энэ нь киног нүд харцыг булаах зүйлгүй, сэтгэл хөдлөл өдөөх хүчгүй, хөдөлгөөнгүй “хавтгай” хийцлэлтэй болгосон байна. Гэтэл зөвхөн дэлгэцэд юуг яаж харуулах, эс харуулах зураг авалт (cinematography) болон зохиомжийн (composition)-ийн арга ухааныг ашиглан үзэгчийн анхаарлыг чиглүүлж, ньюансыг илэрхийлж, төрөл бүрийн сэтгэл хөдлөлийг үүсгэж болно. Арга ядахад супер баатрын зурагт ном маягийн “Paw!”, “Boom!” г.м арын фонын өнгө будаг, гэрлийг сэлгэх зэрэг наад захын техникүүдийг зохих хэмжээнд ашигласан-сан бол Мөнх Тунх кино маш олон зүйлийг “яавахдээ л” чанартай үзүүлэн мартагдах бус, цөөн зүйлийг чанартайгаар харуулж, “дахиад тэрийг харчих юмсан” хэмээн үзэгчийг дэгээдээстэй дуусах байсан мэт санагдана. Магадгүй animation-ий чанарт сөргөөр нөлөөлсөн зүйл нь Мөнх Тунх-ийн хэт олон дүр байсан болов уу. Мөнх хүү, Тунх охин, тэдний ах, нохой, муур, хээрээс олдсон хүүхэд, дайчин шувуу, хөвсгөр хурга, бар, бамбар, Gremix гэх мэт дүрүүд нь цувралаа баяжуулдаг байж болно. Гэвч бүрэн хэмжээний кинонд хэт олон дүр багшралдах нь тэдний хэн нь хэн бэ, ямар зан чанар, онцлог ялгаа, дотоод ертөнцтэй вэ гэдгийг кино илэрхийлэх, үзэгч тогтоож санах орон зайгүй болгожээ. Магадгүй дүрүүдийг цөөлөх арга сэдэж, эсвэл багийг хоёроос гурав хувааж хоорондоо хамааралтай өөр өөр адал явдалд илгээх нь оновчтой байсан байж мэдэх. Олон олон дүрийг үзэхэд бүр ч зүрхшээмээр болгосон зүйл нь Мөнх Тунхын харилцан яриа байв. “Чи X-ийг мэдэх үү? Аан тэгвэл X-ийг би чамд тайлбарлаж өгье. X- гэдэг бол… Тэгвэл X тийм учиртай байхнээ” гэх мэт нэг зүйлээ маш олон удаа давтсан харилцан яриаг киноны турш сонсох нь галзуурмаар. Хүүхдүүдтэйгээ хүүхэлдэйг үзэхээр сайн дураараа болон хүсэл зоригийнхоо эсрэг дайчлагдсан ах эгч, аав ээж, өвөө эмээ нарын хувьд үзэж гайхах animation-гүй дээрээ нэмээд сонсоход залхам харилцан яриатай байх нь хүүхдийнхээ дэргэд утсаа ухах, эсвэл унтаад өгөх онцгүй үйлдлийг өөхшүүлж байв. Гурван хүүхэд дагуулж яваа нэг аниа хоёр минут их чанга хурхирсан. Тэсгэл нь алдарсан эгчийг би үнэндээ буруушааж чадахгүй нь. Олон хүний авьяас, хүч хөдөлмөр, сэтгэлийн болоод эд материалын хөрөнгө оруулалт азаар огтлолцож, Монголд Монгол animation хийгдэж байгааг харах бахархмаар. Магадгүй зарим хүний хувьд “Пүүү бро! Яааамр мундгийн 10/10 #haterzgonnhate” гэх сэтгэгдэл төрснийг ч үгүйсгэхгүй. Гэвч агаарын хоосон магтаал, залхуурал, нүдэн балай, чихэн дүлий байдал “Монгол кино”-г ямар гээч мөхлийн ирмэгт авч ирээд байгаа нь хэн бүхний өмнө илхэн. Бид илүүг судалж, хүссэнээрээ чадахгүй бол боломжит өөр шийдлийг хайж, тууштай зүтгэх хэрэгтэй байна. Ямартай ч хэзээ нэг өдөр “түймэрдэх” потенциалтай “Монгол animation” гэх бяцхан цучлыг гал алдуулалгүй яваа уран бүтээлчдэдээ баярлалаа. #ЦөөнҮгээр: Дүү нтр нь угийн Мөнх Тунх-чин бол дүр үйл явдал нь таалагдаж магад. Бусад тохиолдолд, тухайлбал франчайзыг мэдэхгүй хүүхдүүд болон томчуудад хүүхэлдэйн үйл явдал, хийцлэл чанар төдийлөн онц санагдахгүй болов уу. ЮуӨөр байсан бол өнөөдрийн кино илүү таалагдах байсан бэ? ХАРИЛЦАН ЯРИАГ РЕДАКТОРЛОХ (dialogue) Нэг агуулгаа дөрвөөс таван удаа давтсан харилцан яриа маш ядмаг. Кино дэлгэцийн бүтээлийн “Ярих биш үзүүл” зарчмын яг эсрэгийг бүр x5 үржүүлж хийж байгаатай адил “нүгэл” байх. Хүүхэд ч цагаа тулахаар их зүйлийг ойлгодог. Дисней, Ghibli-ийн шилдэг бүтээлүүдээс бид одоо ч уйддаггүй суурь шалтгааны нэг нь тэдний харилцан яриаг хэзээ ч цэцэрлэгийн хүүхдэд үсэглэхийг зааж байгаа юм шиг бичээгүйтэй холбоотой болов уу. ЗУРАГ АВАЛТЫН ЗОХИОМЖ (composition, framing) Япон animation-д яагаад зүгээр л үүл нүүж, гол урсч эсвэл тодорхой нэг дүрийн өрөөсөн нүд, харц, эсвэл нуруунаас нь харуулсан зохиомжуудыг ашигладаг вэ? Энэ нь “заль” нь animation-ий хөдөлмөрийг хэмнэж, илүү чухал сценүүдэд хүчээ нөөх бололцоог өгөхийн зэрэгцээ кинондоо зохисон үедээ ертөнцийг амьд, дүрүүдийн сэтгэл хөдлөлийг томруун, яриа текстийг даацтай болгодог. ДҮРҮҮДИЙН ОНЦЛОГ (characterization) Avengers-ийн талаар олон homage хийж байхдаа Avengers-ийнхан яагаад дандаа багшралдаад яваад байдаггүйг анзаараагүй байна. Баатрууд тус тусын чухал даалгавраа биелүүлж, киноны оргил цэгт хүчээ нэгтгэх нь цөсийг хөөргөдөг бол бүх үед хэн нь ямар онцлогтой яадаг нь мэдэгдэхгүй нөхдүүд сүрэглээд яваад байх нь уйтгартай байв. МөнгөЦагааБуцаажАвмаар байна уу? Үгүй. Монгол animation-ийг нэг удаа дэмжсэндээ гонсойхгүй. Гэхдээ дараагийн удаа дахиад ийм юм үзвэл залхана.",Гэртүүн Хаанаас үзэх вэ?,87.17165669,1ц 27м
2443,Эмэгтэйн кейс,Кино,,2023,16+,,6.5,Д.Галбаяр,Д.Галбаяр,Д.Галбаяр Т.Хулан Т.Бархүү А.Цэгмэд О.Долгор Э.Батнямбуу Н.Баясаа,Гөү адвенчер студи Хаанаас үзэх вэ?,87.17165669,1ц 27м
2444,Залгамжлагч,Кино,,2022,13+,,0,,,"Э.Пүрэвжаргал, А.Энхжин, Э.Батнямбуу, Т.Борхүү, Ш.Батбаяр, Г.Даваазул, Хаанаас үзэх вэ? Жүжигчид Э.Пүрэвжаргал Т.Борхүү А.Энхжин Ш.Батбаяр Э.Батнямбуу Г.Даваазул",[],87.17165669,1ц 27м
2445,Доктор,Кино,,2022,13+,,0,Ц.Цэрэндорж-ийн,Ц.Цэрэндорж,"Т.Баттулга, Э.Пүрэвжаргал, Д.Хосбаяр, Ц.Төмөрхуяг, Б.Батхүслэн, Жүжигчид Б.Батхүслэн Ц.Цэрэндорж Т.Баттулга Э.Пүрэвжаргал Д.Хосбаяр Ц.Төмөрхуяг Кино шүүмж Mungun “Доктор” нь шоронгоос суллагдсан мэс засалч нэгэн бүсгүйн амийг санамсаргүй аварсан нь нөлөө бүхий улс төрчийн гэмийг илчлэх томоохон хэрэгтэй хутгалдаж буй талаар гэмт хэргийн триллер кино юм. “Доктор”-т “мордохын хазгай” тохиосон нь киноны эхэнд гадны нэртэй дууг ашигласан цочирдом явдал байв. Киноны төгсгөлд тухайн дууны нэр эсвэл дуунд зохиогчийн эрх авсан талаар мэдээлэл үгүй байсан нь “Бусдын оюуны өмчийг хүндлэн дээдэлдэггүй уран бүтээлчид ямар л өөдтэй бүтээл хийгээ аж даа?” хэмээх сөрөг анхны сэтгэгдэл, хардлага сэжгийг “Доктор”-ийн эхний мөчүүдэд төрүүлж, нийт киногоо хөөджээ. Киноны дүр үйл явдлын нөхцөл байдал (story set-up)-д Монгол үзэгчдийн өмнө харж байгаагүй зүйл үгүй. Бохир улс төрч, барлагууд, ямар нэг аллага, “Миний аавыг баян лаг аав гэдгийг мэдхөө чи” халамцуу зандрал, хошуугаа нийлүүлж халуунаар үнсэлдэн тэврэлдэх нь холгүй нэгнээ хоргоох “атаман”-ууд, тайзны хошин шогийн маягийн арчаагүй хулчгар найз, цээж нүцгэлэх л зориулалттай эмэгтэй дүр гээд манай гэмт хэргийн киноны улиг болсон есөн шид нь “Доктор”-т нэг ч дуталгүй бүрэн цуглажээ. Шинэ санаа, өвөрмөц өнцөг, ялгаатай хандлагыг хайх уран бүтээлч эрэл хайгуул энд нэгээхэн ч байсангүй. Бусад Монгол кинонд хэдэн зуун удаа харж цээжлэгдсэн эдгээр улигт дүр, үйл явдлыг үзэхэд бүр ч яршигтай болгосон “Доктор”-ийн нүдийг үл баясгаж, чихийг эс чимэх хийц чанар байв. Киног “дүрсний урлаг” болгодог зураг авалтын зохиомж, камерын хөдөлгөөн, эвлүүлгийн хэмнэл гэх ойлголт “Доктор”-т огтхон ч үгүй бөгөөд өнгө шүүлтийг нь мартчихсан гэмээр өнгөгүй саарал зургууд ч киноны дунд цохиж явсан нь цөөн биш. Цаашлаад “дууны чанар” гэдэг зүйл бүрмөсөн хаягдсан бөгөөд гар утасны бичлэгээс долоон дор ямар ч микрофонгүй залны царгиат “шум” харилцан яриа, паржиганах микрофон болоод дүрүүдийн хэлж буй чухал үгс ялгагдан сонсогдохгүй хэсэг дэндүү олон байсан нь “Доктор”-ийн базаахгүй чансааг улам ч дордуулсан байна. Магадгүй кино өөрөө ч өөрийнхөө продюсерийн нэрийг эхлэл болоод төгсгөлд нь “-батаар” эсвэл “-баатар” гэж хоёр ялгаатай бичиж санал нийлэхгүй байхад үзэгчид бид “Доктор”-ийг үзэхэд тулгарч буй харааны болоод сонсголын бэрхшээлүүд илүү дараагийн, бүр ахисан түвшний асуудал бизээ. “Доктор”-оос эергээр дурдаж болох ямар нэг зүйлийг олохоор чармайвал миний хувьд зохиол үйл явдлын бүтэц дарааллыг нэрлэх болов уу. Хэдий гүйцэтгэл нь сайн, сонирхолтой эсвэл бүтээлч огтхон ч биш боловч дүрүүдийг танилцуулах (character introduction), үйл явдлын эхлэл (inciding incident), өрнөл, эргэлт, урвалт, уналт, эргэн ирэлт, тайлал гэх мэт үйл явдлын эргэлтийн цэгүүд байсан Монгол киноны “дундаа очоод үйл явдал нь дуусчихдаг” асуудлаас сэргийлсэн байлаа. Гэвч нөгөө талдаа энэ нь ямар ч кинонд шаардагддаг наад захын үзүүлэлт бөгөөд “Доктор”-ийн гаргасан онцгой амжилт биш юм. “Доктор” нь үйл явдлын бүтэц дараалал (story outline)-аа зөв гаргасан боловч үзүүлж буй дүр үйл явдал нь хуучинсаг бөгөөд улиг болсон, тэднийг илэрхийлэх киноны хийц гүйцэтгэлд хөдөлмөр, хичээл зүтгэл нэн хангалтгүй харагдсан нь киног бүтэлгүйтэхэд хүргэжээ. Миний хувьд “зуны амралт”-аараа театрт Монгол кино ойрд үзээгүй биш байсан бол “Доктор”-ийг дундаас нь орхин гарах байсныг үгүйсгэхгүй. Цөөн үгээр “Гэмт хэргийн жанрын Монгол кино” буюу нөгөө л бохир улс төрч, гэмт хэрэг, атаман г.м-ийг ямар ч шинэчлэл, сайжруулалт, эрэл хайгуулгүй өнөө л янзаар нь базаахгүй хийц гүйцэтгэлтэй ягштал давтсан уйтгар. Юу өөр байсан бол өнөөдрийн кино илүү таалагдах байсан бэ? + Дууны чанар Өрөөнд цуурайтсан, микрофон нь паржиганасан дууны чанарыг 2022 онд хүлээн зөвшөөрөх ямар ч үндэсгүй. Мэргэжлийн ажиллагаагүй, үзэгчдийнхээ харах сонсох мэдрэмжийг эс хүндэтгэсэн, уран бүтээлчид өөрөө өөрсдийгөө хуурсан сонирхогчийн бичлэг ямар ч үнэ цэнгүй. + Хэв шинжит дүрүүдээс зайлсхийх Ууртай улс төрч, групп компанийн өв залгамжлал, баян айлын хүүхэд, арчаагүй найз, атаман г.м дүрүүдийг бүх кинонд давтагддаг жүжигчидтэй нь ахин дахин харахаас үнэхээр уйдаж байна. Тэднийг өөр өнцгөөс харуулах, эсвэл өөр шинэ төрлийн дүрийг эрэлхийлэх нь илүү сонирхолтой өгүүлэмж, нөхцөл байдлыг бий болгох болов уу. Мөнгө  цагаа буцааж авмаар байна уу? Тийм. Ийм киног хүлцэж цагаа үрэхээр зуны сүүлчийн өдрүүдийг агаар салхинд өнгөрөөх нь илүү тустай бизээ.",[],87.17165669,1ц 27м
2446,Цагаан эрэг,Кино,,2023,13+,,4.5,Ц.Амартүвшин,Э.Ган-Очир,"Э.Ган-Очир Ц.Амартүвшин Э.Тодгэрэл Н.Баясаа Ч.Очгэрэл Кино шүүмж Mungun Аргацаасан залхуутай нүцгэллүүд “Цагаан Эрэг” нь ажил амьдралын хэмнэлээсээ уйдсан залуу эхнэр хүүхдийнхээ ардуур нэр зүс нь үл мэдэгдэх бүсгүйтэй утсаар фантазлан харилцаж буй талаар эротик драм кино юм. Киноны үүдэл санаа (premise) уг нь хоосонгүй. Залуугийн хувьд гэр бүл, боломжийн бизнестээ сэтгэл үл цадах байдал нь киноны “драм” бол, утасны ардах нууцлаг хоолойн эзнийг эргэн тойрны эмэгтэйчүүдээрээ төсөөлөн “нүцгэлэх” нь киноны “эротик” ажээ. Харамсалтай нь аргацаасан дутуу зохиол, халтуурдсан залхуу найруулга нь “Цагаан Эрэг”-ийг “хэрүүл = драм”, “хөх = эротик” хэмээх хязгаарлагдмал харанхуй сэтгэлгээтэй түгээмэл ядмаг Монгол киноны нэг болгожээ. Киноны эротик хэсгүүд жингүй хоосон. Эзэнгүй уул, хүнгүй талд ч интернэт хүрч, манай хамгийн амжилттай хаад ноёдын амьдралдаа “байлдан дагуулсан” бүх эмэгтэйг нийлүүлснээс ч хэд дахин олон нүцгэн бүсгүйг гар утастай хэн ч гэсэн “ёоз ёозоор” нь уйдаж залхатлаа үнэгүй үзэх боломжтой цаг дор “Цагаан Эрэг”-ийн эротик сценүүд цагаан толгой мэт “элементарны”. “Манай уран бүтээлчид юм үзэж хардаггүй, судалгаа хийх нь угийн муу юм хөөрхий” гээд эротик сцений энгийн бүдүүлэг байдлыг “нүдээ аниад өнгөрөөж” болох. Гэвч киног “кино” болгодог - тархийг гижигдэх, нэгийг бодогдуулах, сэтгэлийг савлуулж сорих эмоци, өвөрмөц санаа, утга учир (context) “Цагаан Эрэг”-ийн эротик сценүүдэд таг. Өөрөөр хэлбэл, нүцгэлэл нь дүрээ баяжуулж, үйл явдал нь sex scene-дээ хөтлөн догдлоох эротик жанрын бүтэц ухагдахуун “Цагаан Эрэг”-ийн зохиол найруулгад сох дутсанаас манайхны муйхарласан модон softcore сценүүд нь интернэтээс үнэгүй шилж болох дурын зураг бичлэгтэй өрсөлдөх чадваргүй. Зохиол оромдсон залхуу, “найруулагч” гэдэг хүн кино зургийн талбар дээр ер нь байсан ч юмуу гэмээр санагдуулах хамгийн хурц баримт нь “Цагаан Эрэг”-ийн гэр бүлийн асуудлын тусгал болон эл асуудлын “шийдэл” юм. Залууд яг юу болохгүй байгааг үзэгчид бид төдийлөн эс ойлгоно. Эхнэр нь түүнийг хүсдэг, хүүхэд нь эрүүл саруул, оффисын ажил нь цагтаа тардаг, халтуурын бизнес нь под хийсэн амжилттай мөртлөө яагаад чатаар ирж л байдаг элдвийн луйврын адил текстэд намба алдаж, юм үзээгүй царайлах дорвитой учир шалтгааныг бид мэдэхгүй. Киноны хугацаанд залуугийн хөндий хандлагыг эхнэр эргэлзээгүй анзаарч зөрчил үүсэх боловч бид эхнэрийн бас нөхрийн байр суурийг мөн л лавшруулан судлахгүй. Харин ч туйлдаа хүрсэн үйл явдал гэнэтхэн цаг хугацаагаар үсэрч, хосууд дэлгэцээс цаагуур ид шидээр учраа олж, бүх асуудал өргөс авсан мэт шийдэгдсэн байх нь киноны хэмнэлгүй өрнөл, хийцгүй эротик сценүүдийг арайхийн тэвчиж тайлал хүлээсэн үзэгчдийн оюун ухааныг уландаа гишгэсэн доромжлол болов. Хэрэв энэ доромжлол биш бол киноны зохиолч найруулагчид жинхэнэ драмыг дүрслэх, тайлах, гаргалгааг олох ямар ч ур чадваргүй гэдгийн томоохон баталгаа болов уу. Далий нэг зүйлийг заавал дурдахыг хүссэн нь гэр бүлийн амьдрал, хүний өөрөө өөртэйгөө амар амгалангаа олох үйл явцын нэн хоцрогдсон, хөмөрсөн тогооны харанхуй дүрслэл юм. Гол дүрүүд хувийн, гэр бүлийн болон харилцааны асуудлаа үнэнээрээ нүүр тулж тунгаадаггүй, илэн далангүй ярилцдаггүй. Харин энэхүү асуудлыг шийдэх зам нь “Цоожтой авдар мэт хоёр талдаа сууж байгаад шинэ хүүхэд хийх” хэмээх хөх инээд хүрмээр илжгэн ухааныг “Цагаан Эрэг” дэвшүүлжээ. Гэтэл хувь хүний болон хосуудын суурь асуудал шийдэгдээгүй цагт тэд мянган хүүхэд үйлдсэн ч гэр бүл эргэлзээгүй сарних бизээ. Интернэтийн үнэгүй зураг бичлэгээс дутуу модон “эротик”, ухсан нүхнээсээ ухаалгаар гарах аргагүй доромжилсон залхуу тайлалт “драм”-тай “Цагаан Эрэг” нь зохиолгүй, найруулагчгүй хийсэн гэлтэй ядруухан ядмаг кино ажээ. Тэд “эротик драм” гэж мөнгө босгоод AirPod-ийн реклам хийж, хэдхэн цаасаар хэдэн эмэгтэйг нүцгэлсэн бичлэг эвлүүлээд, үлдсэнээр кино хийж байгаа нэрээр гадаад далайн эрэгт зугаалж яваад ирсэн гэлтэй. ЦөөнҮгээр: Хэрүүл хийгээд “драм”, хөх гаргаад “эротик” кино хийлээ гэж харанхуй андуурах аргацаасан ядруухан Монгол кино. Юу өөр байсан бол өнөөдрийн кино илүү таалагдах байсан бэ? ЭРОТИК =/= НҮЦГЭЛЭЛ Хий хоосон нүцгэлэл, sex scene гаргаад л байвал эротик жанрт интернэтийн үнэгүй random зураг бичлэгээс ялгагдах зүйл үгүй. Эдгээр зүйлсэд бодол санаа, сэтгэл хөдлөлийн “даац” болохуйц дүр үйл явдал, өгүүлэмж, утга санааг эрэлхийлэх нь энэ жанрын онцлог гэдгийг ойлгомоор байна. УХСАН НҮХНЭЭСЭЭ ӨӨРӨӨ ГАР Дэвшүүлсэн асуудлаа яаж шийдэж байгаагаа заавал харуулмаар байна. Цаг хугацаа үсэргээд “ингээд амар сайхандаа жаргажээ” гэдэг бол “аргагүй хүний арга”. Ингэж залхуурах нь мэргэжлийн уран бүтээлчдээс байж боломгүй, үзэгчийг доромжилж байгаа хэрэг. “Драм” хийхэд толгой нь хүрэхгүй бол шийдлийг нь олоход толгой нь хүрэхээр өөр дүр үйл явдалд чиглэх. ДУУ ШУМ Камерын өнцөг солигдоход дууны чанар хувирах; хүмүүс хөдлөх, ярих бүрд микрофон нь паргиж шаржигнаад байх сонирхогчийн алдааг мэргэжлийн уран бүтээлчид 2023 онд гаргасаар байгааг гайхаж баршгүй нь. МөнгөЦагааБуцаажАвмаар байна уу? Тийм. Төгсгөлд нь мөнгө цагаа луйвардуулсан мэдрэмж л үлддэг “бичлэг”. Цагаан Эрэг (2023) – ★☆☆☆☆ (0.5/5) + (сайшаах зүйл миний хувьд олдсонгүй) - Хэмнэл дараалал зуун задгай үйл явдал (story structure) - Оргил цэгтээ шийдэл гаргалгаагүй залхуу эргэлт (plot twist) - Асуудал дээр асуудал л нэмэх ахархан ухаантай залхуу төгсгөл (story resolution) - Маш уйтгартай, жижүүрийн зураг авалт - Ямар ч зорилгогүй гадаадад хийсэн зураг авалт (waste of funds) - Шуугиж паржигнасан дууны чанар - Жүжигчид сонголт эргэлзээтэй (miscast) - Маруухан жүжиглэлт (line delivery) - Хулгайн хөгжим (Waves Crashing on Distant Shores of Time - Clint Mansell - Black Mirror-н ""San Junipero"" дээр гардаг) 2024-06-06 17:12:24 Дэлгэрэнгүй",Ф студи Хаанаас үзэх вэ?,87.17165669,1ц 27м
2447,Үйлийн үрийн дэн буудал,Кино,ЦАГИЙН ХУВААРЬ,2022,16+,,6.7,,,"Э.Мөнхбат, Б.Баттогтох, Д.Цэрэндарьзав, Р.Баттогтох, Н.Бямбацогт, Л.Ариунболд, Б.Батхүслэн, Хаанаас үзэх вэ? Жүжигчид Б.Батхүслэн Э.Мөнхбат Д.Цэрэндарьзав Б.Баттогтох Р.Баттогтох Н.Бямбацогт Л.Ариунболд",[],87.17165669,1ц 27м
2448,95: Зүүдний хүн,Кино,,2023,13+,,7.3,П.Дэлгэрбаяр,П.Дэлгэрбаяр,"Э.Батнямбуу, С.Сарнай, О.Оюун, Э.Мөнхбат, Ё.Алтангэрэл, О.Гэрэлсүх, У.Пүрэвжав, П.Дэлгэрбаяр, Б.Наранбаатар, П.Хишигбуян, Хаанаас үзэх вэ? Жүжигчид Э.Батнямбуу П.Дэлгэрбаяр Ё.Алтангэрэл С.Сарнай О.Гэрэлсүх О.Оюун У.Пүрэвжав Э.Мөнхбат Б.Наранбаатар П.Хишигбуян",[],87.17165669,1ц 27м
2449,Застав,Кино,,2023,ЭЭХ,,6,Б.Мөнх-Амьдрал-ийн,,"Т.Хулан, Г.Ганбат, М.Дорждагва, Жүжигчид Т.Хулан М.Дорждагва Г.Ганбат Кино шүүмж Mungun “Застав” нь 1970-аад онд, БНМАУ-ийн үеийн хилийн цэргийн хөдөөгийн нэгэн зэлүүд заставын эргэн тойрны амьдралыг өгүүлэх түүхэн драм кино юм. Киноны постер болон “хил”, “цэрэг” гэх сэдвийг хараад “Зааддаа энэ ч нөгөө #Фантастик жанрын буу шийдмийг дураараа дургих мэдэлтэй нь бэлэглэчихвэл Гитдыг сөнөөгөөд жинкэн Монголчуулыг ялуулах күүл атаман ах нарын шастир” төрлийн, гэхдээ постерын чансааг хараад Фантастик шиг туйлах мөнгөгүй ч бичил төсвөөр “болгодог” #Этик-ийнхантай дүйх шинэ “тоглогч” юм болов уу гэсэн бодол зурайв. Тэгсэн яасан гээч? “Күүл атаман ах”-гүйгээр цэргийн тухай, ер нь Монгол эрэгтэй хүний тухай кино хийхийг хуулиар хориглодог мэт Монгол киночдын улиг болсон дэгийг “Застав” зөрччихжээ. Маргааш нар баруунаас гарах нь! Арми, хил гэхээрээ манайхан “Цэрэг, эх орон, УРАА УРАА УРАА” гэж сохроор муйхарладаг явдлыг “Застав”-ийн уран бүтээлчид харьцангуй зоригтойгоор “эвджээ”. Цэрэгт ч бас хүмүүс ажиллахын зэрэгцээ аж төрж, өдөр тутамдаа өөр өөрийн хувь хувьсгалын асуудал сорилттой тулгарч, туулдаг гэдгийг энэ кино үзүүлэхээр оролдсон нь сэтгэлд багагүй хүрэв. “Застав”-ийн уран бүтээлчид хилийн цэргийн амьдралыг хүншүүлж, хөрсөн дээр нь буулгахдаа хэд хэдэн сонирхолтой зөрчлийг ашиглажээ. Москвагийн төвөөс Монголын хөдөө томилогдсон залуухан офицер болон түүний найз бүсгүй болох заставын даруухан эгэл амьдралд давчдах бүжигчин орос охин; өөрийнх нь карьерийн төлөө Улаанбаатарын амьдралаа олон жилийн тэртээ золиосолсон эхнэрээ хардан шаналах заставын эрхлэгч; “нутгийн ах”-нхаа далбаанд багтахаар хөөрцөглөсөн нь цочирдом андуурал болсон гэнэхэн шинэ цэрэг; учир битүүлэг зорилгоор байлдагчдын толгойг эргүүлэх нутгийн малчин иргэн зэрэг нь төрөл бүрийн үзэгчдийн сонирхлыг татаж болохуйц үйл явдлын баялаг потенциалтай байв. Харамсалтай нь киноны эдгээр үйл явдал нь өөр хоорондоо харилцан нөлөөлөх хамаарлын хувьд (cause-effect) сул байсан нь бэсрэгхэн урам хугалам. Магадгүй хоорондын уялдаа холбоог боловсруулан дэлгэрүүлж, Netflix-ийн Солонгос драм маягийн 16 ангит олон ангит кино болгосон бол илүү оновчтой байх мэт. Гэвч энэ параллель үйл явдлууд нь агуулгын хувьд “маргаангүй сайн” эсвэл “өчиггүй муу” гэх хүүхдийн үлгэр мэт хар цагаан хоёрхон өнгөт хэт энгийн өгүүлэмжтэй Монгол киноны хэвшмэл байдлыг сорьж “саарал өнгөтэй”, ньюанстай нөхцөл байдлуудыг дэвшүүлэхээр оролдсон нь дотоодын кинонд цөөн үзэгддэг магтууштай дэвшил болжээ. Гэхдээ миний хувьд “Застав”-ийн хамгийн магтууштай шинж нь энэ киноны цээжээ дэлдэж чихэнд хашхираагүй мөртлөө сэтгэлийн утсыг сэмээрхэн илбэсэн “эх оронч” үзэл байв. Бидний “эх орон” бол хилийн багана гэх үлгэрийн шугамын наана багтсан хэсэг элс шороо биш; Харин “эх орон” бол халуундаа шарж, хүйтэндээ хөлдөөдөг энэ хатуу нутгийн хахир амьдралыг мэдэж мэдэрч хуваалцдаг нүүдэлчин угсаат зон олон бид өөрсдөө юм шүү гэдгийг Монгол кино маань хүчлэлгүй, чарлалгүй, булчин махаа ярзайлгаж, буу шийдмээр тоглолгүй харуулсан нь гайхмаар тааламжтай шинэ мэдрэмж байв. “Застав”-ийн хийц чанар, зураг авалт, жүжиглэлт, үйл явдлын гүйцэтгэлд чамлам зүйл тоймгүй. Гэвч энэ киноны хүмүүсийн амьдралын үнэн асуудлын дүрслэл, хялбархан шийдэлгүй саарал өгүүлэмжийн зүтгэл нь Монгол киноноос миний үргэлж хүсч хүлээдэг уран бүтээлч эрэл хайгуулын ховор илрэл байлаа. ЦөөнҮгээр Хийц чанар тарчиг. Гэхдээ дүр үйл явдал нь бишгүй сэтгэл татам. #ЮуӨөр байсан бол өнөөдрийн кино илүү таалагдах байсан бэ: ҮЙЛ ЯВДЛЫН ХОЛБОО A, B, C, D гэх мэт дэд үйл явдалд юу болж байгаа нь бусдадаа нөлөөлдөг, хоорондоо холбоотой байвал сонирхолтой. #GameOfThrones дээр дүрүүд нь хоорондоо хэзээ ч тааралддаггүй, олсон амжилт гаргасан золиос нь ертөнцөд нь нөлөөлдөггүй байсан бол хэчнээн “дутуу” санагдах байсан бэ? ЗУРАГ АВАЛТ Хөдөө очиж зураг авсны хэрэг төдийлөн гараагүй. Их далай шиг цэлгэр тал, хязгааргүй цэлмэг тэнгэр, байгалийн тогтцуудыг зураг авалтдаа илүү их тусгавал кино нүд баясгам (cinematic) болох байв. Дотоод орчны зураг авалтууд маш жижүүрийн тавилттай. ЖҮЖИГЛЭЛТ Зарим жүжиглэлт хэт хэтрүүлэлтэй, зарим нь хангалттай сэтгэл хөдлөл хувиралгүй, жигд-биш санагдсан. Харамсалтай нь “найруулагч жүжигчидтэйгээ илүү их ажиллах хэрэгтэй” гэдгээс цаашлах хэрэгцээтэй санал надад одоогоор үгүй. МөнгөЦагааБуцаажАвмаар байна уу? Санал болгох хэмжээний чансаатай биш ч, мөнгө цагаа хулгайд алдсан юм шиг санагдаагүй.",[],87.17165669,1ц 27м
2450,Алдагдсан өдрүүд,Кино,,2023,Б,0ц 1м,6.7,Б.Гарамханд,,"Г.Тэнүүн-Эрдэнэ, О.Амгаланбаатар, Ц.Мичидмаа, Б.Баттогтох, Хаанаас үзэх вэ? Жүжигчид Б.Баттогтох Б.Гарамханд Г.Тэнүүн-Эрдэнэ О.Амгаланбаатар Ц.Мичидмаа Кино шүүмж Mungun “Алдагдсан Өдрүүд” нь аав ээжтэйгээ муудалцсан хүү алдагдсан нохойгоо сурвалжилж буй талаар өсвөр насны (coming-of-age) сэдэвт драм кино юм. Миний хувьд өнгөрсөн хавар уг киноны зохиолын багт хоёр долоо хоног орчим “ажилласан” боловч дэвшүүлсэн санаанууд төдийлөн дорвитой тусгагдаагүйн дээр нэр дурдагдаагүй (screen credit), мөн хөлсөө ч аваагүй үндэслэлээр “оролцсон” гэж хэлэхэд учир дутагдалтай санагдав. Өнөөдрийн киноны хамгийн сэтгэлд хүрсэн шинж нь дотоодын кинонд харьцангуй цөөн гардаг гэр бүл, өсвөр насны өгүүлэмж байв. Иймэрхүү кино ховор мөртлөө, байдаг хэд нь “Арван жилийн зодоонч найзуудын хайрын гурвалжин” эсвэл “Ганц хүүхдийнхээ толгойг би мэдье!” гэж муйхарлах эцэг эхийн өгүүлэмжээс хэтрэхгүй нь элбэг. Тэгвэл дөрвөн хөлтэй ч адилхан л нандин “найз”-ийг онцолж, гэр бүлийн намжирдсан хортой харилцаанаас татгалзаж, багш захирлаас алсуурхан зуны амралтыг үзүүлэх нь “Алдагдсан Өдрүүд”-ийг жанрынх нь Монгол хамаатнуудаас ялгажээ. “Алдагдсан Өдрүүд”-д бишгүй олон эгдүүтэй дүр, цөөнгүй хөөрхөн сцен бий. Гэвч эдгээр элемент нь уусалдан нэгдэж, нийт бүхэлдээ “эгдүүтэй хөөрхөн хөгжилтэй” кино болж хараахан чадсангүй. Киноны уур амьсгал (vibe)-ийг Instagram-ийн эффекттэй зүйрлэвэл өсвөр насны сэдэв жанр нь гэгээлэг, солонго-лог филтер байх болов уу. Гэвч “Алдагдсан Өдрүүд”-ийн уран бүтээлчид кинондоо оновчгүй “филтер” ашигласнаас нийт үйл явдлын уур амьсгал “хүнд”, нүүгэлтсэн бараан болжээ. Амьдралын зарим асуудлыг хүүхдийн кинонд хэт серёзны чигээр нь дүрсэлж, өнгөлж тэнцвэржүүлэх хөгжилтэй өнцөг, хөнгөн шийдлүүдийг бэсрэгхэн дутааснаас “Алдагдсан Өдрүүд” бараан талруугаа хэвийсэн болтой. Гол дүрийн хүү нь шинэхэн дүү, халамж анхаарал нь холдсон эцэг эхээс эхлээд үлгэрлэл түшиг болох эрэгтэй фигур (role model)-н хайгуул, анхны хайрын сорилт, алга болсон нохойн эрэл сураг гээд том жижиг төрөл бүрийн асуудалтай тулгарна. Гэвч эдгээр сорилт нь хоорондын уялдаа сул, харилцан нөлөөлөл багатай нь киноны дүр үйл явдлуудыг салангид задгай санагдуулав. Улмаар, толгойг улам ч эргүүлсэн нэг зүйл нь “Алдагдсан Өдрүүд”-ийн үйл явдал чухам ямар хугацаанд үргэлжилж байгаа нь ойлгомжгүй үйл явдлын урсгал байв. Нохойн эрэл сураг эхлэх, хоёр дөрвөн хөлтэй нөхөд хүч хавсрах, гэр бүл сайдалцан муудалцах зэрэг ахуйн болон сэтгэлийн сорилтууд нь нэг урт өдөр эсвэл хэд хоногт болоод буйг баримжаалах, ялгаж салгахад тун ч хүндрэлтэй. Өөрөөр хэлбэл, зарим бага өрнөлтэй сцен бүтэн өдөр эзлэх мөртлөө хэд хоногт өрнөх мэт явдал хэдхэн цагт болсон байх нь өгүүлэмжийг ойлгох үзэгчийн “баримжаа”-г (narrative cohesion) булингартуулсан санагдав. “Алдагдсан Өдрүүд”-д гэр бүлийн харилцаа, ялангуяа аав нарын талаар зарим дэвшилтэт санаа байсан нь тун сайшаалтай. Гэвч өгүүлэмжийн орон гаран хэмнэл, жанраа “өсвөр насны” гэдгээ ухаарч “чихэр”-лэхээ дутаасан хэт драм-лаг сценүүд нь тус киног үзэхэд “хүнд” болгожээ. #ЦөөнҮгээр: Гэр бүлийн сэдэвт хөгжилтэй кино гэж төсөөлбөл жаахан урам хугарна. #ЮуӨөр байсан бол өнөөдрийн кино илүү таалагдах байсан бэ: ЦАЙВАР ЖАНР Хөөрхөн нохойны постер хараад хөгжилтэй кино үзнэ гэж бодсон нь андуурал болов. Жүжиж уянгалуулсан сцен нь хөнгөн, инээдтэй сценүүдээ хэт дарангуйлсан. Шилжилтийн нас, тэжээвэр амьтантай төрлийн кинонууд хэт хүндэрч “амьдрал”-даад байдаггүй балансыг анхаарах хэрэгтэй санагдсан. ҮЙЛ ЯВДЛЫН УЯЛДАА Дүрд тулгарч буй сэтгэлийн болон ахуйн асуудлууд хоорондоо холбогдохгүй, салангид байгааг зангидах. Мөн ямар хугацаанд юу болоод байгаа нь ойлгомжгүй “ачаалалтай” өдрүүдийг хөнгөлж, дорвитой сценгүй өдрүүдийг баяжуулж тэнцвэржүүлэх хэрэгтэй байх. ХӨГЖИМ Үзээд ойлгож байхад хөгжмөөр “зодож” үзэгч юу мэдрэх ёстойг хүчилсэн үе цөөнгүй. Сцений тавилт, жүжигчдийн гүйцэтгэлдээ итгэл хүлээлгэх хэрэгтэй юм болов уу. #МөнгөЦагааБуцаажАвмаар байна уу? Процесст оролцсон тул үзэхэд сонирхолтой сургамж (case study) байсан. Гэвч “Үзээч” гэж санал болгох хэмжээний биш. АлдагдсанӨдрүүдМУСК (2023) – ★★☆☆☆ (2/5) + Театрт харьцангуй цөөн гардаг хүүхэд/гэр бүлээрээ үзэж болох жанр + Аав нарын талаар дэвшилтэт санаа + Зарим хөөрхөн дүр + Зарим хөөрхөн сцен - Хоорондоо утга уялдаа бага сценүүд - Үйл явдлын цаг хугацааны орон зай ойлгомжгүй - “Загнуур” ээжийн дүр - Юу мэдрэхийг “заадаг” илүүц хөгжим - Жанраа ойлгодоггүй “хүнд” өнгө, уур амьсгал 2024-06-06 17:03:44 Дэлгэрэнгүй",[],1,0ц 1м
2451,Хайр 2,Кино,,2023,ЭЭХ,,6,Д.Түвшинбаяр,Э.Дөлгөөн,Д.Түвшинбаяр Х.Бадамгэрэл Г.Мөнхбаяр Э.Дөлгөөн П.Эрдэнэзаан П.Цэрэндагва Б.Батмэнд Д.Мэндбаяр Б.Батсумъяа,ХЕРУБ интертайнмент Хаанаас үзэх вэ?,87.17165669,1ц 27м
2459,Хамгийн сайхан нь 2,Кино,,2024,ЭЭХ,2ц 20м,5.6,,,,[],140,2ц 20м
2460,Зура 3: Цэвэрлэгээ,Кино,,2024,13+,3ц 52м,7.3,Б.Тамир,,"М.Баярбат, Б.Барслхагва, Н.Ялалт, Б.Тамир, Г.Золбоот, Т.Бархүү, Э.Тодгэрэл, Ц.Номин, Жүжигчид М.Баярбат - Б.Барслхагва - Н.Ялалт - Б.Тамир - Г.Золбоот - Т.Бархүү - Э.Тодгэрэл - Ц.Номин",[],232,3ц 52м
2461,Улаан явар,Кино,,2024,13+,2ц 5м,6.5,,,"Б.Хулан, У.Цогтбаяр, У.Цогтбаяр, Жүжигчид Б.Хулан - У.Цогтбаяр -",[],125,2ц 5м
2464,Кикоро нууц тархи 2,Кино,,2023,13+,2ц 0м,3.2,,Б.Мөнх-Амьдрал,Хаанаас үзэх вэ?,[],120,2ц 0м
2465,Сүүлчийн бүүвэй,Кино,,2024,16+,1ц 57м,4,Ө.Мөнх-Эрдэнэ,,Жүжигчид Ц.Төмөрбаатар - З.Онон - Д.Дэлгэрсайхан - Ө.Мөнх-Эрдэнэ -,[],117,1ц 57м
2466,16 дахь хавар,Кино,,2024,16+,,6.2,Б.Гарамханд,Б.Гарамханд,Жүжигчид А.Гэрэлцэцэг Саруул Ч.Болд Ганбат Г.Эрхэмбаяр - Т.Анхзул Дөлгөөн Б.Гарамханд - Т.Лхагвадулам Тогосоо,[],87.17165669,1ц 27м
2467,Чи өөрөө хайр,Кино,,2024,16+,,6.6,Б.Энхжаргал,Б.Энхжаргал,"Ш.Алтанцэцэг, Х.Цасчихэр, Э.Мөнхтөр, Б.Мөнхнаран, Б.Батмаа, Жүжигчид Б.Энхжаргал Б.Батмаа Ш.Алтанцэцэг Х.Цасчихэр Э.Мөнхтөр Б.Мөнхнаран Г.Номин",[],87.17165669,1ц 27м
2468,Сүнсний стори,Кино,,2024,13+,2ц 8м,3.6,,,Хаанаас үзэх вэ?,[],128,2ц 8м
2469,Хайрын гэрээ,Кино,,2024,13+,1ц 28м,0,А.Баярсайхан,,Д.Хосбаяр Э.Дэлгэрцэцэг А.Баярсайхан,Эго продакшн Хаанаас үзэх вэ?,88,1ц 28м
2470,Fearbook 3,Кино,,2023,16+,,0,П.Ариунбаатар-ийн,,"Ц.Мичидмаа, Д.Хосбаяр, Жүжигчид Ц.Мичидмаа Д.Хосбаяр Кино шүүмж Mungun “Fear Book 3: Cyber Killer” нь сошиал сүлжээгээр “хакердуулж”, ухамсар оюун нь аймшгийн шидэт ертөнцөд гацсан арван жилийн ахлах ангийн хүүхдүүдийн талаар технологийн сэдэлтэй аймшгийн (techno-horror) жанрын кино юм. “FearBook”-ийн өмнөх кинонууд видео сангийн бүтээл болтой бөгөөд миний хувьд франчайзын нэг ч киног үзэж байгаагүй, танил биш болно. Киноны нэр, постер болон эхний минутуудыг нэгтгэн бодоход “Fear Book”-ийн уран бүтээлчид “маркетинг” гэх зүйлийн талаар хэзээ ч сонсож байгаагүй; франчайзаа түгээн таниулах, видео сангийн өмнөх кинонуудаа “борлуулах”-ийг огтхон ч эрмэлзээгүй мэт. Тухайлбал, франчайзынхаа театрт анх удаа гарч байгаа киног “Гурав” хэмээн дугаарласан нь видео сан ухдаггүй олон олон үзэгчийг “Зөөзөө шууд ойлгоод үзчиж болохоор өөр юу гарч байна” хэмээн төөрүүлэхүйц бол “Cyber Killer” хэмээх 12 настай эрэгтэй хүүхдийн бодолд л “күүл” тусах өчүүхэн магадлалтай “буруу бадарчихсан” (edgy) нэр нь 12-настай-эрэгтэй-хүүхэд-биш бусад үзэгчдийг нүүр буруулан үргээхүйц санагдуулсан юм. Цаашлаад, кино нь нэгэн франчайзын “Гурав” дугаар анги мөртлөө өмнөх учир явдлаа ганцхан минут гаргаад тайлбарлаад өгчихдөггүй “мэдрэмжгүй” байдал нь шинэ үзэгчдийг мохоох бас нэгэн саад болжээ. Уг нь “Fear Book 3” учиргүй чимхлүүр дүр, нарийн үйл явдалтай биш, баргийн үзэгч учир явдлыг түвэггүй ойлгохуйц. Гэвч киноны дундуур дүрүүдийн ньюанс, дурсамж хэсгүүд нь өмнөх ангиудтайгаа цөөн бус удаа холбогдох нь видео сан ухдаггүй үзэгчдийг бэсрэгхэн ундууцахаар байв Хэдий “Fear Book”-ийн талаар миний анхны сэтгэгдэл ийнхүү маруухан эхэлсэн боловч киноны үндсэн хэсэг болох “аймшгийн ертөнц”-рүү ороход тайз засалт, зураг авалтын талбай, “айлгалтууд”-ийн бишгүй хөдөлмөр зарсан сонирхолтой шийдэл гүйцэтгэл нь гэнэтийн тааламжтай сюрприз болсон юм. “Fear Book”-ийн харагдах байдал (aesthetic, visual language) болоод дүр үйл явдлын зарим эргэлт зангилааг бодоход уран бүтээлчид дунд #ResidentEvil, #SilentHill-ийг тоглож, #TheMatrix (1999), #Cube (1997), #Saw (2004)-с болон тухайн үеийн Япон аймшгийн (J-horror) кинонуудыг үзэж өссөн 1990-ээд оны залуус чухал нөлөөтэй байсан болтой. Өөлж хэлэхэд “хуулсан”, өөдрөгөөр тайлбарлахад “бүтээлчээр жишээ татсан” гэмээр, “Монголчилж” өөрчлөн эвлүүлсэн зүйлс нь “Fear Book 3”-ийн сонирхолтой бөгөөд ололттой онцлог тал байлаа. Нөгөөтээгүүр киноны аймшгийн уур амьсгал болон айлгалтууд нь цэлийтэл гэрэлтүүлсэн өрөөнд элэг хөшмөөр нүүр хувиргалт, “модон” зураг авалт, гэнэтийн чанга чимээгээр “хүчирхийлдэг” Монгол аймшгийн киноны ердийн байдлаас “Fear Book” зугтахаар хичээжээ. Камерын фокус шилжих, дэлгэцэд хачин содон зүйл орж гарах, дуу шумээр “тоглох” зэрэг аргыг ашигласан нь уран бүтээлчид тодорхой хэмжээний зүтгэл, эрэл хайгуул хийхээр оролдсоны илрэл байв. Хэдий киноны дотоод логик тууштай бус, “үнэмшил” (suspension of diseblief) цөөнгүй тохиолдолд эвдэгдэж, жүжиглэлтийн гүйцэтгэлд туршлага дутаж, бас утасны цаанаас яаж хакердахаараа хүний ухамсрыг “матрикс”-руу хийчэхдгийг тайлбарлах сэтгэлзүй/IT-ийн салбарын онол сэжүүр мэдэхгүй боловч киноны уг санаа (theme)-г олон амжилттай аймшгийн киноны адилаар бидний нийгмийн эрээн бараан бодит байдалд суурилуулахаар оролдсон нь сайшаалтай байлаа. Цахим орчинд төрөл бүрийн харилцаанд орох хэм хэмжээ (boundary)-ээ дөнгөж суралцах эмзэг үе дээрээ яваа хүүхдүүд нь технологийг ашиглахдаа өөрийгөө болон бусдыг эрсдэлд оруулах алдаа гаргаж байгаад “Fear Book”-ийн утга санаа үндэслэсэн нь энэхүү киног бодолд үлдэцтэй бөгөөд “амьдралтай” болгожээ. Киноны эхлэл сул, үнэмшил уур амьсгал тууштай бус, төгсгөл төдийлөн таалагдаагүй боловч “Fear Book”-ийн хөндөхөөр зорьсон санаа, аймшгийн уур амьсгалыг төрүүлэхээр оролдсон тайз засалт, зураг авалт болон сонсгол авианы ажиллагаа нь энэхүү киног постер болоод нэрээс нь төрсөн анхны хүлээлтээс хамаагүй дээр бүтээл болгожээ. ЦөөнҮгээр Киноны нэрийг хараад аргацаасан cringe кино үзнэ гэж бодсон. “Сайн” гэж хэлэхгүй ч санасныг бодоход давгүйээ. #ЮуӨөр байсан бол өнөөдрийн кино илүү таалагдах байсан бэ: КИНОНЫ НЭР “Гурав”, “Cyber Killer” гэх мэт “Яаж киногоо алах вэ” гэж уралдсан юм шиг хүн үргээмээр үгсийг нэрээсээ бүрэн авч хаямаар байна. 90-ээд оноос хойш аймшгийн кинонууд нэрээ яаж өгдөг байсан, видео сангийн болон театрын брэндингийг хэрхэн өөрөөр хийдгийг уран бүтээлчид судлах шаардлагатай санагдсан. ҮНДСЭН ҮЙЛ ЯВДАЛ, ДЭД ҮЙЛ ЯВДЛЫН ШИЛЖИЛТ (A, B-STORY TRANSITION) Мангастай халз тулалдах, хөөгдөөд яг баригдах г.м аймшгийн ертөнцөд болж буй нэн яаралтай, хойшлуулшгүй мөчүүдэд бодит ертөнцийн дэд үйл явдал нь түс хийж далий орж ирж байгаа үе хэд хэд байсан. Үзэгчдэд төрөх аюул түгшүүрийн мэдрэмжийг нэмэгдүүлэхээр шилжилт хийх нь зүйн хэрэг боловч ноцтой үйл явдлын дундаас гэнэт холдох нь мэдрэмжийг бууруулж байв. ДҮР ХӨГЖҮҮЛЭЛТ Хүүхдүүдийн дүр хоорондоо төдийлөн ялгараагүй. Хоёр атаман, гурваас дөрвөн атаманы дагалдан, хоёр эмэгтэй найз г.м дүрүүдэд цаг зарцуулах хэрэгтэй болсноос нэгж дүрийг хөгжүүлж, ялгарал бий болгох орон зай буурсан. Ганц сайн санаж байгаа дүр нь сүлжсэн үсээ янгирын эвэр шиг дээш нь ороосон үстэй охин байв. Магадгүй энэ нь өмнөх ангиудыг үзэгчдэд тайлбарлаагүйтэй холбоотой болов уу. #МөнгөЦагааБуцаажАвмаар байна уу? Миний хувьд үгүй. Монгол кино сонирхдоггүй үзэгчийн бодлыг эргүүлэхээр хэмжээний биш. Харин үздэг бол зарим шийдлийг үзэж баясахаар.",[],87.17165669,1ц 27м
2471,Трио,Кино,Трио  УСК,2023,13+,,6.8,Д.Баттөмөр-ийн,,"Д.Баттөмөр, С.Болд-Эрдэнэ, Жүжигчид Д.Баттөмөр С.Болд-Эрдэнэ Кино шүүмж Mungun “Trio” нь хөдөө хээр амьдардаг Дауны синдромтой хижээл эр эмгэн ээжийнхээ оршуулгыг даяанчилж яваа ламтай хамтран хийж буй талаар драм кино юм. Театрт өнгөрсөн жилүүдэд үзсэн танил бүтээлүүдээр зүйрлэвэл “Trio” нь “The Woman” (2020. Найруулагч Б.Отгонзориг) болон “Хөхөө” (2021. Найруулагч Ж.Жамъянсүрэн)-ийн ихрийн өрөөсөн буюу энэ оны “Сиймхий гэр минь, сэгсгэр ээж минь” жанрын кино ажээ. Сонирхуулахад, гурван киноны нас барах тавилантай эмгэний дүрийг нэг л жүжигчин (жүжигчин Т.Борхүү) бүтээсэн нь А.Монгол Улс нь “Нас бардаг өрөвдөлтэй эмгэн”-ий дүр бүтээх жүжигчний ноцтой дутагдалд орсон байна; Б.“Нас бардаг өрөвдөлтэй эмгэн”-ий дүрийн тендер шударга бус явагдаж, ганц гүйцэтгэгч олон жил улиран сонгогдож байна; эсвэл В.Кино уран бүтээлчид дүр сонгох, өмнөх жилийнхээ адилхан киноноос ялгарах талаар зах зээлийн ойлголт, маркетингийн мэдрэмж, үзэгчдийн сэтгэлзүйн талаар төсөөлөл 0% байна гэсэн бодлыг төрүүлэв. Нэгэнт эмээгийн дүр нь copy-paste-лагдсан кино маань бусад “Сиймхий гэр минь, сэгсгэр ээж минь”-чин ихрүүдээсээ төдийгүй бусад Монгол киноноос ялгарах хэрэгтэй болжээ. “Trio”-д онцлог алтан боломж байсан нь Дауны синдромтой гол дүр болон Монгол маягийн/Шарын ёсны оршуулгын зан үйлийг “уудлах” байлаа. Гэтэл киноны уран бүтээлчид эмээгийн дүр дээр эрэл хайгуул хийлгүй залхуурсан шигээ Дауны синдромын дүрслэл болоод хүн хойдохыг гүйцэлдүүлэх учрыг тайлбарлахдаа мөн л “халтуурджээ”. Энэ киноны гол дүр (жүжигчин Д.Баттөмөр) Дауны синдромтой байсан нь киноны дүр үйл явдалд холбоо хамааралтай байсан ганц ч секунд үгүй. Дауны синдромтой хүний оюун бодолд юу болдог, сэтгэл сэтгэлгээ нь хэрхэн оршдог, юу хийж чадах бас чадахгүй, эргэн тойрныхонд нь ямар сорилт тулгардаг тухай хүнд үлдэхүйц үнэ цэнтэй мэдээлэл, агуулга, утга санаа, ойлголт “Trio”-д түй ч үгүй. Өөрөөр хэлбэл, гол дүрийн бага насны товчхон үзэгдэлд Даунтай жинхэнэ хүүхэд ашиглаагүй бол түүнийг “Харри Поттерт шившлэгдүүлсэн” гэж ч тайлбарлаж болохоор чанарын ялгаагүй нь хөх инээд хүрмээр. Цаашлаад, Даунтай эрийн дүрийг жүжигчин “Банш Батаа” (жүжигчин Д.Баттөмөр) бүтээсэн нь мэдрэмжгүй муйхар сонголт юм шиг. Сүүлийн 20 шахам жил нүд ам нь эргэлдсэн, орилж гуагчсан, хагас галзуу дүрүүдээрээ л “сэтгэлд хоногшсон” түүнийг Дауны синдромтой хэмээж ямар нэгэн ньюансгүй, нүд ам нь эргэлдсэн, орилж гуагчсан, хагас галзуу байдлаар нь ашигласан нь дэндүү-дээ-дэндүү ямар нэг харгис тохуурхал мэт. “Trio”-ийн үйл явдлын 90% нь Даунтай эр болон даяанч ламын үйлдэх оршуулгын зан үйл байв. Монголд оршуулга хийхэд их олон зүйл “автоматаар” болдог. Алтан сав гэж юув, түүнийг яагаад “нээдэг” вэ гэдгээс эхлээд газар сонгох ёс, лам яг ямар үгтэй юу гэдэг номыг хурдаг, хүн гаргаж байгаа хүмүүс яагаад малгай хормойгоо буруулдаг, буцаж ирэхдээ эргэж хардаггүй шалтгаан, гараа угаахад яахлээрээ… гэх мэт бид бүгд л их бага хэмжээгээр оролцож үзсэн мөртлөө цаадхыг нь мэдэхгүй, “автоматаар” хийдэг зүйлсийн учир шалтгааныг уран сайхны аргаар үзэгчдэд ойлгуулах нь “Trio”-г үзүүштэй бөгөөд соёлын өндөр ач холбогдолтой бүтээл болгох байв. Гэвч “Trio”-г үзэх нь яг л ээлжит оршуулгадаа “харанхуйгаар” оролцож буй мэт. Зан заншил, шашин номын учир шалтгааныг киноны төгсгөлд ч үзэгчид мэдэхгүй хэвээр хоцров. Магадгүй нүд үзүүрлэгдсэн, эхийгээ алдаж гансирсан Даунтай эрийг даяанч лам энэрч, үйлдэж буй зан үйлийнхээ учир шалтгааныг голж түвэгшээлгүй тайлбарлаж, киноны эцэст Даунтай эр бидний төсөөлснөөс ч ихийг ойлгосон сюрпризтэй байсан бол “Trio” нь гадаад дотоодын үзэгчдэд шинийг таниулсан, ямар ч хүнийг дутуучлан голохгүй байхыг сануулсан даацтай бүтээл болох байжээ. “Trio” нь чухал зан үйлийг сэдэвчилсэн үйл явдал, онцлог гол дүрээ хумсын чинээ ч уудалж чадсангүй. Өнгөцхөн зохиол, хий дүүрсэн зорилго чиглэлгүй найруулгатай энэ киног гадныхан үзээд “Хөөрхий Монгол гэж нэг сураггүй ядарсан орны “кино” хийж байна гээд л өөрсдийгөө андуурч хөөрцөглөж яваа хэдэн баагий нэг юм хутгаад ирсэн урмыг бодохоос” хэмээн нэрэлхэж, хэдэн навч өгч “аргалав” уу? #ЦөөнҮгээр: Хөдөөний эмгэн ээж нь үхдэг ээлжит кино дундаа хамгийн сул нь. Гадныхан өрөвдөж нэрэлхсэндээ л шагнав уу гэж гайхмаар. ЮуӨөр байсан бол өнөөдрийн кино илүү таалагдах байсан бэ? ЗАН ЗАНШИЛ Яагаад шарын шашинд оршуулгыг тэгэж хийдгийг үйл явдал, харилцан ярианд тусгавал кино илүү баялаг, үнэ цэнтэй, ач холбогдолтой болох байв. ДАУНЫ СИНДРОМ “Дауны синдромтой” гэж гол дүрээ онцолсон мөртлөө энэхүү нөхцөл байдлыг үзэгчдэд ойлгуулан ухааруулах, мэдээлэх, шинэ өнцгөөс тусгах зүйл кинонд ганц ч байсангүй. ХӨГЖМИЙН НАЙРУУЛГА Хөгжим хаана, хэзээ, хэр хэмжээгээр гэдэг хамгийн чухал. Сэтгэл хөдлөлийг хүчилсэн, чих зодсон, сцендээ илүүдсэн хөгжим анхаарал сарниулж байв. МөнгөЦагааБуцаажАвмаар байна уу? Эргэлзээгүй тийм.",[],87.17165669,1ц 27м
2472,Ээждээ,Кино,,2023,13+,,6.6,Г.Жанчив,Г.Жанчив,"З.Онон, Б.Ганжаргал, Ц.Номин, Жүжигчид З.Онон Б.Ганжаргал Г.Жанчив Ц.Номин Кино шүүмж Mungun “Ээждээ” нь Альцхаймерын (тархины эсүүд үхэж ой санамж, сэтгэн бодох чадвар доройтох эмгэг) өвчинтэй тулгарч буй ээж охин хоёрын талаар драм кино юм. Нялуунаас шулуун нь дээр. “Ээждээ” нь “кино” гэж нэрлээд театрт гаргаж байгаа нь 5 минут үзээд л луйвар шиг санагддаг мөнгө цагийн хулгай болжээ. 10 минутын кинонд ч чамлагдам ядмаг явдлыг 80+ минутын турш ур дүйгүй хэмнэл найруулга, ядмаг болхи хийцлэл, улиг болсон нэг хэмжээст дүрүүд, хүүхдийн сошиал бичлэг аятай сонирхогчийн түвшний жүжиглэлт, орилоон хашхичааныг “драматик харилцан яриа” гэх харанхуй андуурал, сонсголын бэрхшээлтэй хүмүүсийг онцгойлон томилсон гэмээр дууны чанар… Энэ бүхэн нь Хагассайны өглөө киног үзсэн надад амралтын өглөөгөө хогруу чулуудаж, нүд чихээ гутаалгасан мэт, алдагдсан амьдралын цагаа нэхэмжилмээр хүчтэй уцаарыг төрүүлэв. Хэдийнээ үзэж залхсан “эх үрийн элбэрэл”, “өнгө мөнгүү хайр ситэглүү” өгүүлэмжээс гадна “Канугаа ингээд маркетингдчуул аллаа хөгшөөн” гэсэн ганц онцгой санаа нь “Альцхаймерын өвчин” байв. Гэвч “Ээждээ” нь Монголын тайзны хошин шогийн логикоор ажилладаг кино ажээ. Иймд өвчтэй дүр алга урвуулах төдий л “тэнэг солиотой” хүн болон хувирч, хамгийн буруу үедээ мартаж санана. Кино Альцхаймерын өвчнөө өнгөцхөн танилцуулаад уйлалдаж чарлалдсаар цагийг нөхцөөх бөгөөд үзэгчдэд мөлжүүр зажлууртай мэдээлэл, сэтгэл хөдлөлийг өдөөх зүйлгүй. Шаналаад уйлаад, уйлаад л шаналаад л байхаас биш хүнд өвчинтэй хүн хэрхэн тэмцдэг, амьдралаа авч явахаар чармайдгийг уран бүтээлчид үзүүлсэнгүй. Гагцхүү “Чи хинбэээ, би хаанээнаа” гэхээс цаашгүй нь Альцхаймерын бодит шинж тэмдэгтэй хүмүүсийг тэнэг мангар хэмээн олон нийт өнгөцхөн дүгнэхэд хүргэж болох гажууд буруу ойлголтыг агуулжээ. Киноны өөр урам хугалам зүйл нь залуу хосуудын үерхэл харилцаа байв. “Хөөрхөн байгааздээ” гэж биенээ магтахаас өөрөөр тэр хоёр хамтдаа байгаа шалтгаан үгүй. Зохиол найруулгын гажуудал нь жүжигчдийн хязгаарлагдмал чадвартай хосолсноор хайрт хосуудын авцалдаа уусал (chemistry) эс мэдрэгдэнэ. Идэж ууж, хамт зугаалж байгаа монтаж нь хүмүүс мэдрэмж оюунаараа холбогдох сэтгэлийн углуурыг орлуулах боломжгүйг уран бүтээлчид огтхон ч ухаарсангүй. Залуу бүсгүй хоёр нэгнээсээ ямар давтагдашгүй чанар, онцгой шинж тэмдгийг харсныг бид үзэхгүй тул “Энэ хоёр нялх юм салчина л биздээ, юундаа наалдаадайдындээ 🤣🤣🤣” гэхээс цааш бодол эс төрнө. “Ээждээ”-ийн зураглал зураг авалт нь дусал ч шинэ санаагүй уйтгар гунигийн далай боловч техникийн гүйцэтгэл талаас хамгийн том “нүгэл” нь дууны чанар байв. “Ээждээ”-г үзээд би утсаа оролдоогүй, яагаад гэвэл чихээ таглаад хоёр гар завгүй. Сонсголгүй үзэгчдэд зориулсан мэт залны царгиа цуурайтай дуу шум, цэвэрлэх сэтгэл дутсан аяга шанаганы пир пар чимээ, нялчихсан хөгжим, хэт өндөр түвшинтэйн дээр давтамж ойрхон чарлаан нь “Ээждээ”-г хийхэд уран бүтээлч сэтгэл сэтгэлгээ хэнд ч хаана ч байгаагүйн тод илрэл гэлтэй. “Ээждээ”-с төрсөн бодол бүхнээ бичье гэвэл review дахиад гурав дахин урт, басхүү бичиж байгаа надад ч, уншиж байгаа танд ч ямар нэгэн эерэг энерги эс өгөх энэ оны хамгийн бухимдалт бичвэр болох нь ээ. Монгол кино муу байж болох ч уран бүтээлчид нь өнгөтэй өөдтэй зүйл хийхээр хичээж байгаа нь бишгүй анзаарагдаг, түүнийг нь ч их бага гэлтгүй дурдахыг би хичээдэг. Тэгвэл “Ээждээ” нь Монгол уран бүтээлчдийн креатив байдал, мэдлэг мэдээлэл, сэтгэлгээ хандлагын хоцрогдол, хоосролын тодоос тод илрэл болсон мөнгө цагийн хулгай байв. ЦөөнҮгээр “Нус нулимсаар нүдээд хэдэн цаас салгачиж болдгиймдөө” гэж амташсан аятай аргацаасан, ядмаг мөнгө цагийн хулгай. #ЮуӨөр байсан бол өнөөдрийн кино илүү таалагдах байсан бэ: АЛЬЦХАЙМЕР ГЭЖ ЮУ ВЭ Хүнд юм зарах гэж сэдэв сонгосон бол уншиж судалж байя. Хүнд өвчин гэдэг заавал эцсийн эргэлт, цэг биш; толгой нь ажилладаг уран бүтээлч үүнийг их адал явдлын эхлэл ч болгож чадна. ХООРОНДОО ХАМААРАХ ЗӨРЧИЛ Киноны гол дүрийн охин эсвэл нэг залуу дагаад, эсвэл ээжийгээ дагаад гүйчихдэг нь үнэмшилгүй, үзэхэд ч залхмаар. Хайртай хүмүүсийнх нь нэг асуудал нөгөөтэй хутгалдах зэргээр хоёр “фронт”-ийн үйл явдлыг авцалдаатай болгох шаардлагатай. Эс бөгөөс киноны үйл явдал 80 минутын турш анхаарал сонирхол барих чадамжгүй, ядмаг хоосон байна. ДУУНЫ ЧАНАР Киногоо театрт гаргахаас өмнө өөрсдөө үзэж шалгадаг л байлтай? Ийм бүдүүлэг, болхи, сэтгэлгүй үйлдэл киноны талаар үнэлэмжийг ноцтой доош татдаг. МөнгөЦагааБуцаажАвмаар байна уу? Мөнгө цагийн хулгай. ЭэждээМУСК (2023) – ★☆☆☆☆ (0.5/5) + (Авууштай, сайн гэж онцолмоор зүйл миний хувьд байсангүй) - Тайван зогсоод тайлбарлавал шийдэгдэхээр хуурам драмууд - Залхмаар их орилоон, нус нулимс - Дүрдээ наалддаггүй жүжигчид сонголт - Жин даацгүй ахуйн харилцан яриа - Ядруухан гүйцэтгэлтэй, хэргээр мэдээлэл нуусан хямд эргэлт - Цуурайтсан дуу шум, чих өвтгөм дууны түвшин - 80 минут аргацаасан хэмнэл өрнөлгүй хоосон үйл явдал - Хүүхдүүд шатаадаг дэнлүүт цаас хийсгэж ой хээрийн түймэр тавьбал энэ киног шүүхэд өгөөрэй 2024-06-06 16:45:08 Дэлгэрэнгүй",[],87.17165669,1ц 27м
2473,Зурвас,Кино,Зурвас УСК,2023,13+,,0,,,,[],87.17165669,1ц 27м
2474,Миний үзэсгэлэнт дагуул,Кино,Миний үзэсгэлэнт дагуул УСК,2023,13+,2ц 15м,2.5,Б.Саруулбуян-ийн,,"Кино шүүмж Mungun “Миний Үзэсгэлэнт Дагуул” нь нэгэн хэнхэг оюутан залууг үеийнх нь нууцлаг мотоциклчин охин найрч буй талаар драм кино юм. Арваад жилийн өмнө “Сургамжит Өгүүллэг” гэж “ухаарал”-ийн төгсгөл (plot twist)-тэй богино өгүүллэгүүд байсныг санаж байна уу? Сурагч байхад “Пөөх, ухаантайнбээ!” гэмээр санагддаг байсан тэдгээр түүхүүдийг эргээд бодоход зарим нь “амьдралын сургамж” өгөхөөр хэт хүчилсэн, ухаантай харагдах гээд бүтэлгүйтсэн, “deep”-рэхээр муйхарласан байсан шиг санагддаг болжээ. Тэгвэл “Миний Үзэсгэлэнт Дагуул” нь “Сургамжит Өгүүллэг”-ийн “арай л арай” нэг өгүүллэгийг 90+ минут чардайлган сунгасан мэт нойрны дуншуу кино болжээ. Харь гарагийн сэтгэхүйн процесстой, үнэмшилгүй харилцаатай залуу охин хоёрыг таван минут үзээд л “Буруу санагдаж байгаа нь зөв болж таардаг тэнгэрийн далий ганц эргэлтдээ бүхнээ даатгасан Монгол киноны нэг юм байж л дээ” гэдэг нь хар үүрээр “уншигдах” нь дахиад 90 минут хүлээж суухад үнэнхүү залхам байлаа. Энэ кинонд үйл явдал гэх зүйл үгүй. Үлбэгэр маазрал, “Үерхэл бол болзоод л байхыг хэлнэ” гэх андуурал, дүр үйл явдлаа хөгжүүлж урагшлуулдаггүй олон болзоот сцен, хүн шиг ярилцахад учир нь олдмоор хуурамч зөрчил драм, тэгээд “Ээжээ та ойлгохгүй байна шдээ” гэх жижүүрийн хэрүүл нь “Миний Үзэсгэлэнт Дагуул”-ийг эвшээсээр байгаад эрүү салж унамаар уйтгар гунигийн далай болгожээ. Кино нь эрэгтэй гол дүрээ нь ухаалаг нэгэн мэтээр дүрслэхийг оролдох боловч тэрээр “Залуу хүн blah blah ёстой; өрсөлдөгч чинь унтаж байхад” гэх мэт афоризмаар зэвсэглэсэн поп инфлүнзрүүдийн “хувь хүний хөгжил”-ийн бизнест тархиа атгуулсан хэнхэг залуу юм. Улмаар энэ залуу киноны хугацаанд “Миний босгосон амьдрал...”, “Чи амьдрал мэдэхгүй байна…” гэх мэтээр бүлтрэх нь түүнийг бүр ч хөрснөөсөө тасарчихсан, хөөрхийлөлтэй нэгэн болгожээ. Магадгүй энэ дүрд илүү туршлага харизмтай жүжигчин ажилласан бол түүнийг дулаан, сэтгэл татам болгон хувиргах байсан мэт. Харин охины дүрд жүжигчин нь бишгүй хичээх боловч киноны найруулагч, зураглаач, эвлүүлэгчдэд түүний ур чадвар биш өгзөг нь илүү сонирхолтой байв. Охинтой сцений бараг тэн хагас нь бие махбодийг нь л онцлох секс-объект (objectification/male-gaze) хэлбэрийн. Бүр зарим кадрт жүжигчний толгойг багтаагаагүй хэрнээ цээж өгзгийг нь л харуулах нь киноныхоо сэдэв жанртай авцалдаагүй, уран сайхны ур дүйгүй, жүжигчнийх нь өмнөөс элэг эмтэрмээр. Магадгүй жүжигчин өөрөө ийнхүү ашиглагдаж байгаагаа мэдсэн бас зөвшөөсөн эсэхийг хэн мэдлээ. Гэвч уран бүтээлчдийн энэ явцуу хандлага нь сошиал дээр дагадаг инфлүнзрүүдээрээ маркетингдуулж тус киног үзэж буй өсвөр насны хүүхдүүдэд мотоциклчин охин шиг л биш бол эмэгтэй хүн үнэ цэнгүй мэт гажууд ойлголтыг төрүүлж болох эрсдэлтэй санагдана. Ингээд 90 минутын турш хийцгүйрсэн хөндий дүрүүд, ядруухан маазрал, учир утга багатай болзооны монтажууд, тулга тойрсон жижүүрийн хэрүүлүүдийн дараа дүрүүдийн нэгийн тухайд “Ёоо энэ дүр ямар дүүрчихсэн амьтан бэ? Заазаа уянгалдаг Монгол канумчинь төгсгөлд нь энүнийг учиргүй буянтай амьтан болгож харуулах нэг элгийн тайлбар байгаалдаа” хэмээн бодоод хэдийнээ 80 минут өнгөрсөн байв. Сайн эргэлтийг хараад үзэгчид “Энийг би яагаад анзаарч бодсонгүй вэ” гэж боддог. Тэгвэл “Миний Үзэсгэлэнт Дагуул” нь үзэгчдийг хэргээр хуурсан муйхар, өмнө нь зөндөө л харж уншсан улигийн, тэгснээ киноны үйл явдалтайгаа хамааралгүй далий санагдахуйц эсрэгцсэн мэдрэмжүүдтэй сэтгэл ханамжгүй хошин төгсгөлийг үзүүлэв. “Миний Үзэсгэлэнт Дагуул” нь арваад жилээр хуучирсан санаа, дүрүүдээ өргөх чадвар дутмаг инфлүнзр-жүжигчид, хүний толгойг тасдаад өгзөгийг нь онцлохоо боддог аргуу (cringe) найруулга, хошин шогийн улигийн далий эргэлтийн техник, 90 минут биш 10 минутын бичлэг байхад л дөнгөн данган хүрэх ядмаг үйл явдлын нийлбэр болжээ. Залуу уран бүтээлчид ийм хуучинсаг, эрэл хайгуулгүй, аргацаасан байвал “Монгол кино”-ны бөхөлзөж буй цучил удалгүй бүрмөсөн бөхөх бизээ. #ЦөөнҮгээр: Хуучирсан санаа. Ядмаг марзганал. Жүжиглэх өгөгдөлгүй инфлүнзрүүд. Оршил сэжүүр хангалтгүй таг далий төгсгөлийн эргэлт. Оюутнуудын талаар өөдтэйхөн Монгол кино үзэхээр “өлсөж” байвал #ГоёлынДаашинз (2009)-ийг дахин үзэхийг санал болгомоор байна. #ЮуӨөр байсан бол өнөөдрийн кино илүү таалагдах байсан бэ: ҮЙЛ ЯВДАЛТАЙ ҮЙЛ ЯВДАЛ Үерхэл гэхээрээ гоё газар болзоод л яваад байхыг хэлнэ гэж ядмагаар сэтгэсэн нь хайрын харилцааг сул, өгүүлэмжийг даацгүй хоосон болгожээ. Үйл явдал дийлэнх үедээ зорилго чиглэлгүй, хэмнэлгүй, тэрхэн зуураа аргацаасан санагдав. ЖҮЖИГЧИН СОНГОЛТ Инфлүнзрүүд, тэр дундаа эрэгтэй гол дүрийн жүжиглэлт тун хангалтгүй байв. Илүү их харизм, ур чадвартай жүжигчин түүний дүрийг сайжруулж болох байсан мэт. ТӨГСГӨЛИЙН ЭРГЭЛТИЙГ ҮСЭРЧ БИШ АЛХАЖ ХИЙДЭГ Үзэгчийн хэргээр хуурсан мэдээллээ илчилж гаргаж ирэх нь ердөө ч үр дүнтэй, сэтгэл хөдөлгөм эсвэл ухаантай биш. Мөн киноны явцад нэг дүрийн үйлдлүүд хэрээс хэтэрсэн нь “Арай ч ийм дүүрч цайчихсан амьтан биш байлгүй. Тэхээр төгсгөлд нэг хошин шог стилийн 180 градус эргүүлдэг тайлбар байгаа” хэмээн эрт “уншигдах”-ад хүргэв. МөнгөЦагааБуцаажАвмаар байна уу? 100% тийм.",[],135,2ц 15м
2475,Намаг,Кино,,2023,18+,,3.5,,,"Ш.Доржсүрэн - Б.Бямбасүрэн Кино шүүмж Mungun “Намаг” нь биеэ үнэлэгч зуучилдаг бизнестэй стресслэг хижээл эр болон түүний шантаажинд орж эмэгтэйчүүдэд үйлчилдэг дуудлагын залуу хоёрын талаар эротик триллер драм кино юм. Олон жилийн өмнө тэр нэг ахын хоолойтой драм жүжгийн сүржин даржин рекламууд байдаг байснаа даа? “Өшөө авалт, өнгө мөнгө, хайр дурлал, шударга ёс, нийгэм, секс, дээдсийн амьдрал, хувь тавилан blah blah” гээд хагас нүцгэн хүмүүс наалдралдаж, идэж уух эв дүй, уран сайхангүй монтаж, зураглалуудаар дэлгэцийг зодоод байдаг? “Намаг” 2023 оны кино мөртлөө уран бүтээлчдийг нь өнгөрсөн 20-30 жил харанхуй хөлдүү зооринд нөөшилж байгаад, өчигдөр гэсгээж кино хийлгүүлсэн мэт гайхмаар хуучинсаг. “Секс харуулбал үзэгчид цочно. Биеэ үнэлэлт үзүүлбэл хүмүүс шоконд орно. Бид чинь ямар билэг танхай, зоригтой мундаг уран бүтээлчид юм бэ?!” хэмээн үзэгчид өөрсөд шиг нь хөмөрсөн харанхуй тогоонд байгаа гэж сэтгэх ноцтой андуурал нь “Намаг”-ийг чулуужсан бантан болгожээ. Киног хуучинсаг санагдуулах хамгийн эхний шинж нь зураг авалт болон дууны чанар байв. Зураглалын тавилтад зорилгогүй илүүц хөдөлгөөн шилжилт олон, харин дууны чанар нь “чих нь таглаатай хүмүүс авч ажиллуулсан” түвшний цуурайтсан, шуугисан, түвшин нь зөрсөн нөгөө болхи залхуу гүйцэтгэлтэй. “Намаг”-ийн sex scene шаардлагатайгаасаа илүү олон. Гэвч тэд нь тоогоор олноос бус ядаж ганцыг нь сонирхолтой, үзүүштэй болгох учир начир, сэтгэл хөдлөл, утга агуулга (context), уран сайхан хомс. “Сонирхогчийн” гэхэд ч хүндэдмээр модон гүйцэтгэлтэй тэдгээр ядмаг сцен нь жин даацгүй, эв дүйгүй, гол нь маш сунжруу тул нийтдээ цагийн гарз мэт санагдаж, алгасч чадахгүйдээ нойрмоглож зүүрмэглэх нь олон байв. Монгол киночид яаж дүрслэхээ ойлгодоггүй, судалдаггүй дараагийн зүйл нь “баян хүмүүс”-ийн амьдрал билээ. “Гоонж, данхар машин, гинж цаг бөгжөөр биеэ ороовол мундаг хүн гэж хэлнэ” гээд хэн хэзээ манай киночдод заагаад өгчихсөн юм бол доо. “Намаг”-ийн уран бүтээлчдийн төсөөллөөр “Танайд хоноё”-р хааяа гардаг мебелийн агуулахад хураасан ловшны цэг шиг газар амьдардаг хүмүүс “баян & лаг” болтой. Гэтэл өнөөгийн үзэгчид бид дэлхий нийттэй танилцах тусам чинээлэг амьдрах, түүнийгээ урт хугацаанд тогтвортой өсгөж үржүүлэхэд төлөвшил хүмүүжил, мэдлэг боловсрол, үзэл санаа, холбоо түншлэлийн суурь чухал болохыг анзаарч эхэлсэн тул “Намаг”-ийн мэт “шинэ баян” байдал өрөвдөлтэй харанхуй санагдах болжээ. Киноны дийлэнх нь ийнхүү илүүц sex scene болон хэлбэрдсэн харанхуй “шинэ баян” сценүүд бөгөөд дүрүүд ч “түүхий”-рчээ. Баян эр, баян эхнэр, дуудлагын залуу, залуугийн менежер гэх мэт үйл явдлыг өдөөн хурцалж, дэлгэн залж болох түлхүүр дүр “Намаг”-т дутаагүй ч тэдний хэн ч сонирхолтой зүйл хийдэггүй, бүгд урсгалаараа хөлдүүсүүд байв. Өөрөөр хэлбэл киноны зохиол болон найруулгад үзэгчдийн эмоцийг өргөх, өдөөх, унагах, цочоох, гайхшруулах дүрийн моментууд, үйл явдлын нэгдэн чиглэсэн бүтэц байсангүй. “Намаг” төгсгөлдөө учиргүй мундаг нэг монологоор киноныхоо агуулгыг зангидхыг оролдсон ч тэр нь Game of Thrones-ийн Littlefinger-ийн “chaos is a ladder” алдарт ишлэлийн ядмаг давталт мэт санагдах. Ядаж байхад гол дүрийн стиль, ажил гээд бүгд Littlefinger-тэй төстэйг ч хэлэхүү… “Намаг”-ийг өнгөцхөн харахад учиргүй цочирдом сэдэв, зоримог sex scene-үүдтэй мэт. Гэтэл танхимд нийт 5 хүн байсны хоёр нь утсаа маажиж, хоёр нь нам унтаж байв. Яагаад гэвэл кинонд зохиол найруулгын ажилбар шийдэл үгүй, техникийн гүйцэтгэл болхи, sex scene болон “баян хүмүүс”-ийн дүрслэл нь судалгаа эрэл хайгуулгүй, нийт үйл явдал өрнөлгүй хоосон ажээ. ЦөөнҮгээр Littlefinger (Game of Thrones)-ийн “Chaos is a ladder” сцены санааг Монгол маягийн ядмаг техникийн гүйцэтгэл, нялчихсан мэдрэмжгүй sex scene-үүдээр дэлгэрүүлэн уйдаах өрнөл хэмнэлгүй, дараалал бүтэцгүй “softcore” кино. ЮуӨөр байсан бол өнөөдрийн кино илүү таалагдах байсан бэ? ҮЙЛ ЯВДЛЫН БҮТЭЦ “Бүх кино Холливудын бүтэцтэй байх албагүй” гэж том толгойлоод ямар ч бүтэцгүй кино зохиол биччихсэн юм шиг. Гэтэл тэрхүү “бүтэц” нь хүмүүс дураараа “Ингэх ёстой” гэсэн хууль биш, харин “Ингэвэл үзэгчдийн сэтгэл хөдлөлийг өдөөдөг” гэсэн зарчмууд гэдгийг уран бүтээлчид ухаармаар санагдах. “Намаг”-д өрнөл, өсөлт, уналт, нууц, явуулга, тайлал гэх мэт чухал эргэлтийн цэгүүд үгүй, нэг тийм урсгалаараа, зөнгөөрөө, өрнөлгүй болжээ. ЭВЛҮҮЛЭГ, ЗУРАГ АВАЛТ, ДУУ Цаанаа ямар ч үүрэггүй, зорилгогүй, нэмэлт үнэ цэн бий болгодоггүй камерын хөдөлгөөн, шилжилт, нааш-цааш эвлүүлгүүд маш олон. Дууны чанар “чих хальтирмаар”. Техникийн ийм аар саар алдаа, мэргэжлийн бус ажиллагаа, залхуурлууд ямар ч киног “халтартуулдаг”. SEX SCENE Sex scene кинонд байх нь 2023 онд хэнд ч онц биш. Тиймд уйтгартай, ядруухан sex scene-р зодох нь киног дордуулна уу гэхээс сонирхолтой, зоригтой болгохгүй. Харин үүнийг яаж дүрүүдтэйгээ чухал хамааралтай, үйл явдалд холбоотой, үзэгчдэд сэтгэл хөдөлгөм болгох вэ гэдэг дараагийн шатны эрэл хайгуулыг уран бүтээлчид хиймээр байна. НамагМУСК (2023) – ★☆☆☆☆ (1/5) + Зохиолд уг нь нийгэм, тэр дундаа уран бүтээлчдийн “нийгмийн үүрэг”-ийн талаар ямар нэг ёгтлол байж магадгүй юм шиг - Өсөлт уналтгүй, сонирхолтой эргэлт өөрчлөлтгүй түүхий зохиол - Хэмнэл, өрнөл, үйл явдал, сэтгэл хөдлөлгүй найруулга - Ямар ч сонирхолтой зүйл хийдэггүй, санаачлагагүй, хоосон дүрүүд - “Чих нь таглаатай” инженерүүдтэй дууны чанар - Уйтгартай, болхи, улиг болмоор олон sex scene-үүд - Нүцгэн байгааг нь харахыг ч хүсч байгаагүй эсвэл кино болгонд нүцгэлсээр уйдаасан жүжигчдийг нүцгэлсэн - “Шинэ баян” стилийн инээдэмтэй “дээдсийн амьдрал” - Үйл явдлаараа үзүүлдэггүй, төгсгөлд нь дүр нь бодол санаагаа тайлбарлахаас өөр аргагүй болсон утга санаа 2024-06-06 16:50:08 Дэлгэрэнгүй",Хамба фильм,87.17165669,1ц 27м
2476,Намайг аваад үлдээч 2,Кино,,2023,13+,2ц 13м,7.7,,,,Дөрвөн бэрх фильм,133,2ц 13м
2477,Зүрхэн зүг,Кино,Зүрхэн зүг УСК,2023,16+,,0,,,Ч.Булган ахмад Юнрэн Б.Батхүслэн Б.Эрдэнэбат Б.Ганжаргал,Warm pictures,87.17165669,1ц 27м
2478,Улаан өрөө,Кино,,2023,13+,,0,Н.Бямбацогт-ийн,Н.Бямбацогт,"Хаанаас үзэх вэ? Кино шүүмж Mungun “Улаан Өрөө” нь хуучин зочид буудал худалдаж авсан өрх толгойлсон эмэгтэй тэнд шүгэлсэн сүнстэй тулгарч буй талаар буг чөтгөрт-аймшгийн (supernatural horror) кино юм. Аймшгийн жанр нь багахан зардлаар хийж болдог мөртлөө эсрэгээрээ ихээхэн мэдрэмж чадлыг уран бүтээлчдээс шаарддаг онцлогтой билээ. Тэгвэл “Улаан Өрөө” нь “кино шиг” чансаатай харагддаггүй, сонсогддоггүйгээсээ болоод эхний мөчөөсөө л “Заааа энэ ч дээ” гэж бодогдуулдаг түгээмэл ядруухан Монгол киноны нэг болжээ. Цаашлаад, тус киноны уран бүтээлчид нүд чихийг огтхон ч мялаахгүй техникийн гүйцэтгэлээс гадна “аймшгийн кино” нь ямар байж “аймшгийн” болдог талаар наад захын судалгаа эрэл хайгуул хийгээгүй санагдав. Нэг тийм наалдаж зохидоггүй дуу оруулалтай, түг таг хийж харшилдсан чимээ шумтай теле-жүжгүүд нэг хэсэг хийгддэг байснаа даа? “Улаан Өрөө”-ийн уран бүтээлчид юу бодож эсвэл ямар асуудал зовлон тулгарч ам бариулан дуу оруулах болсныг би таашгүй. Гэвч жүжигчдийн дуу оруулалт наалдацгүй, орчны чимээ шум зөрөх буюу дутуу, эффектүүд хэтрүүлэлтэй илүүц санагдах зэрэг асуудал нь киноны эхний сценүүдээс л илт анзаарагдаж мэдрэмжийг унагаж байв. “Улаан Өрөө”-ний дийлэнх үйл явдал нэгэн жижиг дэн буудлын орчинд өрнөнө. Сайн төлөвлөж, уран бүтээлч байдлаар ажиллавал ганц байршил ганцаарддаггүй гэдгийг үзэгчид бид нэг орчинд өрнөдөг (single location) олон киноноос мэднэ. Харамсалтай нь “Улаан Өрөө”-ийн модон зураг авалт, тарчигхан хийц гүйцэтгэл нь киноны эхэнд анзаарагдсан ядмагхан дууны чанарынхаа өрөөсөн дугуй ажээ. Зураглалын зохиомж (composition), дэлгэцэд юуг оруулах, эс оруулах (framing) гэх мэт хараа дүрслэлийн (visual storytelling) наад захын ойлголт нь “Улаан Өрөө”-ний хувьд харь гарагийн ухагдахуун гэлтэй. Юуг харуулбал аймар, юуг харуулахгүй бол аймар, хаанаас харуулбал аймар, хаанаас нь харуулахгүй бол аймар талаар бодол ухаан энэ киноноос эс харагдана. Цаашлаад компьютер график нь анзаарагдамгүй бага тусмаа үр дүнтэй, сүнсийг олон гаргах тусмаа бага аймшигтай гэдгийг ойлгож хазаарлах мэдрэмж найруулагчид дутжээ. “Улаан Өрөө” нь нэлэнхүйдээ урам хугалам цагийн гарз байсан ч энд үнэхээр таалагдсан нэг үзэгдэл бас байв. Хяналтын камер тэртээх алсын дүнсгэр давхрын харанхуй коридорыг тольдох бөгөөд ресепшний компьютерын бүрсгэр дэлгэцэд үзэгдэх эзэнгүй хонгилд улаан манан татаж, бараан дүрс тодрох нь энэ киноны нурууны шар үс босгосон ганцхан кайфтай хором байв. Яг энд л шингэсэн сэргэлэн минимализм, хичээл зүтгэл, эрэл хайгуул Монгол аймшгийн кино жанрт үгүйлэгдэж байна. ЦөөнҮгээр Үзэж байх зуураа эсвэл элэг хөшнө, эсвэл нам унтана. #ЮуӨөр байсан бол өнөөдрийн кино илүү таалагдах байсан бэ: ИХ БИШ БАГА СҮНС Үзэх дуртай аймшгийн кинонуудаа эргээд бод. Мэдэхгүй бол шилдгүүдийг үз. Сүнсээ зогсоо зайгүй уйтдал нялаад байнуу эсвэл нууж байгаад чухал моментод гаргаж ирж байна уу? Яагаад бага үзүүлж, цөөхөн гаргаж ирээд байгаад дүн шинжилгээ хий. ДУУ ШУМ Чимээ шум, ам барилтыг мэргэжлийн өндөр түвшинд гүйцэтгэх боломжгүй бол орчинд нь дууг бичих. Дуу оруулалт хийхээс өөр аргагүй бол дутуу шум бий эсэх, хоолой яриа зөрж таарч байгааг маш сайн нягтлах. ЗУРАГ АВАЛТЫН ЗОХИОМЖ Юуг харуулбал аймар, юуг харуулахгүй бол аймар, хаанаас харуулбал аймар, хаанаас нь харуулахгүй бол аймар талаар бодох. Аймшгийн кино теле-зохиомжийн модон зураг авалттай байх инээдэм. Адаглаад “cinematic composition”, “framing” гээд google-дэх. МөнгөЦагааБуцаажАвмаар байна уу? 100% тийм.",[],87.17165669,1ц 27м
2479,Сургуулийн хайрын түүх 2,Кино,,2023,13+,,0,,,,[],87.17165669,1ц 27м
2480,Будилаан,Кино,,2023,13+,2ц 3м,0,,Г.Дарханбат,Хаанаас үзэх вэ? Жүжигчид Г.Дарханбаяр - Г.Дарханбат - Д.Түвшинтөр - Э.Улсболд,[],123,2ц 3м
2481,Зүүдний кафе,Кино,Зүүдний кафе УСК,2023,16+,,6.4,,,"Б.Сайханбилэг, Н.Анар, Жүжигчид Б.Сайханбилэг Н.Анар",[],87.17165669,1ц 27м
2487,"Бусад дүрийн хувьд, “номын цагаан солиот” оюутан залуугийн шинжлэх ухааны гэнэтийн фактууд эрс шинэлэг, өмнө нь дуулаагүй сонирхолтой эсвэл киноны үйл явдалд нөлөөтэй (impactful) бус зүгээр л “энэ ёстой далий нөхөр шүү” гэдэг хошигнолоо мянга давтахаас өөр үүрэггүй; архины архаг хамааралтай хариуцлагагүй зөөгч залуу идэш уушаа тохируулах эсвэл дуугаа хүмүүст хүргэх өөрийн санаачлагатай үйлдэлгүй; ээжийн үгээр амьдрагч өтөл зандан залуу бусдынхаа сүүдэрт амандаа ээрч муурсан хэвээр киноны дийлэнх хугацааг өнгөрөөсөн нь урам хугалам.","Киноны эхэнд дэвшүүлэн танилцуулсан тэдний асуудал зөрчлүүд шийдэлгүй, өөрчлөлт хувиралгүй өнгөрсөн нь үзэгчдийг инээлгэж бас нэгийг бодогдуулж болох байсан олон нөхцөл байдлыг орхигдуулж, агуулга санааг (story theme) хязгаарласан уу гэлтэй",Цөөн үгээр,"“Молко”-ийн үйл явдал урд өдөр нь архидаж “тасарснаас” юу болсныг санахгүй байгаа найзуудын талаар гэдгээрээ Америкийн инээдмийн “Шарталт” (#TheHangover, 2009) кинотой нэн төстэй юм","Гэвч “хөгжиж буй” ангиллын ядруухан орны хэсэг залуусын хичээл зүтгэлийн үр шим, ашиг орлого харалгүй үзэгчдэд үнэгүй хүргэж буй “Молко” киног өндөр төсөв, мэргэжлийн жүжигчид, туршлагатай баг хамт олонтой Холливудын кинотой өрсөлдүүлэх нь тэнцвэргүй тулаан билээ",,5.6,Б.Төгөлдөр-ийн,,"Г.Хатанбаатар, Б.Гансүх, Б.Эрдэнэбилэг, О.Алтангэрэл, Хаанаас үзэх вэ? Жүжигчид Г.Хатанбаатар Б.Гансүх Б.Эрдэнэбилэг О.Алтангэрэл Кино шүүмж Mungun “Молко” нь сэтгэл гутралд орсон ганц бие залуу өөр шигээ бүтэл муутай залуустай санамсаргүй танилцаж, согтуурч “тасарсан” нэгэн шөнөө мөшгөн санаж буй талаар шинэ жилийн сэдэвтэй, инээдмийн төрлийн кино юм. Миний хувьд “Молко”-гийн хамгийн онцлог давуу шинж нь түүний “уламжлалт бус” эрэгтэй гол дүрүүд байв. Монгол киноны дийлэнх эрэгтэй дүрүүд нь баатарлаг цагдаа/мөрдөгч, гоонжтой зодоонч сахалтай “күүл” атаман ах, компанийн дарга захирал, хүүхнүүдийг ид шидээр хуйлруулагч Ромео эсвэл завсар зайгүй шулганах залилагч/алиалагчийн аль нэг нь байдаг билээ. Тэгвэл сэтгэл гутрал, ганцаардал, орох оронгүйн зовлон, эцэг эхийн хэт хараа хяналт гэх мэт бодит амьдралын жинхэнэ асуудалтай “зүгээр л амьдрах гэж хичээж яваа” энгийн залуусын дүр нь өнөөгийн Монгол кинонд шинэлэг үзэгдэл байлаа. Өөрөөр хэлбэл “Молко”-ийн залуус хэн хамгийн лаг зодолддог вэ, хэн хэрэг илрүүлэх вэ, хэн захирлыг түлхэж унагах вэ, хэн охин найрах вэ - бус - ганцаардал гутралын харанхуй нүхнээс өөрийгөө болоод бусдыг татаж гарах, нөхөрлөлийг олох, хүний үгээр биш өөрийн хүслээр амьдралаа хөөх зэрэг сорилттой тулгарсан нь “Молко”-ийн гол дүрүүдийг одоогийн залуусын сэтгэлд ойр асуудал бэрхшээлтэй, өнөөгийн нийгмийн нөхцөл байдалд суурилсан, бодитой санагдам (relatable) дүрүүд болгожээ. Гэхдээ миний бодлоор эдгээр дүрүүдийг кино уран бүтээлчид хангалттай уудалж (explore) ашигласангүй. Гол дүрийн залуу ганцаардан эмо-рохдоо хий хүмүүсийг төсөөлөн харж байгаа нь киноны ердөө эхний 5 минутад илчлэгдсэн нь магадгүй “Молко”-ийн үйл явдлын хамгийн том алдаа (lost potential) байв. Хий үзэгдлүүд гол дүрийн залуугийн зугтааж буй хэцүү асуултуудыг асуух, эргэлзэх/хүсэхгүй зүйлийг хийхэд нь түлхэх, хурцлах, “сумлах”, шоглох зэрэг нь найзууд дунд байдаг мэт үйлдлүүд. Иймд гол дүрийн бодлоос урган гарсан эдгээр “хийсвэр” хүмүүс киноны үйл явдлын турш “жинхэнэ” дүрүүдийн хамт явж, киноны оргил цэгт гол дүрийн харж байсан хүмүүсийн зарим нь хий үзэгдэл байжээ гэдэг нь туслах дүрүүдэд ч, үзэгчид бидэнд ч илчлэгдэн шоконд оруулж, гол дүр эцсийн мөчид хийсвэр төсөөллүүдээ бус алдаа дутагдалтай ч өөрийг нь гэдэг шинэ бөгөөд жинхэнэ найзуудаа сонгосон бол киноны гол дүр болоод “Молко”-ийн нийт үйл явдал сонирхолтой эргэлттэй (plot twist), амьдралын сургамжтай мөн сэтгэлд өег дүгнэлттэй болох байсан мэт санагдсан юм. Бусад дүрийн хувьд, “номын цагаан солиот” оюутан залуугийн шинжлэх ухааны гэнэтийн фактууд эрс шинэлэг, өмнө нь дуулаагүй сонирхолтой эсвэл киноны үйл явдалд нөлөөтэй (impactful) бус зүгээр л “энэ ёстой далий нөхөр шүү” гэдэг хошигнолоо мянга давтахаас өөр үүрэггүй; архины архаг хамааралтай хариуцлагагүй зөөгч залуу идэш уушаа тохируулах эсвэл дуугаа хүмүүст хүргэх өөрийн санаачлагатай үйлдэлгүй; ээжийн үгээр амьдрагч өтөл зандан залуу бусдынхаа сүүдэрт амандаа ээрч муурсан хэвээр киноны дийлэнх хугацааг өнгөрөөсөн нь урам хугалам. Киноны эхэнд дэвшүүлэн танилцуулсан тэдний асуудал зөрчлүүд шийдэлгүй, өөрчлөлт хувиралгүй өнгөрсөн нь үзэгчдийг инээлгэж бас нэгийг бодогдуулж болох байсан олон нөхцөл байдлыг орхигдуулж, агуулга санааг (story theme) хязгаарласан уу гэлтэй. “Молко”-ийн үйл явдал урд өдөр нь архидаж “тасарснаас” юу болсныг санахгүй байгаа найзуудын талаар гэдгээрээ Америкийн инээдмийн “Шарталт” (#TheHangover, 2009) кинотой нэн төстэй юм. Гэвч “хөгжиж буй” ангиллын ядруухан орны хэсэг залуусын хичээл зүтгэлийн үр шим, ашиг орлого харалгүй үзэгчдэд үнэгүй хүргэж буй “Молко” киног өндөр төсөв, мэргэжлийн жүжигчид, туршлагатай баг хамт олонтой Холливудын кинотой өрсөлдүүлэх нь тэнцвэргүй тулаан билээ. Хэдий тийм ч “Молко” нь адил сэдэв явдалтай “Шарталт”-ийн найзуудын харилцааны нөхөрсөг дотно уур амьсгал, “эрүүл”-дээ хийхгүй байсан зүйлсийг эргэн санах адал явдлын өгүүлэмжийг тодорхой хэмжээнд амжилттай дуурайжээ. Гэвч киноны найруулагч, зохиолчид “Шарталт”-ийг хангалттай судлан шинжлээгүйн нэгэн илрэл нь “Молко”-ийн тодорхой эцсийн цэгрүү хөдөлдөггүй салан задгай үйл явдал, ямар хаалт төгсгөлрүү мөлхсөөр байгаа нь ойлгомжгүй өгүүлэмж (story) байлаа. Согтуурсны дараа болсон явдал дийлэнх нь гэмгүй, гэмтэй нь ч хялбар өршөөгдөх эсвэл “байх шдээ” хэмээн бодогдохуйц ноцтой шийтгэлгүй, дүрүүдийн амьдрал харилцаанд аюул эрсдэлгүй, өртсөн хүмүүс нь ч хялбар уучлаад өнгөрөх асуудлууд байсан нь “Молко”-г хийх ажилгүй хэсэг согтуу хүмүүсийн уйтгартай сунжруу влог үзэж буй мэт сэтгэгдлийг зарим үед төрүүлэм ажээ. Уг нь энгийн явдлыг ч этгээд сонин гаргалгаа, инээдэмтэй хошин үр дүнд хөтлөн хүргэх “фантааз”-лалтыг энд л хийх хэрэгтэй байлаа. Нийтлэлээ эргээд уншихад өнөөдрийн кинонд сэтгэлд хүрээгүй зүйлс олон байсан мэт. Энэ үнэн. Гэвч ердөө л хэдэн залуу санаа хүчээ нэгтгэж, үзэгчиддээ үнэгүй дэлгэж байгаа “Молко” киноноос дор Монгол кино хэчнээн олон байдаг билээ. Харин шинэ үеийн төлөөлөл болсон хэсэг залуусын интернэтийн бичлэг, meme хийдэг туршлагаа ахиулсан анхны бүтээл нь “мэргэжлийн” гэх өргөмжлөл тодотголтой, хэдэн арван саяын өртөгтэй уран бүтээлчид, хэдэн зуун саяын үнэтэй кино, “кино контент”-уудтай дүйцэхүйц, заримдаа бүр давахуйц чанартай байгаа нь хачирхалтай. Эсвэл залуус тун хүчтэй байна, эсвэл “мэргэжлийн” уран бүтээлчдэд “мэргэжлийн” гэх нэр нь хүндэдвүү гэлтэй. Цөөн үгээр “Молко” нь зорьж санал болгоод байхаар чанартай сайн бүтээл биш боловч уран бүтээлчдийн дараагийн киног үзэж, үүнээс хэрхэн сайжрахыг харахыг сонирхож байна. Мөнгө цагаа буцааж авмаар байна уу? Миний хувьд үгүй. Гэхдээ давтаж үзэхгүй.",[],87.17165669,1ц 27м
2488,Doctor,Кино,,2022,16+,,7,Ц.Цэрэндорж-ийн,,"Хаанаас үзэх вэ? Жүжигчид Ц.Төмөрхуяг - Т.Баттулга - Д.Хосбаяр - Э.Пүрэвжаргал - Б.Батбаатар - Кино шүүмж Mungun “Доктор” нь шоронгоос суллагдсан мэс засалч нэгэн бүсгүйн амийг санамсаргүй аварсан нь нөлөө бүхий улс төрчийн гэмийг илчлэх томоохон хэрэгтэй хутгалдаж буй талаар гэмт хэргийн триллер кино юм. “Доктор”-т “мордохын хазгай” тохиосон нь киноны эхэнд гадны нэртэй дууг ашигласан цочирдом явдал байв. Киноны төгсгөлд тухайн дууны нэр эсвэл дуунд зохиогчийн эрх авсан талаар мэдээлэл үгүй байсан нь “Бусдын оюуны өмчийг хүндлэн дээдэлдэггүй уран бүтээлчид ямар л өөдтэй бүтээл хийгээ аж даа?” хэмээх сөрөг анхны сэтгэгдэл, хардлага сэжгийг “Доктор”-ийн эхний мөчүүдэд төрүүлж, нийт киногоо хөөджээ. Киноны дүр үйл явдлын нөхцөл байдал (story set-up)-д Монгол үзэгчдийн өмнө харж байгаагүй зүйл үгүй. Бохир улс төрч, барлагууд, ямар нэг аллага, “Миний аавыг баян лаг аав гэдгийг мэдхөө чи” халамцуу зандрал, хошуугаа нийлүүлж халуунаар үнсэлдэн тэврэлдэх нь холгүй нэгнээ хоргоох “атаман”-ууд, тайзны хошин шогийн маягийн арчаагүй хулчгар найз, цээж нүцгэлэх л зориулалттай эмэгтэй дүр гээд манай гэмт хэргийн киноны улиг болсон есөн шид нь “Доктор”-т нэг ч дуталгүй бүрэн цуглажээ. Шинэ санаа, өвөрмөц өнцөг, ялгаатай хандлагыг хайх уран бүтээлч эрэл хайгуул энд нэгээхэн ч байсангүй. Бусад Монгол кинонд хэдэн зуун удаа харж цээжлэгдсэн эдгээр улигт дүр, үйл явдлыг үзэхэд бүр ч яршигтай болгосон “Доктор”-ийн нүдийг үл баясгаж, чихийг эс чимэх хийц чанар байв. Киног “дүрсний урлаг” болгодог зураг авалтын зохиомж, камерын хөдөлгөөн, эвлүүлгийн хэмнэл гэх ойлголт “Доктор”-т огтхон ч үгүй бөгөөд өнгө шүүлтийг нь мартчихсан гэмээр өнгөгүй саарал зургууд ч киноны дунд цохиж явсан нь цөөн биш. Цаашлаад “дууны чанар” гэдэг зүйл бүрмөсөн хаягдсан бөгөөд гар утасны бичлэгээс долоон дор ямар ч микрофонгүй залны царгиат “шум” харилцан яриа, паржиганах микрофон болоод дүрүүдийн хэлж буй чухал үгс ялгагдан сонсогдохгүй хэсэг дэндүү олон байсан нь “Доктор”-ийн базаахгүй чансааг улам ч дордуулсан байна. Магадгүй кино өөрөө ч өөрийнхөө продюсерийн нэрийг эхлэл болоод төгсгөлд нь “-батаар” эсвэл “-баатар” гэж хоёр ялгаатай бичиж санал нийлэхгүй байхад үзэгчид бид “Доктор”-ийг үзэхэд тулгарч буй харааны болоод сонсголын бэрхшээлүүд илүү дараагийн, бүр ахисан түвшний асуудал бизээ. “Доктор”-оос эергээр дурдаж болох ямар нэг зүйлийг олохоор чармайвал миний хувьд зохиол үйл явдлын бүтэц дарааллыг нэрлэх болов уу. Хэдий гүйцэтгэл нь сайн, сонирхолтой эсвэл бүтээлч огтхон ч биш боловч дүрүүдийг танилцуулах (character introduction), үйл явдлын эхлэл (inciding incident), өрнөл, эргэлт, урвалт, уналт, эргэн ирэлт, тайлал гэх мэт үйл явдлын эргэлтийн цэгүүд байсан Монгол киноны “дундаа очоод үйл явдал нь дуусчихдаг” асуудлаас сэргийлсэн байлаа. Гэвч нөгөө талдаа энэ нь ямар ч кинонд шаардагддаг наад захын үзүүлэлт бөгөөд “Доктор”-ийн гаргасан онцгой амжилт биш юм. “Доктор” нь үйл явдлын бүтэц дараалал (story outline)-аа зөв гаргасан боловч үзүүлж буй дүр үйл явдал нь хуучинсаг бөгөөд улиг болсон, тэднийг илэрхийлэх киноны хийц гүйцэтгэлд хөдөлмөр, хичээл зүтгэл нэн хангалтгүй харагдсан нь киног бүтэлгүйтэхэд хүргэжээ. Миний хувьд “зуны амралт”-аараа театрт Монгол кино ойрд үзээгүй биш байсан бол “Доктор”-ийг дундаас нь орхин гарах байсныг үгүйсгэхгүй. Цөөн үгээр: “Гэмт хэргийн жанрын Монгол кино” буюу нөгөө л бохир улс төрч, гэмт хэрэг, атаман г.м-ийг ямар ч шинэчлэл, сайжруулалт, эрэл хайгуулгүй өнөө л янзаар нь базаахгүй хийц гүйцэтгэлтэй ягштал давтсан уйтгар. Юу өөр байсан бол өнөөдрийн кино илүү таалагдах байсан бэ: + Дууны чанар Өрөөнд цуурайтсан, микрофон нь паржиганасан дууны чанарыг 2022 онд хүлээн зөвшөөрөх ямар ч үндэсгүй. Мэргэжлийн ажиллагаагүй, үзэгчдийнхээ харах сонсох мэдрэмжийг эс хүндэтгэсэн, уран бүтээлчид өөрөө өөрсдийгөө хуурсан сонирхогчийн бичлэг ямар ч үнэ цэнгүй. + Хэв шинжит дүрүүдээс зайлсхийх Ууртай улс төрч, групп компанийн өв залгамжлал, баян айлын хүүхэд, арчаагүй найз, атаман г.м дүрүүдийг бүх кинонд давтагддаг жүжигчидтэй нь ахин дахин харахаас үнэхээр уйдаж байна. Тэднийг өөр өнцгөөс харуулах, эсвэл өөр шинэ төрлийн дүрийг эрэлхийлэх нь илүү сонирхолтой өгүүлэмж, нөхцөл байдлыг бий болгох болов уу. Мөнгө/Цагаа буцааж авмаар байна уу? Тийм. Ийм киног хүлцэж цагаа үрэхээр зуны сүүлчийн өдрүүдийг агаар салхинд өнгөрөөх нь илүү тустай бизээ.",[],87.17165669,1ц 27м
2489,Цас орж байна,Кино,,2022,13+,,0,,,Хаанаас үзэх вэ? Жүжигчид Э.Мөнхтөр - Ц.Мичидмаа - Д.Хосбаяр -,[],87.17165669,1ц 27м
2491,Дөлгөөн учрал,Кино,,2022,18+,,4.3,,,Хаанаас үзэх вэ?,[],87.17165669,1ц 27м
2492,Бяцхан чөтгөрийн хүсэл,Кино,Бяцхан чөтгөрийн хүсэл УСК,2021,13+,,0,,,Жүжигчид Б.Жамъяндорж - Ү.Ундрал - О.Самданпүрэв -,[],87.17165669,1ц 27м
2495,Гэрэлт одны нууц,Кино,,2021,13+,,0,М.Энхдалай,М.Энхдалай,Хаанаас үзэх вэ? Жүжигчид М.Энхдалай - Д.Баттөмөр - Ш.Жавхлан - Э.Гантулга -,[],87.17165669,1ц 27м
2496,Jingle fails,Кино,,2021,13+,,6,,,Хаанаас үзэх вэ?,[],87.17165669,1ц 27м
2497,Фукуокт нэг удаа,Кино,,2024,13+,,5.9,,Б.Мишээл,Жүжигчид М.Баярмагнай - Б.Одончимэг - Б.Мишээл -,[],87.17165669,1ц 27м
2499,Хөгтэй аялал,Кино,,2021,13+,1ц 0м,6.7,,,Хаанаас үзэх вэ?,[],60,1ц 0м
2500,Fearbook 1,Кино,,2021,13+,,6.2,,,Хаанаас үзэх вэ?,[],87.17165669,1ц 27м
2501,Fearbook 2,Кино,,2023,13+,0ц 58м,4,,,Хаанаас үзэх вэ?,[],58,0ц 58м
2502,Секс бол юу ч биш,Кино,,2021,18+,0ц 32м,7.4,,Г.Жанчив,"Р.Отгонбаяр, Р.Сүхболд, Б.Ангараг, Хаанаас үзэх вэ? Жүжигчид Г.Жанчив - Р.Отгонбаяр - Р.Сүхболд - Б.Ангараг -",[],32,0ц 32м
2504,Сорил,Кино,,2022,13+,2ц 13м,6.8,Б.Батдэлгэр-ийн,,"А.Номин-Эрдэнэ, Х.Сумъяадорж, Г.Дөлгөөн-Эрдэнэ, М.Бат-Эрин, Жүжигчид А.Номин-Эрдэнэ Х.Сумъяадорж Г.Дөлгөөн-Эрдэнэ М.Бат-Эрин Кино шүүмж Mungun “Сорил” нь чинээлэг айлын хүүхдүүдийг хичээлд нь сайжруулахаар алс бөглүү дотуур байранд зөвхөн шөнийн цагаар хичээл ордог туршилтын нууцлаг сургуулийн оюутнууд шалгалтаа давах арга сэдэж буй талаар сэтгэлзүйн триллер кино юм. Энэ оны хамгийн “зэвүүн” уур амьсгалтай (atmospheric) Монгол киноны нэг нь “Сорил” болов уу. Оюутан бужигнах “эрдмийн их өргөө” хэрнээ #1984 (1984), #Snowpiercer (2013) маягийн диктатурны дарамтат агаар, ажилчид гийчид саадгүй цуврах боловч ганцаардмал зэлүүд орчин, гадаад ертөнцийн сураг ажиг тасрахгүй ч холын хол орших мэт алс бөглүү мэдрэмжийг кино үр дүнтэй бүрдүүлжээ. Өөрөөр хэлбэл, аманд ч гүй, хамарт ч гүй олон байршил үзүүлэхээр муйхарлах бус, нэг орчноо гэрэл сүүдэр болон зураг авалтаар сайтар “мөлжиж”, бодитоор үзүүлэх боломжгүй зүйлсийг тун нь таарсан цөөн үг яриагаар цухалзуулсан (minimal exposition) нь хийцлэлийн (production) талаас зардлыг ихээхэн хэмнэж, үзэгчийн (suspension of disbelief) талаас ертөнцийг нь сонирхол татахуйц болгосон овжин шийдэл байлаа. Харамсалтай нь киноны дүрүүд болон тэдний үйл явдал нь ертөнцтэйгөө харьцуулахад “дутуу” санагдав. “Сорил” кино ердөө ч оршил (set-up)-гүй. Дэгсдүүлэн хэлэхэд ямар нэг олон ангит киноны тэг дундаас нь үзэж байгаа юм шиг. Эхлэл хэсэг нь сургуулийн консепц, сурагч болон багш ажиллагсдаа танилцуулах боловч өгүүлэмж (story) талаасаа киноныхоо үндсэн асуулт (central quetion/challenge) болох “Яагаад энэ “сорил” чухал вэ?”, “Багш сурагчид “сорил”-ийг даваад юу хожих?” эсвэл ““Сорил”-д бүтэлгүйтэхэд ямар аюул нүүрлэх вэ” гэдгийг үзэгчийн толгойд суурилуулах тал дээр хангалтгүй. Дэндүү учир битүүлэг энэ байдал киноны төгсгөлд тайлагдах боловч “тэр нэг шалгалтыг давах” гэдэг жижигхэн хэмжээний (limited scope) ганцхан даалгавартаа кино түүртэж, хэдэн хүүхдийн бичиг цаас ухаж хулгайлах, шипи дамжуулах арга сэдэх төдийхөнд уягдаж, “Сорил”-ийн “сорил”-ийг тойрсон том асуудал явдлыг гүнзгийрүүлэн дэлгэрүүлээгүй нь киноны сонирхол явдлыг ихэд унагаажээ. Миний гадарласнаар “Сорил”-ийн цаана нийгэм улс төрийн нөхцөл байдал, үе шилжилтийн тухай нэг ёгтлол (allegory) байв. Гэвч тэрхүү далд санааг цэцэглээн дэлгэж, түс хийтэл цохих (pack a punch) холбоо хэмнэлтэй адал явдал, бүтэц дарааллын үр дүнтэй гүйцэтгэл кинонд ноцтой дутлаа. Цөөн Үгээр Үйл явдлын хэмнэл авцалдаа хязгаарлагдмал. Гэхдээ уур амьсгалын хувьд 1990/2000-аад оны J-Horror видео тоглоом, эсвэл сүүлийн үеийн Солонгос зурагт ном (web/graphic novel)-ийг санагдуулам “зэвүүн” атмосфертой. Юу Өөр байсан бол өнөөдрийн кино илүү таалагдах байсан бэ? ОРШИЛ (set up) Киноны эхлэлд дүр, орчноо танилцуулахаас гадна хүмүүсийн айж сандраад, стресстээд байгаа “сорил”-ийн хожоо болон гарз нь юу вэ (whats at stake?) гэдгийг сорилыг өгөх хүүхдүүдийн өнцгөөс таниулахад онцгойлон анхаарах хэрэгтэй байв. БИЧИЛ АСУУДАЛД ТУЙЛШРАХГҮЙ БАЙХ Шалгалтын цаас мөшгөх, шипи бэлдэх нь “Сорил”-ийн хамгийн уйтгартай хэсэг байв. Гэтэл киноны үйл явдал, ертөнц, дүрүүдийг хөгжүүлж болох байсан хамаг хугацаа тэрхүү ахуйн бичил явдалд зарцуулагдсан нь хайран. Уг асуудалтайгаа уялдаад өөрсдийнхөө талаар, сургуулийнхаа талаар, гадаад орчны талаар мэдэж авсан бол илүү сонирхол төрөх байв. ТӨГСГӨЛ Киноны хамгийн том асуудал шийдэгдэж, нууц тайлбарлагдсан “оргил цэг”-ийн дараа кино жаахан сунжирсан санагдсан. Үзэгч сэтгэл санааны (emotionally) хувьд “цадчихаад” байхад кино үргэлжилснээр байсан нь илүүц санагдсан. Мөнгө Цагаа Буцааж Авмаар байна уу? Онцгойлон харамсаагүй ч санал болгох хэмжээний сайн биш.",[],133,2ц 13м
2505,Hacker,Кино,,2022,16+,,2,,,"С.Баянмөнх, Г.Отгонтуул, О.Гэрэлсүх, Жүжигчид С.Баянмөнх Г.Отгонтуул О.Гэрэлсүх Кино шүүмж Mungun “Hacker” нь нэгэн хакер залуу холбоо тасарсан найз охиных нь өв залгамжлах компанийг хяналтандаа оруулсан үндэстэн дамнасан мөнгө угаагч бүлэглэлийн эсрэг тэмцэж буй талаар адал явдалт кино юм. Уг киноны эхлэл хаа очиж тун боломжийн. Эхний хормуудад бид хакер залуугийн ур чадвар, түүний зэргэлдээ хаалганд нүүж ирэх нууцлаг охинд тулгарах бие махбодийн болоод сэтгэл санааны дарамт, гол дүрүдийн хэн нь хэн болох тухай үндсэн мэдээллийг удаж торох зүйлгүйгээр, басхүү бяцхан эргэлт сюрпризүүдийн хамт олж мэднэ. Харамсалтай нь “Hacker” нь давгүй эхлэл (set-up)-ээс цаашгүй кино болжээ. Киноны үйл явдалд онцын сонин биш хэсгүүд нь удаашралтай мөртлөө чухал, толгой гашилгах хэрэгтэй сценүүд нь гэрлийн хурдаар болоод өнгөрдөг нь “Hacker”-ийг түг-таг хийсэн эв хавгүй хэмнэлтэй болгожээ. Цаашлаад “Ууртай дарга нь ажилтнуудаа загнаж донгодох”, “Мөнгийг нь хангалттай өгийшд - сүрдүүлэгт ятгалга”, “Гол дүрийн баатруудыг дөнгөж алдсан босс доорх барлагуудаа занчих”, “Сэтгэл хөдлөл төрүүлдэггүй хөндий хоосон sex scene” гэх мэт Монгол киноны улиг болсон нөгөө сценүүд ном ёсоороо цөм энд бий. Уг нь дотоодын кинонд барагтай харж байгаагүй, хийц чанарын (production value) хувьд яавч AАА-зэрэглэлийн бус уг киноноос үзнэ гэж төсөөлөөгүй ганц хоёр содон action сцен “Hacker”-т байв. Гэвч орлон тоглогчдын (stunt work) болоод компьютер графикийн чамгүй чадварлаг хослол болсон тэдгээр хэсгүүд нь сонирхлыг өдөөх нь бага үйл явдал, үзэгчийн ухааныг давах нь хомс өрнөл гаргалгаанаас үүдэн үнэ цэнээ алджээ. “Hacker” киноны “Энэ нөхрийн хэлсэн юмыг зориуд харуулаагүй нь чухал учиртай”, “Энд бараг баригдана”, “Энд харин жинкнээсээ баригдана”, “Эднүүдийн нэг нь урвагч”, “Энд sex scene”, “Харин одоо…” гэх мэт үйл явдлын эргэлтүүд нь өмнө нь гэмт хэрэг/адал явдлын шинжтэй кино үзэж байсан дийлэнх үзэгчийн хувьд “мэдээжийн” санагдах эрсдэлтэй. Харин шинэ содон зүйл хомсхон үйл явдалтайгаа хосолж “Hacker”-ийг унагасан хоёрдахь томоохон хүчин зүйл нь киноны эхлэлээс төгсгөл хүртэл яг л нэг янзаараа орших дүрүүд байв. Хакерын дүр нь компьютерийн ур чадварыг бүрэн төгс эзэмшсэн гоц ухаантан, дайснуудынхаа хамаг л арга мэхийг урьдчилж харах зөнтөн, найз охинтойгоо олон жилийн дараа дахин учрахдаа ч найрахгүйгээр дахин дурлуулах далдын хүчтэн - ер нь есөн шид нь бүрдсэн нэгэн байсан нь уйтгартай. Улмаар үндэстэн дамнасан мафийн хурган босс, өрсөлдөгч хакерууд, мафийн булчингууд хамжилцаад ч уг төгс залуугийн толгойноос ширхэг үсийг ч унагаж чадахгүй мэт санагдах нь гайхмаар. Гол дүр нь хэт төгс хүчтэй, нөгөөдүүл нь нийлээд нийлээд сулбагар дорой байх энэхүү хэт зөрүү нь киноны аюул түгшүүрийн мэдрэмжийг нойлложээ. Харин тэнгэр газар мэт ялгаатай лигийн хүмүүсийн уйтгартай тэмцээний ард киноны үйл явдлыг эхлүүлсэн үндсэн эмэгтэй дүр маань дуу хоолой, хүч нөлөөгөө алдаж, “Энэ охин чинь ер нь хэн юу билээ, хэрэгтэй билүү” хэмээн гайхтал үүрэг оролцоогүй болсон нь киноны алдагдсан боломжуудын нэг байв. Нийт дүндээ “Hacker” нь уран бүтээлчид нь толгойгоо гашилган бясалгаж, үнэхээр үзүүлэхийг хүссэн дүр үйл явдал гэхээсээ оюутан сурагчдын хичээл дуусч, Монголчууд хөдөө гадаа тарахаас урьтаж нээлтээ хийхээр яарсандаа зохиолынхоо эхний нооргийг гүйцээчгүй байхад нүдээ аниад зураг авалтрууга дайрсан яаруухан кино-контент мэт санагдах ажээ. Юу өөр байсан бол #Hacker кино илүү таалагдах байсан бэ ? Эмэгтэй дүрийн хүч нөлөө Эмэгтэй дүр кинонд үнэхээрийн “ажилгүй” байв. Хакерын найз бүсгүй залуугийнхаа бодол шийдвэрт нөлөөлөх, тэр хоёрын харилцаа уналт босолтыг адал явдлын дунд туулсан бол. Эсвэлчиг гол дүрийн хакерын эсрэг яагаад чөтгөр шиг сэргэлэн хакер охин байж болохгүй гэж? ??? Супер биш гол дүр, арга самбаатай дайсан Хакерын дүр дэндүү супер, ертөнцийн бүх асуудлыг компьютерийн мэдлэгээрээ шийдэж чадах нэгэн байв. Гол дүрийн хязгааргүй энэ хүчийг уургалж, эсрэг дүрийн босс-д “Мөнгийг нь өгий” гээд халтуурны хакеруудад найдахаас өөр арга заль хэрэгтэй байв. ??? “Мэдээжийн” эргэлтээс зайлсхийх Зохиолын эхний нооргоороо кино хийхээ больж, үзэгчийн ургуулан бодох, урьдчилан тааварлах чадварыг хүндлэх. Хэзээ баригдах, хэзээ баригдахгүй, яаж нуугдах, хаана урвагч байгаа, хэн туслах магадлалтай вэ- нь дэндүү илт байна. Юу болох нь гарцаагүй ч яаж гэдэг нь үзэгчийн төсөөллөөс давсан (subverted expectation) байвал илүү сонирхолтой үйл явдал болох болов уу. Цөөн үгээр Постерыг нь хараад “Энэ ч дээ” гэж бодсон бол мэдрэмж нь оножээ. Мөнгө/Цагаа буцааж авмаар байна уу? Тийм. Hacker (2022) – ★☆☆☆☆ (1.5/5) + Шинэ залуу болон туршлагатай жүжигчдийг хольсон дүр сонголт (casting) + Хошин шогийн жүжигчин мафийн алуурчны дүрд бишгүй сайн хувирсан (жүжигчин Н.Баясаа) - Киноны хүлээлтийг багагүй унагасан постер - Тун нь хэтэрсэн, илүүц хөгжим их (хөгжмийн найруулга) - Байсан, байгаагүй нь ялгаагүй, үүрэг нөлөөгүй, маш сул эмэгтэй дүр - Үнэмшил бага, тарчиг хийц чанар (production design) - Гол дүрийн баатрыг хэзээ ч “барахгүй”, арга залгүй, ур чадваргүй сөрөг дүрүүд - Мэдээжийн эргэлтүүд (predictable plot) - Чухал хэсгүүд нь хурдан, онц биш зүйлс нь удаан хэмнэл найруулга (direction, pacing) - Хэтэрхий олон хариулт дэлгэх, “хямдхан” эргэлттэй төгсгөл (final reveal with cheap solution) 2024-06-03 16:55:08 Дэлгэрэнгүй",[],87.17165669,1ц 27м
2506,Саран хийл,Кино,,2022,13+,2ц 0м,0,,,"Т.Бархүү, А.Туяа, С.Болормаа, Ц.Төмөрхуяг, О.Гэрэлсүх, Т.Анхзул, У.Мөнхбагана, Жүжигчид Т.Бархүү А.Туяа С.Болормаа Ц.Төмөрхуяг О.Гэрэлсүх Т.Анхзул У.Мөнхбагана",[],120,2ц 0м
2507,The Coach,Кино,,2022,13+,2ц 0м,6.2,,,"Р.Анхням, С.Лхагвасүрэн, Жүжигчид Р.Анхням С.Лхагвасүрэн Кино шүүмж Mungun “Дасгалжуулагч” // The Coach нь нэгэн хөдөө сумын сагсны фанат тэргэнцэртэй хүү болон хэн ч өрсөлдөөн гэж тоомгүй “нөхөөсний” (misfits) сонирхогчдоос бүрсэн арван жилийн ахлах ангийн сагсны баг хамтарч сургуулийнхаа аврагын тэмцээнд бэлдэж буй талаар өсвөр настнуудын амьдралыг өгүүлэх (coming of age) драм кино юм. “Дасгалжуулагч” эгдүүтэй хөөрхөн кино. Ногоон уул толгод, ус голтой хангай нутгийн хөдөө сумын буйдхан амар амгалан нь өвөл үзэхэд сэтгэл тэнийлгэм. Харин тэнд оршин суух арван жилийн өнгө өнгийн араншинтай өсвөр настнуудын төгсөхөөсөө өмнө сагсны аварга болох, хичээлээ давтах буюу бөмбөгний бэлтгэлээ сонгох, дээрэлхүү өрсөлдөгчдөө даван дийлэх гэх мэт энгийн хялбар асуудал нь хувь хувьсгалын стресс дүүрэн үзэгчдийг цайлган мэдрэмж, гэгээлэг уур амьсгалаараа (atmosphere) “амраах” шидтэй. Хөгжлийн бэрхшээлтэй байдал нь хүний өөрийн үнэ цэнээ олж мэдрэх, хүрээлэлдээ хүлээн зөвшөөрөгдөх байдалд саад учруулдаггүйг харуулсан орчин үеийн эерэг зөв хандлага; шинэ залуу жүжигчид; Улаанбаатарт биш сумын төвд өрнөснөөр кино продакшны зардлыг чамгүй хэмнэхийн зэрэгцээ үзэгчдэд содон орчныг дэлгэсэн зэрэг нь миний хувьд “Дасгалжуулагч”-ийн хамгийн том ололтууд байв. Киноноос иймэрхүү зүйл үзээд сэтгэл нь ханадаг үзэгчдийн хувьд “Дасгалжуулагч” бишгүй сайн кино. Харин хүний өсөлт уналт туулах өөрчлөлтийн замнал (character journey), хэцүү шийдвэр дундаас сонгох хэрэгтэй зөрчил (conflict), үзэж харсан зүйлс маань хойшдын өрнөл явдалдаа нөлөөлдөг холбоо хамаарал (narrative structure) хүсдэг онцлогтой миний хувьд “Дасгалжуулагч”-ийн хэт энгийн зохиол үйл явдал “өл залгуулсангүй”. Арван жилийн хүүхдүүдийн талаар киноноос учиргүй action, тэсрэлт дэлбэрэлт, манайхны ямар ч эв хав, мэдрэмжгүй хийдэг +18 зүйлс, сүржин даржин монолог огтхон ч хүсээгүй, ердөө л тэр дүр, хүүхдүүдийн сонголт шийдвэрийг илүү даацтай (compelling), үйл явдлыг баяжуулж сонирхолтой болгох цөөнгүй “алдагдсан боломж” (lost opportunity) харагдсанаа энд дурдахыг хүссэн юм. Дүрүүд алга урвуулах мэтээр явж байсан замналаасаа шарваж өөрчлөгддөг байдал нь миний хувьд “Дасгалжуулагч”-ийн хамгийн том асуудлын нэг байв. Од тоглогч хүү голсон баг дээрээ зүгээр л эргээд ирдэг, банди нарын багт тоглогч дутахад нэг охин ногоон гэрлээр зөвшөөрөгдөөд орчихдог, Олимпиадчин сурагч хичээл эсвэл спортоо сонгох талаар нухацтай тунгааж эргэлздэггүй, харин багш нь… харин өрсөлдөгч баг нь…гээд тоолоод л байвал тоочоод л байхаар үзэгчийн сонирхол оюуныг хөсөрдүүлсэн дэндүү амархан “төрөл арилжсан” байдал дүрүүдэд олон. Мөн түүнчлэн хүмүүс ярилцаад л шийдчихдэг зүйлсийг дүрүүд өөрсдөө тодорхой шалтгаангүй дүлий дүмбэ оргин ужгируулдаг өнгөцхөн хуурмаг зөрчил драм (non-conflict) хэд хэд бий. Тэргэнцэртэй хүү сурагчидтай найзлахгүй байгаа, яагаад ээждээ найзуудтай болохоо хэлэхээс цааргалж байгаа зэрэг байдал нь ойлгомжгүй бүрхэг. “Дасгалжуулагч”-ийн зохиолыг би ингэж томьёолох байв: 1. Сагсны тэмцээн 5v5 биш, 3v3 байна. Ингэснээр 5 биш, 3 дүрийг чанартай хөгжүүлэх боломжтой болно. 2. Анги 3-хан бандитай байна. Нэг нь од тоглогч, нэг нь онц сурлагатан, гуравдахь нь тэргэнцэртэй хүү. 3. Тэргэнцэртэй хүү тоглох боломжгүй тул “од тоглогч”-ийг шохоорхдог охин багт орохыг санал болгоно. Харин тэргэнцэртэй хүүгийн аав мэргэжлийн сагсчин байсан тул дасгалжуулагчаар ажиллахыг ангийнхан нь дэмжинэ. Магадгүй тэргэнцэртэй хүү өмнө нь ангийнхаа онгироо дээрэлхүү од тоглогч байсан бөгөөд, одоогийн од тоглогч түүнд атаархдаг/дургүй байсан. Ингэснээр гол дүр од-биш болсондоо шаналах, өөрийн итгэл үнэмшлээ биеийн-хүчээр-биш олохоор шаналах, мөн одоогийн од тоглогч, тэргэнцэртэй дасгалжуулагч хоёр сөргөлдөх зөрчил үүснэ. 4. Тэмцээн нэг өдөр биш, хэдэн долоо хоногийн хугацаанд цувралаар үргэлжилнэ. Ингэснээр эцсийн өрсөлдөгчөөс гадна өөр багууд/сонирхолтой чимэг туслах дүрүүдийг харуулах боломжтой. Тэмцэлдэж байсан энэ багууд эцэст нь тэргэнцэртэй хүүгийн багийг дэмжвэл үзэгчдийн сэтгэлд бүр ч өег. 5. Анхны тоглолтоо од тоглогчийн хүчээр арайхийн ялна. Од тоглогч уурсаж “Юу ч чадахгүй сэгсийсэн охинтой нэг баг болохгүй, тэргэнцэртэй хүүгээр сагс заалгадаг ийм алиа багт чинь би тоглохгүй” гээд хаяад явна. Онц сурлагатан бас “За би ч хичээлээ хийсэн нь дээр юм байнадаа” гээд мөн эргэлзээнд автана. 6. Сайн хөвгүүндээ муухайгаар хэлүүлсэн охин их гомдоно. Гэхдээ тэргэнцэртэй хүүгийн сэтгэлийн хат, ухааныг нь үнэлж эхэлнэ. 7. Ээж, хүү хоёрын зөрчил нь эмчилгээ байна. Хүү хэдэн сар хэвтрийн дэглэм сахиж чадвал хөл дээрээ босох найдлагатай эмчилгээ бий. Гэвч энэ хугацаанд төгсөлтийн өмнөх сүүлчийн сагсны тэмцээн нь. Тиймээс хүү ирээдүйд алхаж магадгүй боломж эсвэл одоо найзууддаа туслах эсэхээ сонгох ёстой. 8-14…багийнхнаа эргэн цуглуулах, хувийн биш багийн тоглолтод тактик суурилах, тэргэнцэртэй хүүгийн эрүүл мэнд доройтож хэвтэрт орох, охин хүү хоёрын харилцаа лавшрах, эцсийн тэмцээн г.м… 15. Эцэст нь од тоглогч бусдыг хүндэлдэг болж, од тоглогчийг шохоорхдог байсан охин тэргэнцэртэй хүүгийн чадвар ухаанд татагдаж, багш нь…Олимпиадын сурагч нь… эсрэг багийнхан нь… гэх мэт. Хүний зохиолыг “Би байсан бол…” гэж ирээд л намжирдах нь онгироо хэрэг. Гэвч дүрүүд хэцүү сонголттой тулгарах (conflict), тэр сонголт шийдвэрүүд нь дараагийн явдлаа түрэх (consequence), дүрүүдийн энэ хугацаанд өсч унаж өөрчлөгдөхийг (character journey) үзэж кайф авдаг үзэгч миний хувьд уран бүтээлчдээс илүү их боловсруулалт, ажиллагааг үгүйлснээ илэрхийлж буй нь энэ юм. Күүлээ багтааж ядаж байгаа атаманууд, улс төрийнхний хуйвалдаан, эцэс төгсгөлгүй уйлан майлаан эсвэл гадны киног жишимчгүй хуулаад бүр үргэлжлэл ангийг нь хийчихдэг Монгол кино ертөнцийн хувьд “Дасгалжуулагч” нь сайшаалтай үзэгдэл мөн. Гэвч бүтээл илүү олон үзэгчдэд хүрч, их мөнгө олж, хойшдын бүтээлээ дэмжихийн тулд үзэгч бидэнд хэцүү сонголтуудтай тулгардаг дүр, хааш эргэх нь сэтгэл догдлоодог үйл явдал хэрэгтэй санагдлаа. ЦөөнҮгээр Цайлган, хөөрхөн кино. Даанч дүрийн хөгжил, зөрчил үйл явдал шийдэгдэх байдал нь цэцэрлэгийн хүүхдүүдийн үздэг хүүхэлдэйн киноных шиг хэт энгийн. #ЮуӨөр байсан бол өнөөдрийн кино илүү таалагдах байсан бэ: ҮЙЛ ЯВДЛЫН ДАРААЛАЛ (Story structure, plot beats) Киноны үйл явдал дунд хавьдаа зогсч, сагсны бэлтгэлийн монтаж бүр хоёр дарааллаад гарсан нь уран бүтээлчид үзүүлэх зүйлгүй мухардалд орж эхэлсний дохио байв. Бүтэц дараалал нь зохиолын эргэлтүүдийг “мэдээжийн” болгодог боловч юу ч өөрчлөгддөггүй нэгэн хэвийн байдал нь киног уйтгартай болгодог. ДҮРД ТУЛГАРАХ СОНГОЛТ (Character conflicts) Хүүхдүүдийн сагсны эргэн тойрон дахь асуудал амьдрал дээр том асуудал биш боловч дүрүүдийнхээ хувьд том асуудал бол үзэгчид татагдсан хэвээр байх билээ. Яагаад дүр тоглохыг хүсч байна, тоглохыг хүсэхгүй байна, тэр үгийг хэлэхийг хүсч байна, хэлэхийг хүсэхгүй байна гэдэг нөхцөл байдал, аргагүй байдал, дүрүүд мухардалд орохыг харуулснаар илүү сонирхол татам өгүүлэмж бий болох болов уу. ХҮН ЯАЖ ӨӨРЧЛӨГДДӨГ ВЭ? (Choices that matter) Дүрүүд ямар нэг асуудал бэрхшээлийг туулалгүй, юу ч бодолгүйгээр санаа бодлоо өөрчилж байгаа нь “хямд” санагдсан. Дүрүүдэд харах өнцгөө өөрчлөх зүйл бололгүй зүгээр л ирээд дагаар орох нь тэднийг үнэмшилгүй болгож байв. МөнгөЦагааБуцаажАвмаар байна уу? Урилгаар үзсэн. Киноны “сэтгэл” нь хөөрхөн байсан ч хүмүүст санал болгож үзүүлэх хэмжээний онц сонирхолтой дүр үйл явдал байсангүй. ДасгалжуулагчМУСК (2022) – ★★☆☆☆ (2.5/5) + Сэтгэл уужирч амрам уур амьсгал (atmosphere) + Залуу жүжигчид + Зураг авалтын шинэлэг байршил орчин (хөдөө сум) + Зураг авалтын зарим шийдэл (composition, cinematography) + Өнгө будаг + Зарим үед сэтгэлд өег хөгжим - Дүрүүдийн алга урвуулах мэт хурдан хувирал - Сонголттой тулгардаггүй, шийдвэр гаргадаггүй дүрүүд - Уялдаа холбоогүй үйл явдал - Зогсонги хэмнэл 2024-06-06 16:13:48 Дэлгэрэнгүй",[],120,2ц 0м
2508,Үүлэн сэтгэл,Кино,,2024,16+,,6.1,Л.Эрдэнэ-Очир,Л.Эрдэнэ-Очир,"Б.Одгэрэл, Л.Эрдэнэ-Очир, С.Баасанжаргал, М.Оюунсүрэн, Г.Мөнхжаргал, С.Алтанзавъяа, Жүжигчид Б.Одгэрэл Л.Эрдэнэ-Очир С.Баасанжаргал М.Оюунсүрэн Г.Мөнхжаргал С.Алтанзавъяа",[],87.17165669,1ц 27м
2509,Бэрх Шагай,Кино,,2024,ЭЭХ,,0,Ч.Билгүүн,Ч.Билгүүн,"Б.Базаррагчаа, В., Б.Дамдинсүрэн, Жүжигчид Б.Базаррагчаа В. Б.Дамдинсүрэн Ч.Билгүүн",[],87.17165669,1ц 27м
2510,Үхлийн Тойрог,Кино,Үхлийн Тойрог УСК,2024,16+,1ц 20м,7.6,Ц.Цэрэндорж,Ц.Цэрэндорж,Д.Бямбацогт С.Ариунбямба Ц.Цэрэндорж B.Maggi Т.Лхагвадулам С.Төгс Н.Нэргүйбаатар Г.Тэнүүн-Эрдэнэ Б.Эрдэнэчимэг С.Удвал,Дрийм энтертайнмент Хаанаас үзэх вэ?,80,1ц 20м
2511,Хайрын Домог,Кино,,2024,13+,,5.6,Б.Чингүүн,,Ч.Сэлэнгэ Э.Лхагва-Очир Д.Гүрсэд Т.Лхагвадулам М.Тогтохжаргал Б.Чингүүн,Ю Би Эс телевиз,87.17165669,1ц 27м
2512,Хайр хүлээсэн хавар,Кино,,2024,13+,1ц 31м,4.7,У.Эрхэмбаяр,Н.Доржжанцан,У.Эрхэмбаяр Б.Батмөнх Н.Доржжанцан Н.Өгөөмөр П.Сүхболд Л.Өсөхбаяр,Khoimor.mn Хаанаас үзэх вэ?,91,1ц 31м
2513,Андгай,Кино,,2024,13+,2ц 14м,6.5,А.Мөнхтулга,А.Мөнхтулга,"Л.Сумъяабазар, А.Энхжин, Х.Цасчихэр, О.Самданпүрэв, Жүжигчид А.Мөнхтулга Л.Сумъяабазар А.Энхжин Х.Цасчихэр О.Самданпүрэв",[],134,2ц 14м
2519,Хүрд баримтат кино,Кино,,2022,16+,0ц 53м,0,Л.Номин,,Хаанаас үзэх вэ?,[],53,0ц 53м
2521,Тойрог,Кино,Триллер,2024,18+,1ц 23м,7.6,,,Ц.Буянхишиг Б.Мөнхнаран Ж.Алтаншагай Х.Цасчихэр Н.Ялалт,Оранж энтертэйнмент,83,1ц 23м
2522,Нүүргүй Хүн,Кино,,2024,13+,1ц 40м,3.5,Ш.Доржсүрэн,А.Мөнгөнзул,Б.Отгонтуяа Ш.Доржсүрэн А.Мөнгөнзул Б.Занабалдан,ДОЗ  энтертайнмент Оранж энтертэйнмент Скаймедиа Хаанаас үзэх вэ?,100,1ц 40м
2523,Дээдсийн хүрээлэн,Кино,,2024,18+,0ц 18м,2.8,Э.Чинзориг,,"Б.Батзолбоо, Г.Сумъягарав, Хаанаас үзэх вэ? Жүжигчид Э.Чинзориг Б.Батзолбоо Г.Сумъягарав",[],18,0ц 18м
2524,Room six,Кино,,2024,18+,0ц 30м,3.1,О.Амарбаясгалан,О.Амарбаясгалан,,Филм плас студи Хаанаас үзэх вэ?,30,0ц 30м
2525,Reset,Кино,,2024,18+,0ц 32м,3.9,О.Амарбаясгалан,О.Амарбаясгалан,,Филм плас студи Хаанаас үзэх вэ?,32,0ц 32м
2526,Чамтай учирснаас хойш,Кино,,2024,13+,2ц 36м,6,Д.Дашдолгор,,"Б.Хунцэнгүүн, Н.Нархажид, Б.Баяржавхлан, А.Чамин-Эрдэнэ, Л.Адъяабазар, Хаанаас үзэх вэ? Жүжигчид Б.Хунцэнгүүн Н.Нархажид Б.Баяржавхлан А.Чамин-Эрдэнэ Л.Адъяабазар Д.Дашдолгор",[],156,2ц 36м
2527,Аавуудын цэцэрлэг,Кино,,2024,Б,2ц 12м,1.5,Г.Төмөртогоо,Г.Төмөртогоо,"А.Бямбабаяр, Б.Буянтогтох, О.Анхсүх, Б.Номин, Хаанаас үзэх вэ? Жүжигчид Г.Төмөртогоо А.Бямбабаяр Б.Буянтогтох О.Анхсүх Б.Номин",[],132,2ц 12м
2528,Эх орондоо л очихсон,Кино,,2024,13+,2ц 5м,0,З.Батбилэг,Г.Золжаргал,Г.Золжаргал З.Батбилэг Б.Ганзориг Э.Тэмүүжин,Zoljargal and Son Film,125,2ц 5м
2529,Нударга,Кино,,2023,13+,2ц 16м,0,,,Ц.Отгонбаяр Золбоо С.Удвал Бүдээ Б.Хүрэлболд Жалбуу,Old film house,136,2ц 16м
2530,Юунаас ч илүү,Кино,,2022,13+,,0,М.Энхдалай,М.Энхдалай,"П.Хувьзаяа, Б.Болортунгалаг, Э.Тодгэрэл, Жүжигчид М.Энхдалай П.Хувьзаяа Б.Болортунгалаг Э.Тодгэрэл",[],87.17165669,1ц 27м
2531,Дурлалын галт тэрэг,Кино,Дурлалын галт тэрэг,2020,13+,,0,М.Энхдалай,М.Энхдалай,"М.Баярмагнай, Ш.Алтанцэцэг, Б.Навчаа, Д.Баттөмөр, Хаанаас үзэх вэ? Жүжигчид М.Баярмагнай Ш.Алтанцэцэг Б.Навчаа Д.Баттөмөр М.Энхдалай У.Нинжинсүрэн",[],87.17165669,1ц 27м
2532,Тэрбумын хэрэг,Кино,,2015,13+,1ц 30м,0,А.Миеэгомбо,А.Миеэгомбо,А.Миеэгомбо Н.Сувд Б.Шинэбаяр Э.Тодгэрэл А.Дашпэлжээ Н.Тэмүүлэн М.Баярболд Б.Золжаргал,YB entertainment,90,1ц 30м
2533,Амьдралын амт,Кино,,2009,13+,1ц 30м,6.5,Б.Чингүүн,Д.Мөнх-Од Аянга Д.Пүрэвсүрэн Д.Төмөрчөдөр Ц.Золжаргал Б.Одбаяр,Э.Ууганбаяр Зурагчин Б.Чингүүн А.Миеэгомбо Д.Ангараг Э.Мөнхтөр Хангай Г.Отгонцэцэг Хажидмааа Б.Уянга,Найзууд театр,90,1ц 30м
2536,Хаан сайд: Ороны Тлейхан баримтат кино,Кино,,2023,13+,0ц 51м,0,,А.Миеэгомбо,,[],51,0ц 51м
2537,Эрдмээр жигүүрлэсэн 100 жил баримтат кино,Кино,,2021,Б,2ц 15м,0,,,,[],135,2ц 15м
2538,Диваажингаас Амьдралд Хүрэх Зам,Кино,,1998,Б,2ц 14м,0,Ж.Сэнгэдорж,Ж.Сэнгэдорж,Ж.Сэнгэдорж У.Батбаатар Ж.Оюундарь С.Болормаа Ц.Ганхуяг,Бэрс студи,134,2ц 14м
2539,19,Кино,,2012,13+,,0,Ж.Сэнгэдорж,,"Б.Шинэбаяр, Жүжигчид Ж.Сэнгэдорж Б.Шинэбаяр",[],87.17165669,1ц 27м
2541,Нарны Өнгө,Кино,Нарны Өнгө УСК,2012,Б,1ц 50м,0,Ж.Сэнгэдорж,,"Г.Золбоот, А.Очирбат, Д.Бямбацогт, Д.Сэлэнгэ, Э.Бямбажав, Жүжигчид Ж.Сэнгэдорж Г.Золбоот А.Очирбат Д.Бямбацогт Д.Сэлэнгэ Э.Бямбажав",[],110,1ц 50м
2542,Адам OXYGEN,Кино,,2010,16+,1ц 15м,0,Ж.Сэнгэдорж,Ж.Сэнгэдорж,Ж.Сэнгэдорж А.Баттүшиг Х.Баяраа Б.Эрдэнэбат Ё.Алтанзул,Лоожикфильм (Logicfilm),75,1ц 15м
2544,Удирдагч,Кино,Удирдагч МУСК,1998,18+,2ц 13м,0,Д.Энхбаатар,,"Б.Амарсайхан, С.Болд-Эрдэнэ, Г.Золбоот, Жүжигчид Б.Амарсайхан Д.Энхбаатар С.Болд-Эрдэнэ Г.Золбоот",[],133,2ц 13м
2557,Хөдөөгийн баясгалан,Кино,,1974,Б,1ц 48м,0,Д.Жигжид,Г.Бат-Очир,"Б.Батзаяа, Б.Дамчаа, Жүжигчид Д.Жигжид Б.Батзаяа Болд Б.Дамчаа Рагчаа Г.Бат-Очир",[],108,1ц 48м
2558,Шар гэгээ,Кино,,2023,Б,1ц 56м,5.1,,Ш.Гүрбазар,Ш.Гүрбазар Н.Ялалт Т.Энэрэл Э.Батнямбуу Ү.Баяржаргал Л.Жижжалам Э.Тодгэрэл,Оранж энтертэйнмент,116,1ц 56м
2561,Өглөө,Кино,,1968,Б,2ц 9м,0,Д.Жигжид,Л.Ванган,"Ц.Дашнамжил, Ц.Цэрэндорж, Хаанаас үзэх вэ? Жүжигчид Д.Жигжид Ц.Дашнамжил Сүхбаатар Ц.Цэрэндорж Л.Ванган",[],129,2ц 9м
2562,Од ба гэгээ,Кино,Хөгжмийн,2019,13+,1ц 25м,9.5,,,"Н.NMN, Н.Magnolian, Жүжигчид Н.NMN Н.Magnolian Кино шүүмж Mungun Айхтар дуучны талаар, эсвэл айхтар дуучин тоглосон кинонууд Оксарт ташраараа дэвшээд сар гаруйхан л болжээ. Тиймээс ойрын хугацаанд нээлтээ хийх дуу хууртай төрлийн кинонууд гадна дотны, том жижиг төсөвтэй байх нь ялгаагүй бүгд л #BohemianRhapsody, #AStarIsBorn-н алган дээр нэг хэсэгтээ бөмбөрч эрхэлсэн үзэгчдийн өндөрссөн шалгуурыг сөрөх хүндхэн даваатай тулгараад байна. Гэхдээ “Од ба Гэгээ” киног Холливуудтай холилгүйгээр, өөрийнх ололт бүтэлгүйтлүүдийг Монгол лигийн бусад кинонуудтай жирийн үзэгчийн хувьд жишч зүйрлэхийг хичээлээ. Үйл явдлаас нь эхэлье. Кино ерөнхийдөө эрэгтэй гол дүр буюу жижиг хамтлагт дуулдаг “Од” нэртэй залуугийн харах өнцгөөс өрнөнө. Од гэх энэ залуу од юм гэдгийг зөндөө харуулах авч, амьдралд нь нэг л юм дутуу. Тэр дутуу юм нь энэ хүнийг их зовооно. Хоногийн 24 цаг Их Дэлгүүрт ээжээсээ төөрсөн 6 настай хүүхдийн зовлон, төөрөгдөл, гачигдал дүүрэн төрх царайн дээр нь хадгалаатай. Гэхдээ яагаад зовоод, юу дутаад байгаа юм бол гэдэг нь маш бүрхэг, ойлгомжгүй: 1. Сайхан бүтээл туурвих, дуу хөгжим хийх юмуу гэхээр - хамтлагийнхныгаа үл ойшоож, шинэ бүтээл хийх дараагийн боломжуудыг ч шамшигдуулах; 2. Хайр сэтгэл юмуу - гэхээр харваас хандраад, хамтдаа цагаа өнгөрөөхийг хүсээд байгаа нь ойлгомжтой бүсгүйг хошхируулж, хошхируулж байгаад “цаг уурын” гэнэтийн эрс тэс өөрчлөлт явагдах; 3. Хэн гэдгээрээ хүмүүст таалагдаж, өөрийгөө ойлгуулах юмуу гэхээр – таарсан хүн болгоноо дорд үзэж, хариуцсан ажлууддаа хойрго хандах өөдгүй араншинг урьтал болгох; Гэх мэтээр Од-н дүрийг залуу хүнийх нь талаас ч, эр хүнийх нь талаас ч эсвэл хувь хүнийх нь талаас нь ч түүнийг ойлгоход бэрхшээлтэй бөгөөд, доторх зөрчилтэй тэмцэлтэй нь холбогдоход амаргүй байлаа. #БиЧамдХайртай-н Дэлгэр, #ТунгалагТамир-н Итгэлт Баяны хүү Хонгор, #ГарьдМагнай-н Далайцэрэн, #ЗуслангийнНайзууд-н атаман гээд мэдрэлийн асуудалтай, хөөрсөн сагсуу, тас хөлдүү, хэлбэр-банди гэх мэтээр өнгөц дүгнэлт хийж болохоор дүрүүдийг бид нар учиргүй хайрладаггүй, хайрлах ч албагүй боловч дурсамжтай бас жинхэнэ санагддаг нь тэр хүмүүсийн зөрчил бэрхшээл нь үзэж байгаа хүндээ ойлгомжтой байсантай холбоотой юм шиг санагддаг юм. “Од”-н хувьд, хар ухаанаар тайлбарлахад – юу гэх гээд, яах гээд байгаа нь ойлгогддоггүй учраас голцуу сөрөг сэтгэгдэл үлдээх байдал дээр нь нэмээд, эрхэлсэн ажилгүй мөртлөө машинтай давхиад, байр түрээслээд байгааг нь хараад “Энэ ч нэг худлаа нөхөр байна даа” гэдэг сэтгэгдэл арилж дуусаагүй байтал кино эцэстээ очсон. Ийм залуучууд байхгүй биш байгаа л даа, гэхдээ хамгийн итгэмээргүй дүрийг ч сэтгэлд ойртуулж чаддаг кино урлагийн ид шидийг Од залуу миний хувьд хангалттай мэдрүүлсэнгүй. Магадгүй гол дүрийн жүжигчинд туршлага, эсвэл сэтгэл татам чанар (charisma) дутагдав уу? Харин “Гэгээ” бүсгүйн дүрийн хувьд худлаа байдал нь харьцангуй бага. Өөрийгөө олох, ажил дээрх асуудлуудаа давах туулах, аав ээжийгээ баярлуулах зэрэг нь барьцтай, ойлгомжтой, элдвийн хэрэггүй асуулт үүсгэхээргүй байсан. Зөрчил, байгаа байдал, жүжиглэлт нь ч бусад дүрүүдээсээ илүү үнэмшилтэй санагдсан. Кино дууссаны дараа сэтгэлд үлдэх онцгой шинж Гэгээ-н дүрээс үгүйлэгдэх боловч, түүний хэтрүүлгэгүй, энгийн байдал нь кинондоо их зохисон. Харин гол дүрүүдийн ойролцоо насны туслах дүрүүдийг арай их хэрэглэх хэрэгтэй байсан юм боловуу гэж санагдсан. Дээр дурдсан зүйлс нь кино муу гэж байгаа шалтгаанууд огтоос биш бөгөөд, зүгээр л кино миний хувьд хангалттай сэтгэл хөдлөл үүсгээгүй зарим зүйлсийн талаар бодлууд юм.Асуудал гэж харж болох зүйлс нь Од, Гэгээ хоёр хамтдаа дуунуудаа зохиох, хөгжмөө оролдох, дуулах - гээд киноныхоо оргил хэсгүүдийн үед бүрэн мартагдана. Дуунууд нь боломжийн, гүйцэтгэл нь бүр сайн санагдсан. Дээр нь Улаанбаатар хотыг ийм гоёоор харуулж чадсан кино барагтай үзээгүй юм байна. Манай киночид улсын нийслэл Улаанбаатар хотыг үзүүлэхдээ нэг бол ертөнцийн хязгаар гэр хороолол, эсвэл аль нэг уулын бэл дэх тансаг хаус, жил өнжөөд л солигдож байдаг шөнийн цэнгээний газрууд гэсэн хоёр туйлаар залхтал нүддэг билээ.Өдөр өдрийн баяр цэнгэл жаргал зовлоноор ажил амьдралаа урагшлуулж, зүгээр л амьдарч байгаа хүмүүс, орчин үеийн гадны дотны соёлд нэвтэрсэн шинэ үеийн залуус, цагаа сайхан өнгөрөөж, хөгжилдөж байгаа настайчууд гээд гудамжинд явж байгаа бид нар шиг жирийн хүмүүс Монгол киноны хувьд тоо толгой цөөн ховор амьтад билээ. Жирийн амьдрал, жирийн хүмүүс, өрнө-дорно болоод шинэ-хуучин хосолсон орчин үеийн Улаанбаатар хотын зураглалууд энд нүд хужирлаж байв. 50 жилийн дараа ирээдүйн хүмүүс Улаанбаатар хот, нийслэлийн Монголчууд ямар байсныг энэ киноны энгийн хирнээ гоёмсог чамин зураглалуудаас л олж хараасай. Зөвхөн Улаанбаатар хотын амьдралын зураглалуудынх нь төлөө ч энэ киног үзэхэд харамсахааргүй. Хөдөөний амьдрал, морь мал, уйлсан хүүхдүүдтэй кинонуудын оронд шинэлэг Монголыг байгаагаар нь их аятайхан дүрсэлж чадсан иймэрхүү кинонуудыг өөрдсөө ч тэр, гадагш нь ч тэр сайн дэмжиж түгээж байвал Монголоос ирлээ гэхэд ядаад л манайхыг орчин үеийн улс гэдгийг гадарладаг хүмүүс угтаж авах байх. Ямар ч шинэ зүйл туршдаггүй, хуурамч, шал балай, үзэж байгаа хүмүүсээ үхэр малнаас ялгаагүй гэж үздэг кинонууд Монголд сар болгон л нээлтээ хийж байна. Монгол кинонд итгэл алдсан, эсвэл Монгол киног дэмжихийг хүсдэг бол энэ киног үзэхэд тийм ч их харамсахгүй. Дүрүүд нь нэг их сэтгэл татаж чадаагүй ч манайдаа л байхгүй залуучуудын сэдэвтэй, их дажгүй кино болсон. Хөгжимд дуртай бол бүр бонустай гэсэн үг. Манайхны хийх дараа дараагийн залуучуудын талаар киног би хувьдаа “Од ба Гэгээ”-н алдаа ололтуудаас жишнэ. Товчхондоо/TL;DR Гол дүрүүд нь хэн, яасан, яагаад нь нэг их сэтгэгдэл үлдээгээгүй. Гэхдээ сүүл үед Монголчуудын хийсэн залуучуудын сэдэвтэй гайгүй кино юу байна гэвэл энийг санал болгоно. Харьцангуй бодитой залуучууд; шинэлэг гүйцэтгэл; гоё зураглалууд, муугүй дуунууд. +Сүүлийн хэдэн жил байгаагүй залуучуудын сэдэвтэй хамгийн гайгүй Монгол кино +Сэтгэлд маш өег Улаанбаатар хотын шинэлэг гоё зураглалууд +Сонирхолтой байж болох байршлууд, дүрүүдтэй баялаг ертөнц +Улиг болоогүй шинэ жүжигчид +Дууны чимээны чанар -Ойлгомжгүй, онцгой зүйлгүй гол дүрүүд -Жинхэнэ сонсогддоггүй, модон харилцан ярианууд 2024-05-29 13:48:48 Дэлгэрэнгүй",[],85,1ц 25м
2563,Тунгалаг тамир,Кино,Тунгалаг тамир МУСК,1970,Б,2ц 10м,0,,,"Н.Баатар, Н.Дулмаа, Жүжигчид Н.Баатар Н.Дулмаа",[],130,2ц 10м
2564,Хана,Кино,Хана МУСК,2007,18+,2ц 10м,6.9,,,"О.Дөлгөөн,",[],130,2ц 10м
2565,Төгс хайр,Кино,,2023,13+,2ц 10м,0,Ч.Билгүүн,Ч.Билгүүн,"С.Бат-Эрдэнэ, Ч.Цэнгүүн, В., С.Сарангэрэл, Б.Базаррагчаа, С.Төгс, Х.Ануужин, Хаанаас үзэх вэ? Жүжигчид С.Бат-Эрдэнэ Ч.Цэнгүүн В. С.Сарангэрэл Б.Базаррагчаа Ч.Билгүүн С.Төгс Х.Ануужин",[],130,2ц 10м
2568,Урлагийн сургууль,Кино,Хөгжмийн,2022,13+,0ц 30м,3.9,Ж.Номингэрэл,,"Ү.Ундрал, М.Ганди, Хаанаас үзэх вэ? Жүжигчид Ж.Номингэрэл Ү.Ундрал М.Ганди",[],30,0ц 30м
2569,Намуухан,Кино,,2019,13+,,0,",",,"Г.Тэнүүн Б.Гүнзаяа М.Намуун Кино шүүмж Mungun Саявтархан #ОдБаГэгээМУСК-г үзээд залуучуудын тухай, эсвэл хөгжимтэй дараа дараагийн кинонуудыг түүнээс жишнэ гээд биччихсэн юм. Тэгсэн төд удалгүй “Тэгвэл харья л даа чамайг” гэж байгаа юм шиг яг ижил төрлийн Намуухан гээд кино гараад иржээ. Тухайн үед театрт гарч байсан Монгол кинонууд нь нэг бол андуурал, залхмаар хашхичаан, хэт ерөнхийллөөр өрнөдөг алдартай хүмүүсийн цуглуулга; эсвэл нөгөө түмэн зовлон -> буман зовлон -> мянган зовлон үйл явдалтай кинонууд юм шиг харагдсан учраас арай өөр юм үзмээр санагдаж сонголт хийв. Киног үзсэний дараа бодоход хамгийн зөв зам бол шуудхан гэртээ харих зам байжээ хаха. Хөгжим зохиож халтуур хийдэг, зөөгчөөр ажилладаг Намуухан гэдэг охин энэ киноны гол дүр. Намуухан унтаад босохдоо ч 24/7 цор ганцхан нүүр будалттай шигээ, нэгээс дээш тооны зан чанарын төлөв байдалгүй, хүнийг хүн болгодог элдэв зан араншингүй, хувирал өөрчлөлтгүй. Хүмүүсийн яв гэсэн газар нь яваад, хий гэсэн болгоныг нь хийгээд л явдаг, хүсэл зорилго байхгүй, уйтгартай, нурмайсан дүр. Харин киноны турш Намууханы дэргэд байх өрөөсөн дугуй (нэрийг нь мартсан байна) хөвсгөр үст охин энэ мань хүний яг эсрэг нь. Харамсалтай нь хөвсгөр үст хэдий хөгжилтэй яриатай, үсчсэн хөдөлгөөнтэй боловч киноны гол дүрүүд нь товойж гарч ирэхээргүй амьгүй сул хүчин зүйлүүд учраас хөвгсөр үстийн “Намайг хар даа, би галзуу, инээдтэй бас эгдүүтэй биш байна гэж үү” гэсэн байнгын нэг хэмжээст байдал нь сүүлдээ ядарч залхмаар санагдсан. Намуухан хөгжим-халтуураа хийхэд нь онгод орохгүй байсан учраас хэд долоо хоног хотоос хол амралтан дээр очиж, тэндээ шал цангачихсан хоёр зал... бишээ, эрэгтэй гол дүр болон түүний найз хоёртой танилцаж үйл явдал өрнөдөг. Эрэгтэй гол дүр жаахан л царай муутай байсан бол киноны туршид хийж байгаа зүйлсийг нь уучлах нь битгий хэл идэвхтэйгээр эсэргүүцмээр тааламжгүй залуу бөгөөд, түүний дэргэдэх сайн найзынх нь гол дүрд хэлэх үгүүд нь жинхэнэ хүний хэлэх зүйлс гэхээс илүү кино зохиолын гол дүрд өгч байгаа даалгавар, бурхны тулгалтууд гэмээр сонсогддог. Кино нь Улаанбаатарт хэдэн байр – Гол дүрүүдээс өөр хүнгүй хоосон амралт – Улаанбаатарын хэдэн байр гэсэн гурван үндсэн газар өрнөх бөгөөд, дундуур нь дэлгэц дүүрэн орж ирэх бүтээгдэхүүн байршуулалтууд, нэг удаагийн аяга шиг ганцхан хэрэглээтэй сонирхол бага татах туслах дүрүүд, үйл явдал нь олигтой хөдөлж өгдөггүй байдал нь киног байгаагаас нь илүү хямдхан бас аргацаасан санагдуулсан. Мэдээж кино хийх гэдэг бидэн шиг дундаж хүмүүс гар дээрээ барьж, дансандаа хадгалж үзээгүй их мөнгөөр бүтдэг боловч, зохиол нь үнэхээр сонирхолтой, дүрүүд нь хүний сэтгэлийг хөдөлгөдөг бол техникийн зүйлс хоёрдугаар асуудал юм шиг санагддаг. Цагаа тулахаар бид нар Америк кинонуудыг Англи-Орос-Монгол гурван давхар дуу оруулалтыг нь тэсч, одоо 4K болсон Game of Thrones-н 1-р бүлгийг гар утсан дээрээ 480p-р анх үзэж, Ази кинонуудыг орчуулгыг нь төвөгшөөлгүй уншдаг шүү дээ. Ямар нэг шинэ санаа, бүтээлч байдал үгүйлэгдэж байсан учраас Намуухан кино бусад хэдэн зуун хайрын тухай кинонуудаас ялгарах зүйлгүй байлаа. Дээр нь нэмээд, Намуухан киноны зураг авалтыг энэ жил гарсан Монгол кинонууд болох #ХийморьМУСК, #ТэнгэрээсБуусанОдМУСК, #ОдБаГэгээМУСК-эй харьцуулахад харах мэдрэмж өдөөх зохиомжгүй, нүдэнд тогтож үлдэх дүрслэлгүй, дараа нь хүмүүст ярьж сонирхуулах гялайж гялтайх зүйлгүй, мөн л бүтээлч байдал дутагдсан юм шиг санагдсан. Хажуугаар нь нэг романтик хэсгийг залгаад дахиад нэг романтик хэсэг, нэг хэрүүл зөрчлийг залгаад дараагийн том тулгаралт, нэг дуулдаг хэсгийн дараа ахин нэг дуу тоглогдох нь гайхмаар.",Playmo Хаанаас үзэх вэ?,87.17165669,1ц 27м
2570,Ар хөвч,Кино,,2023,13+,1ц 15м,0,Д.Цогт,Д.Цогт,"Ч.Булган, Ш.Мөнхбаяр, Б.Эрдэнэхүү, Д.Сүхбаатар, Хаанаас үзэх вэ? Жүжигчид Д.Цогт Ч.Булган Солонго Ш.Мөнхбаяр Б.Эрдэнэхүү Д.Сүхбаатар",[],75,1ц 15м
2572,Диваажинд хүрэх зам,Кино,,2019,13+,2ц 10м,0,Д.Ганцогт,,"Д.Ганцогт Э.Мөнх-Эрдэнэ С.Сарантуяа Ц.Төмөрхуяг О.Гэрэлсүх Б.Батзаяа У.Содхүү Кино шүүмж Mungun “Залуучуудын хийсэн”, “Залуучуудаа дэмжих” гэсэн үгнүүдийг “Диваажинд Хүрэх Зам” кинотой холбоотойгоор хэд хэд сонссон л доо. Киног найруулж, гол дүрд нь тоглож, ер нь хийсэн “Mesmerism” гэдэг нь инээдмийн бичлэг хийдэг залуучууд бөгөөд, #ДиваажиндХүрэхЗам нь тэдний 3 дахь кино юм. Оюутнуудтай #Орк, шинэ жилээр нэг охинд дурласан найздаа туслах гэж яваа хүүхдүүдийн талаар – гээд өөр бас хоёр кинотой санагдаж байна. Facebook дээр ч, Youtube дээр ч хэдэн зуун мянган дагагчтай, тодорхой масс хүмүүсийн сонирхол бишрэлийг татсан уран бүтээлчид гайгүй юм хийдэг байлгүй? –гээд гэсэн харьцангуй өөдрөг хүлээлттэйгээр энэ киног үзэв. Үүнээс доош бичигдэх зүйлс нь Англи Монгол, Африк Америк яммммар ч ялгаагүй зүгээр л гоё кино үзэх дуртай жирийн үзэгчийн бодлууд юм. “Диваажинд Хүрэх Зам”-н зохиол, хийц, жүжигчид сонголт, жүжиглэлт, харилцан яриа, зураг авалт гээд дийлэнх зүйл нь ~2009/2010/2011 оноос хошин шогийн кинонууд хүчээ авч, бараг л саяхныг болтол үргэлжилж, одоо ч бууж өгөлгүй гарсаар байгаа, “бүтээл” гэдэг Монгол үгийн заяа гомдмоор, “театрт үздэг арилжааны видео бичлэг” гэмээр кино болжээ. Ийм “кино”-нуудын үнэн чанар ам дамжин тархахаас өмнө олны танил хэдэн хүний нүүрээр хуурч эхний нэг хоёр долоо хоногтоо үндсэн ашгаа олох зориулалттай байдаг юм боловуу гэж бодогдоно. Кинонд эдгэшгүй өвчинтэй хоёр залуу сүүлчийн өдрүүддээ нэгнийхээ хүслийг биелүүлэхээр холын замд гарахдаа буруу гарын хүмүүсийн үйл ажиллагаанд санамсаргүй хутгалдаж байгаа талаар гардаг. Үйл явдлаа ямар зохиол дээр сэдэвлэсэн бэ гэдгээ Монгол кинонууд нөгөө харанхуй үеээ бодвол зарлаж мэдэгддэг болоод байгаа нь сайшаалтай ч, энэ киног үзэхэд Америк киноны Солонгос хувилбарын Монгол хуулбарыг үзэж байгаа юм шиг нэг л зөрчилдсөн холимог мэдрэмж ноёрхов. Яагаад? Холливуудаас хусаад тавьчихсан юм шиг: • Өр зөөлөнтэй, оюуны сааталтай юм шиг яриатай өвчтөн залуугийн дүр нь сүүлд гарсан өр зөөлөнтэй ч, оюуны хувьд асуудалтай ч олон шинж хосолсон #Split #Glass кинонууд дээр гардаг #JamesMcAvoy-н 20+ ааш авиртай дүр; • Хоёр залууг хөөх хоёр дээрэмчин нь #ГэртээГанцаараа-гийн бүтэлгүй #НойтонДээрэмчид-г; • Дээрэмчдийн цугладаг газар нь #JohnWick-н алуурчдын зочид буудлын санааг; Солонгос киног дуурайчихсан юм шиг: • Ууртай “cool” залуугийн дүр, чинээлэг айлын зоргоороо “cool” охины дүр; • Орчуулын олон ангит солонгос кино дуу оруулгатай үзэж байгаа юм шиг хэвийн сонсогддоггүй, мянга дахин давтаж хүчилсэн мессежтэй яриа; Дээрх зүйлсийг эв хавгүйхэн барьцалдуулж наахаар оролдох зүйл нь Монгол маягийн нөгөө түмэн зовлонгийн үлгэр, улиг болсон улс төрчдийн ширээн хөшигний ардах тэмцэл, Монгол гэж танихааргүй панаалтай гэмт хэрэгтнүүд, “хүнд гарууд”-н бүр фантаз шинж байдлууд байв. Өвчтэй хүмүүсийн талаар, хүчтэй хүмүүсийн эсрэг тэмцэж байгаа талаар, гэм буруугүй гэдгээ батлах талаар кинонууд нь шинэ зүйл биш бөгөөд, уг гүндээ ижил санаатай кинонууд байнга шахам гарч байгаа боловч зохиол найруулгын бяд дутсанаас энд нэг ч зүйл “ажиллахгүй” байлаа. Бас ойрдоо яагаад Монгол кино дэлгэцийн цаанаас үмхийрч хахтал их тамхи татдаг болчихвоо? Залуухан гол дүрүүд нь сүүлд гарсан #НамууханМУСК-н адил базаахгүй жүжиглэлт, сэтгэл хөдлөл өдөөдөггүй хий байдалтай бол, туслах дүрд байгаа залуучуудыг хавар гарсан #2000МУСК-ай адил оновчгүй ашигласнаас болоод олон нийтийн сүлжээн дээр над мэт сонирхогчид л байдаг боловуу гэмээр маруухан инээдмийн бичлэгүүд, нийгмийн рекламуудын хэтрүүлэгтэй эсвэл хоосон жүжиглэлтүүд санаанд орно. Байсан туршлагатай жүжигчид киноныхоо нийт жүжиглэлтийн хэмжээг дээш татахад хангалттай биш хугацааг дэлгэц дээр өнгөрөөж, тэр ахархан хугацаандаа бараг л сар болгоны кинонд нэг ижил дүр бүтээдэг ажлаа үргэлжлүүлэн хийж байгаа юм шиг санагдана. Харин киноны ард ганц хоёр дажгүй ая байсан ч, ихэнх үед ардаа ямар нэг хөгжимтэй байснаас чих чилээмээр, сэтгэл хөдлөл өдөөх чадваргүй байвы. Харамсалтай нь зураг авалтууд ч туйлын уйтгартай. Ямар гоё юм үзүүлэх гэж оролдоод байгаа тэр санааг нь зарим үед үнэхээр ойлгож байгаа ч, тэр нь шинэ содон биш бөгөөд тийм ч хичээл зүтгэл байгаагүй мэт. Телевизийн нэвтрүүлгүүдийн камераа хэдэн газар зоогоод голд нь үйл явдал нь өрнөдөг зураглал яг энд бий. Адал явдлыг улам өдөөх камерын хөдөлгөөн, сэтгэл хөдлөл бий болгох сонирхолтой монтаж, өмнө нь харж байгаагүй шинэ содон санагдах зохиомж гэх юм үгүй. Өөр өнгцөөс харвал дээрх бүх зүйлийг залуу уран бүтээлчдийн туршлагагүй байдал, хойшдоо сайжрах зүйлс гээд нүдээ аниад өнгөрөөж болох л юм. ГЭХДЭЭ энэ киноны хамгийн уучлашгүй нь том алдаа нь энэ кино хуулбар. “Диваажинд Хүрэх Зам” киноны харилцан ярианууд нь яагаад ч юм орчуулгын, их хүчилсэн санагдаж байснаас гайхаж, киног дуусгаад “хорт хавдартай хоёр залуугийн талаар кино” гэж google-дхэд “Knocking on Heaven’s Door” гээд 1997 оны Герман кино хамгийн түрүүний илэрцүүд дотор гараад ирэв. #KnockingOnHeavensDoor-н trailer-г нь үзээд, үйл явдлыг нь уншихад “Диваажинд Хүрэх Зам” нь Герман киноныхоо ямар ч эргэлзээгүй ядуухан дуураймал нь. Хэд гурван юмыг нь дээр дурдсан “Монгол киноны улиг болсон” зүйлсээрээ өөрчилж янзалсан ч, үнэлгээ сайтай уран бүтээлийн тун тааруухан хуулбарыг 20 жилийн дараа ингээд хийж байгаад нь урам үнэхээр их хугарсан. Дуураймал биш юм бол яагаад тийм их зүйлийг хуулав? Хэрэв Монгол хувилбарыг нь хийх гэсэн юм бол яагаад дуурайсан гэдгээ эс дурдаж, уйдмаар дэмий зүйлс зохиож нэмэв? Орчин үеийн залуучууд хийж байгаа юм бол, шинэ содон, өвөрмөц юм хийх байх гэж бодож байтал 10 хэдэн жилийн өмнөх Монгол кинонуудынхаа Англи хэл дээрх биш кинонуудыг хуулдаг бурангуй уламжлал энд ч үргэлжилжээ. Өөртөө итгэж ядаад, Mesmerism-н залуучууд хуулагчид юмуу бүтээгчид юмуу гэдгийг олж мэдэхээр анхны бичлэгүүдийг нь сөхөөд үзэхэд ч 2012/2013 онд 10 жилд байхад түгээмэл болж байсан #Vine-ы гадны танил бичлэгүүдийн мөн л Монгол copy-paste хувилбарууд байв. Анхны бичлэгүүд нь ч, 3 дахь кино нь ч ингээд дуураймал хуулбар байхаар эдгээр уран бүтээлчдийн дараагийн оролдлого нь “кино” байх уу, “театрт үздэг арилжааны бичлэг” байх уу гэдэг нь одоогийн байдлаар туйлын бүрхэг байна. TL;DR/Хураангуй хувилбар Тухайн үедээ моданд орж байгаа хүмүүсийн нүүрийг ашиглаад хурдан мөнгө олох гээд гадаад киног орчуулаад хийдэг нөгөө кинонуудын нэг болсон байна. Үзэлгүй орхиж болно. Мөнгөө буцааж авмаар байна уу? Тийм. Ямар ч сэтгэл хөдлөл, дусал ч шинэ санаа энд үгүй. Цаг мөнгөө хий үрэв. Дуурайж хийсэн #KnockingOnHeavensDoor (1997) гээд Герман киноноогоо олигтой ч хуулалгүй хог дээр үсэргэжээ. + Ганц хоёр дажгүй хөгжим + Царайг нь огт санахгүй байгаа шинэ залуу жүжигчдэд боломж олгосон - Сайн Герман киноны өрөвдөлтэй Монгол дуураймал - Авцалдаа, логик хамаарал султай үйл явдал - Хамаг юмаа яриагаараа тайлбарладаг төрлийн кино - Теле-жүжигийн байдалтай харилцан яриа - Улиг болсон дүрүүд - Муу найруулга - Оновчгүй жүжигчид сонголт (casting) - Муу жүжиглэлтүүд - Уйтгартай зураг авалт - Чих нүдсэн хэтэрхий их хөгжим ашиглалт - Хэтэрхий их тамхи 2024-06-05 20:10:23 Дэлгэрэнгүй",Mesmerism,130,2ц 10м
2573,Манайд нэг удаа,Кино,Манайд нэг удаа УСК,2021,13+,2ц 15м,6.4,Ө.Мөнх-Эрдэнэ,Д.Хүрэлхүү Ө.Мөнх-Эрдэнэ,"Д.Энхбаяр, Г.Жанчив, З.Онон, Б.Үжин, Д.Хүрэлхүү, Ө.Мөнх-Эрдэнэ, Жүжигчид Д.Энхбаяр Г.Жанчив З.Онон Б.Үжин Д.Хүрэлхүү Ө.Мөнх-Эрдэнэ У.Нинжинсүрэн Д.Ганбаатар Кино шүүмж Mungun Монгол кино төдийлөн сонирхдоггүй үзэгчид дотоодын инээдмийн киног төсөөлөхдөө “авах юмгүй шд, ойлгомжтой” хэмээн нийтэд нь дүгнэх элбэг. Арга ч үгүй биз, үзэгчийг татах биш үргээдэг телевизийн реклам, гаднын зургийг хээв нэг хуулсан нь “азаартах” бүүстэд постер, зурагдсан пянз адил нэг хэвийн нөгөө л дүрээ гаргах өнөө л хэдхэн жүжигчний царайг хараад хэн ч гэсэн жаахан цаг, хэдэн цаасаа “баталгаатай OK” Марвелын супер баатар, ээлжит Бонд, Биелэгдэшгүй даалгавар, эсвэл театраа бүр болиод #Netflix-ээ сунгахыг илүүд үзэх нь аргагүй бизээ. Харин театрт гарч буй Монгол киног аль чадахаараа зав зай гарах бүрийд үзэхээр зорьдог “гаж” хоббитой хүний хувьд энэ жил гарч буй Монгол инээдмийн кино тайзны хошин шогийн “угшил”-аасаа бэсрэгхэн хөндийрч, харин Солонгос киноны стильрүү аажмаар шилжиж байна уу хэмээн анзаарагдсан юм. Тухайлбал, саяхан гарсан #ГайхамшигтЕртөнц (“Аавыгаа зарна” хэмээх нэн мэдрэмжгүй маркетинг хийсэн гэдгээр нь хүмүүс санаж магадгүй) киног дэндүү дээ дэндүү хэтрүүлэн жишвэл дэлхий дахиныг саяхан байлдан дагуулсан #SquidGame-тэй туйлын төстэй үүдэл асуудал, өрнөл зөрчилтэй кино байлаа. Гэтэл ядуугийн зовлонгоос ангижрах аюултай тоглоомын талаар нэг бүтээл нь олон сая үзэгчийг байлдан дагуулж байхад, түүний холын Монгол хамаатан нь улиг болсон хошин шогийн хэв шинжит дүрүүд, Олимпын зэрэглэлийн логикийн алсын харайлт гээд зураг авалтын байршлаас өөр дурсах содон шинжгүй байсан нь даанч харамсалтай. Тэгэвч “Гайхамшигт Ертөнц”-ийн жүжиглэлтийн зарим нэг ньюанс, дүрд тулгарч буй зөрчил, зураг авалтын хийц гүйцэтгэлд муугүй дундаж Солонгос киноны хэв шинжүүд цухалзаж байсан нь сүүлийн жилүүдэд тааралдсан ердийн бусад Монгол инээдмийн кинонуудаас онцлогтой санагдсан билээ... “Манайд нэг удаа” нь ковидын улмаас санхүүгийн хямралд орсон нэгэн айл гэр хороололд нүүж, амьжиргаагаа залгахын тулд даатгалын луйвар хийж, улмаар төөрсөн холын хамаатнуудаа олж “тархидах” арга сэдэж буй талаар инээдмийн кино юм. Ковидоос дэлхий залхаж байгаа энэ цагт үзэгчдийн сонирхлыг энэ сэдэвт эргүүлэн татаж, сэтгэлийг сэнхэртэл хөдөлгөх шинэ харах өнцгийг дэвшүүлэн дэлгэх нь уран бүтээлчдийн авьяас чадвар, ур ухаанаа гайхуулах нэгэн боломж билээ. Тэгвэл “Манайд нэг удаа” кино сүр дуулиант халдварт өвчнөөр эхэлсэн боловч эхний хэдэн минутаасаа хойш цар тахал, хөл хорио, өвчин зовлон, ядуурал дампуурал-аа мартаж, киноны эхлэлийг нь тавьсан асуудал нийт үйл явдалд нь ямар нэгэн хүч нөлөөгүй болж замхарсан нь сэтгэлийг багахан гонсойлгов. Уг нь хүн бүрд их бага хэмжээгээр нөлөөлж байгаа ковидтой “new-normal”-ийн үед бидний шинэ нөхцөл байдлаас инээдмийг эрэлхийлж, цар тахлаас хөгжил баяслыг хайсан-сан бол гэж санагдана. Ямартай ч “Манайд нэг удаа”-ийн гол дүрийн айл дампуурч, нийслэл хотыг хэдэн уулын цаанаас бараадах гэр хорооллын нэгэн хашаанд нүүж орно. Хэдий орон сууцны энэ “цэмбэгэр” хүмүүс усаа зөөж модоо хагалах ёстой энэ шинэ амьдралтайгаа зөрчилдөх, эвлэрэх, дасан зохицох, улмаар ялан дийлэхэд хангалттай олон хөгжөөнт адал явдал, ухаарал, амьдралын сургамжийг өгүүлж болох мэт санагдавч уран бүтээлчид киногоороо “Яаж баяжих вэ” хэмээх орчин үеийн Монгол киноны хамгийн түгээмэл зөрчил сэдвийн замналыг үзүүлэхээр сонгожээ... Айлын аав бизнес эрхлэгч, ээж туршлагатай менежер, харин нас бие гүйцсэн хоёр хүүхэд нь дээд боловсролын захаас атгасан хүмүүс. Гэвч тэдний мөнгө олох хамгийн шилдэг арга нь start-up эхлүүлэх, жижиг дунд бизнес эрхлэх зэргээр шинэ орчинд шинэ боломжийг нээх бус харин Том Жерри хүүхэлдэйн адил алиа тооцоолол гүйцэтгэлээр хэрэгжүүлэх даатгалын луйвар хийх явдал байв. Физикээр сурдаг том хүү Эйнштейнд ном заах гоц ухаантан бөгөөд тэрээр гэр бүлийн гишүүдэд учрах бэртэл гэмтлийг минимумд барьж, эргүүлэн олон даатгалын мөнгийг максимумд тулгах чадалтай нэгэн юм. Харин ахын “даатгалын золиос” дуусч эхлэхэд түүхээр сурдаг дүү нь Шерлок Холмсыг шараа болтол хүмүүсийн хэл сургийг гаргадаг чадвараа дэлгэж баян хамаатан хайж эхэлнэ. Өнөөдрийн Монголд их сургуулийн боловсрол ийм супер мэргэжилтнүүдийг бэлдэх, даатгалын компани нүүр дүүрэн инээж байгаад цүнх дүүрэн мөнгө тараах, киноны эхэнд бүгдийг айлгаж байсан өвчин ор сураггүй болж, хүмүүс хөл гар хүзүү толгойгоо хээв нэг “тавиад туух”-ийг үзээд энэ кино нь инээдмийн биш, харин уран зөгнөлт жанрын юм хэмээн эргэлзэн гайхах мөч цөөнгүй тохиож, Монгол инээдмийн киног сонгон үзсэн өөртөө л харамсах сэтгэл эрхгүй төрж байв... Харин тэгтэл, “Манайд нэг удаа” киноноос огтхон ч төсөөлж хүлээгээгүй байсан санамсаргүй нэгэн тааламжтай сюрприз гарч ирэх нь тэр. Энэ нь дүрүүдийн хоорондын харилцаа (chemistry) болоод гэр бүлсэг уур амьсгал байв. Үүнийг яагаад онцлох болов гэвэл, инээдмийн ч гэлтгүй драм төрлийн Монгол кинонд гэр бүлийн харилцаа ямар байдаг билээ? Хэрүүл зодоон, урвалт, уралцан тэмцэлдэх нэн эрүүл бус гэр бүлийн харилцааны динамик манай кинонд даанч олон. Иймд “Манайд нэг удаа”-ийн ширээ тойрч суугаад эвтэй ярилцдаг, эрүүлээр нэгнээсээ асуулт асууж нөгөө нь тайвнаар хариулдаг, биенээ хөнгөн шоглож цаашлуулдаг, цагаа тулахад нэгнийхээ төлөө бие сэтгэлээ гаргахад бэлэн аав ээж, эхнэр нөхөр, хүүхэд, ах дүүгийн харилцааг харах нь бусад Монгол киноноос өвөрмөц өөр, эерэг бас сэтгэлд өег санагдсан юм. Харамсалтай нь, хэдий дүрүүдийн энэхүү харилцаа нь киноны хамгийн ололттой содон чанарын нэг байсан боловч дүрүүдэд өөрсдөд нь хувьсан өөрчлөгдөх, даван туулах үйл явдал төдийлөн үгүй байв. Киноны эхлэлийн орон сууцны айл, хашаа байшингийн амьдрал, даатгалын луйвар, төөрсөн хамаатнаа сэнхрүүлэх ажиллагаа болон түүний дараах явдалд “жанжин шугам” гэх зүйл үгүй. Адаглаад хоёр шоргоолжны үлгэрт дараагийн уулзах амьтан нь өмнө ярилцсан дүртэй нь улбаатай байдаг шүү дээ? Тэгвэл “Манайд нэг удаа”-ийн дүрүүдийн хоорондын харилцааны өсөлт уналт, шинэ мэдлэг, өөрчлөгдсөн үзэл бодол, асуудал бэрхшээл нь нэг моментоос нөгөө моментод эрс тэс өөрчлөгдөх бөгөөд 10-15 минутын хоорондоо хамааралгүй зохиомжууд үзэж байгаа мэт санагдсан юм. #Friends, #TheSimpsons, #TheBigBangTheory гэх мэт анги тус бүр нь уялдаа холбоо багатай олон ангит цуврал (sitcom) байдаг даа - тэгвэл тэдний тийм ч инээдтэй биш, дүрүүд нь орон гаран зан гаргаж өөрчлөгддөг 7-8 ангийг нь санамсаргүй түүврийн аргаар дараалуулан үзэж байгаа мэт зуун задгай санагдаж байв. Өөрөөр хэлбэл, киноны эхэнд болсон зүйлс үйл явдлын хугацаанд дэлгэрэн бадарч, өрнөн тэсэрч, оргилдоо хүрэн тайлагдан нээгдэх, төгсгөл нь эхэнд задалсан бүхнээ хураан хумих бүтэц дараалал “Манайд нэг удаа”-д үгүй байсан нь түүний сэтгэл хөдөлгөх хүчийг эрс бууруулсан болов уу хэмээн бодогдсон юм. Улмаар, киноны төгсгөлийн эргэлт нь гэнэтийн дүрүүд, санамсаргүй тохиолдолд тулгуурласан байсан нь өмнөх цаг хагасын үйл явдлыг илүүц, шаардлагагүй мэт санагдахад хүргэж, өгүүлэмжийн тайллын хүчийг ноцтой унагасан байлаа. Миний бодлоор “Манайд нэг удаа” нь сүүлийн үед үзсэн хамгийн “Уур хүрэм БИШ” инээдмийн кино байв. Энэ кинонд үйл явдлын уялдаа хамаарал, бүтэц дарааллын зарим асуудал байсан боловч тайзны хошин шог суурьтай кинонууд шиг уур хүрмээр хагас галзуу дүрүүд, хэтрүүлэгт хэвдээ баригдсан аргуу жүжиглэлт (cringe-worthy), орилж чарласан харилцан яриа үгүй нь шинэлэг байв. Харин Солонгос киног санагдуулам сэтгэл татам дүр, хөгжилтэй монтаж, сонирхолтой зураг авалт нь Монгол инээдмийн кино жанр алхам алхмаар урагшилсаар байна гэх эерэг сэтгэгдлийг өгсөн юм. Дотоодын инээдмийн кино тайзны хошин шогийн хийцлэлээс ийн хөндийрч, Ази тивийн төдийгүй дэлхийн шилдэг Солонгос киноны ололттой шинж чанарыг алдаг оног ч болов зарим талаараа харуулж байгаа нь сайшаалтай. Гэвч Монгол инээдмийн киног адил сонирхол мэдрэмжтэй хүмүүстээ бүрэн дүүрэн итгэлтэйгээр санал болгоход хараахан “болоогүй” санагдах хэвээр ажээ. Цөөн үгээр Хоёр гурван инээдтэй хэсэгтэй. Гэхдээ киноны үйл явдлын авцалдаа барилдлага сул тул random TikTok бичлэгүүд, эсвэл random Instagram story угсруулаад үзэж байгаа юм шиг. Мөнгөө буцааж авмаар байна уу? Зарим бүтээлтэй харьцуулахад киног үзээд учиргүй уурлаж харамсах хүчтэй сөрөг сэтгэл хөдлөл мэдрээгүй. Зүгээр л жаахан хангалтгүй байсан. Манайд нэг удаа (2021) – ★★☆☆☆ (2/5) + Хичээсэн зураг авалт (cinematography) + Инээдтэй хоёр гурван хошигнол (joke) + Хоорондоо авцалддаг “гэр бүлсэг” уур амьсгалтай дүрүүд (character chemistry) + Монгол OST - Чих ""зодсон"" их хөгжим - Нээрэнгээсээ инээдтэй биш хөгжим нь инээдтэй гэж хүчлэх хошигнолууд (comedy set-pieces) - Бүтээлчээр ажиллаагүй, киноныхоо үйл явдалд нөлөөлдөггүй үүдэл санаа (premise) - “Жанжин шугам”-гүй талын нэг тарсан үйл явдал (disconnected sequences) - Хувьсдаггүй, өөрчлөгддөггүй, өсч урууддаггүй гол дүрүүд (character journey) - “Хямдхан” төгсгөлийн эргэлт, асуудлын шийдэл (overreliance on plot convenience, deus ex machina) 2024-06-05 20:05:13 Дэлгэрэнгүй",[],135,2ц 15м
2574,The women,Кино,,2021,ЭЭХ,2ц 3м,0,,,"Ч.Ундрал Д.Баттөмөр Т.Борхүү Кино шүүмж Mungun Замд түгжрэхгүй, нүүрлүү утасны гэрэл цохихгүй гэртээ суугаад кино үзэх нь тухтай боловч театрын том дэлгэц, ижил зүйлийг нэгэн зэрэг мэдрэх үзэгчдийн догдлол хөөрлийг үнэхээр их үгүйлжээ. Тэгвэл энэ орчин, энэ уур амьсгалыг хагас жил хүлээсэн үзэгч бидэнд Монгол кино уран бүтээлчид маань ямар зүйл үзүүлэхээр бэлдсэн бол? Зардлаа нөхөж, ашгаа олох боломжгүй байсан хүнд зургаан сарыг киногоо эргэн харах, сайжруулан засахад ашиглаж чадсан болов уу? “The Woman” нь алс бөглүү хөдөө нутагт бага насны хоёр хүүхэд, өндөр настай ээжтэйгээ амьдран суугаа өрх толгойлсон эмэгтэй болон шувууны зураг дарж явахдаа хээр төөрсөн Солонгос эр нарын талаар драм кино юм. Юуны түрүүнд энэ киноны хамгийн өндөр өртөгтэй бүрдэл хэсэг гэдэг нь эргэлзээгүй Солонгос гангстер, улс төрч Ким Ду Хан (Rustic Period, 2002) -ий дүрээр Монголд танигдсан жүжигчин Ahn Jae Mo-ийг онцлох хэрэгтэй болов уу. Олон хүний бага залуу насны дурсамж болсон Ким Ду Хан-ий адал явдлын үр нөлөө танхай ширүүн эрчүүдийн талаар гэмт хэргийн Монгол кинонд одоо ч их бага хэмжээгээр ажиглагддаг билээ. 124 ангит уг цувралын гол дүр, жүжигчин Ghn Jae Mo-ий супер-дупер нэр хүнд нь хорин жилийн хойно өмнөх шигээ өндөрт мандахгүй байгаа боловч, нэгэн үеийн нэр хүндтэй “хит” жүжигчинг Монгол кинонд үзэх нь содон сайхан, бүр бахархам мэдрэмж аж. Манай кино продакшн хилийн чинадаас алдартай, авьяастай нэгийг уургалан авч ирэх чадал тэнхээтэй байгааг харах нь нэн баярлууштай байлаа. Гэвч Ази киноны “ноён оргил”, одоо Оскарын шагналт болсон Солонгос орны хашир туршлагатай, 50 гаруй сая хүнтэй зах зээлд танигдсан жүжигчинг Монголд байршуулан ажиллуулах хялбар явдал огт биш бөгөөд ихээхэн хүч хөдөлмөр, цаг хугацаа, хөрөнгө мөнгө шаардсан нь тодорхой. Гаднын иргэнийг Монголд байлгахад тусгай хоол, тухтай ор, найдвартай унаа, амрах тохилог орон байр, яг л хүссэнээр төлөвлөх хэрэгтэй ажил амралтын хуваарь гээд толгой өвдөм олон асуудал хөвөрдгийг аяллын салбарынхнаас эхлээд олон улсын байгууллага, гадаад харилцааны албатай компани бүрийн ажилтан бэлхэн гадарлах бизээ. Харин нөгөө талдаа, Солонгосын чадвар туршлагатай уран бүтээлчтэй ажиллах нь “The Woman” киног Солонгосын, цаашлаад олон улсын зах зээлд сурталчлах ажлыг хялбарчлах, түүнийгээ дагаад орлогыг нэмэгдүүлэх, дотоодын уран бүтээлчдийн чадварыг дэлхийн жишигт дөхүүлэх гэх мэт олон давуу талыг бий болгох нь лавтай. Харамсалтай нь миний хувьд “The Woman” кино тэр их зардал бэрхшээлийг зориглон үүрснийхээ үр шимийг хангалттай хүртэж чадах бүтээл байж чадсангүй. “The Woman” киноны хамгийн том алдаа нь киноны гол дүр нь төөрсөн Солонгос эр биш харин малчин эмэгтэй байсан явдал байв. Өрх толгойлсон малчин эмэгтэйн дүр (жүжигчин Ч.Ундрал) нь амьдралын олон нугачааг ганц биеэр сөрөх сэтгэлийн хат, зориг тэвчээрийг үзүүлэхийг хичээсэн боловч киноны үйл явдал нь бусад дундаж Монгол киноны адилаар өгүүлэмж санаагаа ямар нэгэн ухаарал тайлалгүй зовлон зовлон, бас дахин зовлонгоор илэрхийлсэн байв. Уулын мухар дахь малчин эмэгтэйн амьдрал саад бэрхшээл олонтой боловч хормын инээмсэглэл, өчүүхэн ч болов аз жаргал, хөдөө нутгийн амар амгалан байсан бол энэ киноны ерөнхий уур амьсгал чилж түүртэм саарал өнгөтэй болохгүй байхсан болов уу. Амьдрал дандаа хялбар бас жаргалтай байдаггүй, гэхдээ малчин эмэгтэйн завсар чөлөөгүй уйтгар гунигт амьдралыг үзэх нь улс орон болоод дэлхий дахиныг хамраад буй дэндүү олон сорилт бэрхшээлийн үед даан ч хүндрэлтэй байлаа. Миний бодлоор, төөрсөн Солонгос эрийг гол дүрээ болгох нь жүжигчин Ahn Jae Mo-ийг ашиглан киног олон улсын зах зээлд хүчтэй өрсөлдөхүйц арилжааны бүтээл болгоод зогсохгүй, “The Woman” киног сонирхолтой үйл явдал, бодууштай утга санаатай, Монгол аялал жуулчлалын үнэ цэнтэй “реклам” болгох байв: Малчин ахуйгаас хөндийрсөн шинэ үеийн Монгол үзэгчид болон нүүдэлчин ахуйгаас бүүр ч хол олон улсын үзэгч шүүмжлэгчдийн ойлгон тусгах, хүлээж авах (relatable) дүр нь Солонгос эр байв. Хүнд хүчир гэж бидний боддог хөдөөгийн буйд дахь амьдралын нам гүм, ертөнцийн явдлыг бодох сөхөөгүй өдөржин ноцолдох хонь малын ажилд байх амар амгалан, хүний жаргал зовлонг үл хайхран ханхайх уулс, хөврөх үүлсийн амар амгаланг гаднын иргэн, хотын хүний нүдээр илрүүлэн таних нь сонирхолтой өгүүлэмж болох байжээ. Гэтэл дээр дурдсан бүхэнд хэдийнээ дассан, бидэнд содон болгон нь нэгэн хэвийн уйтгарт оршихуй болсон малчны дүрийг харах нь уйтгартай байлаа. Солонгос эр хэрсүү малчин хүүхдүүдээс суралцах, малчин эмэгтэйтэй чоно ирвэснээс малыг манаж гадаа хонох, нүүдэлчин буурал эмгэний холч ухаантай мэтгэлцэж шинийг таних нь энэ киног илүү сонирхолтой, танин мэдэхүйн ач холбогдолтой бас үзээд гарахад үлдэх зүйлтэй болгох зүйлсийн зарим жишээ юм. Харамсалтай нь төөрсөн Солонгос эр нүүдэлчин Монгол ахуйгаар дамжуулан өөрийгөө нээн таних хөгжилтэй, сургамжтай, ухааралтай, сэтгэл догдлом адал явдал бус, малчин эмэгтэйн түмэн зовлон киноны дийлэнх хэсэгт ноёлдог. “The Woman”-ий гол дүр хэн байх нь уг киноны дүрүүдийн асуудлын ердөө л эхлэл юм. Аливаа киноны өрнөл, үйл явдал нь дүрүүдийн ертөнцийг үзэх үзэл, тэрхүү үзлийн зөрчил, өөрчлөлт шинэчлэлээр тодорхойлогддог билээ. Гэвч энэ кинонд төөрсөн Солонгос эр өөрийгөө олох, малчин эмэгтэй ганцаар амьдрах сэтгэлийн тэнхээг өөрөөсөө нээх, малчин хүү аавын үгүйд гэр бүлээ тэтгэн түших, малчин охин хэрсүүжин ухаажих үйл явц огт үгүй. Киноны 83 минут өрнөөд дуусахад нэг ч дүрийн үзэл бодол, зорилго тэмүүлэл нь хувьс шинэчлэгдээгүй байсан нь дүрүүдийн туулсан замнал, гаргасан шийдвэр, хэлсэн үгс хэрэгцээгүй хоосон байсны илрэл юм. Хэдий дүрүүд асуудал ихтэй байсан боловч киноны зураг авалтыг хийсэн газар орон (setting) тун өвөрмөц байв. Эс мөрдвөл толгой цавчдаг Их засаг хууль мэт инээдмийн болон гэмт хэргийн Монгол кино дандаа ашигладаг Улаанбаатарын гудмууд, даргын өрөө, шөнийн клуб, цагдаагийн газар, эмнэлэгтэй харьцуулахад цэлгэр тэнгэр, сүрлэг уулс нь энэ киног харах мэдрэмжийг зарим үед баясгах чадвартай байлаа. Харамсалтай дээр дурдсанчлан чиглэлгүй хоосон дүрүүдийн адил киноны зураг авалт ч төсөөлөл болон гүйцэтгэл хязгаарлагдмал ажээ. Дүрүүд орчноосоо жишигдэн ялгарах, хол ойрын ялгааны алслалт мэдрэгдэх, дэлгэц дотор хөдөлгөөн, зорилго, сэтгэл хөдлөл бий болгох зүйл ядмаг байсан нь зураг авалт, зохиомж, гүйцэтгэлийг хавчиг, харах мэдрэмж өдөөх зүйлгүй, бас уйтгартай болгожээ. Товчхондоо “The Woman” кино багийнхаа “од тоглогч” жүжигчин Ahn Jae Mo-ийг хангалттай ашиглаагүй шигээ, сонирхол татам байгалийн тогтцынхоо хэргийг хийсэнгүй. Дүгнэж хэлэхэд, алдартай Солонгос жүжигчин, өвөрмөц байгалийн тогтоц, малчин айлын амьдрал, эмэгтэй хүний зовлон тэмцэл, эгдүүтэй хүүхдүүд, өндөр настай эмээ, ирвэст идүүлж буй хонь, хаднаас нисэж буй хонь, төхөөрүүлж буй хонь гэх мэт зүйлийг харах дуртай бол энэ кинонд бүгд бий. Харин энэ бүх зүйл уусан нийлж, гуниг баясал, бодол ухаарал, итгэл найдвар өгөх уран сайхны кино л ""The Woman""-нд хараахан байсангүй. TL;DR/Хураангуй хувилбар Танил Солонгос жүжигчин, зураг авсан газрын өвөрмөц тогтоц нь энэ киноны давуу тал. Гэвч эдгээр давуу талаа ашиглаагүйн дээр өөрчлөлт хувиралгүй дүрүүд, завсар зайгүй уйтгар гунигт өгүүлэмж, сонирхол татдаггүй зураг авалт нь энэ киног үзэхэд хүчир болгосон байна. Мөнгөө буцааж авмаар байна уу? Уур барсан муу кино байгаагүй, мөн тодорхой хэмжээний хичээл зүтгэл гаргасан нь илэрхий боловч үзэхэд зарцуулсан цаг хугацаатайгаа харьцуулахад сонирхолтой эсвэл өгөөжтэй зүйл хангалттай олныг үзсэнгүй. + Азийн нэртэй жүжигчдийн нэгийг Монгол кинонд үзэх (жүжигчин Ahn Jae Mo) + Кино өрнөх орчин, байгалийн зураглал (setting) + Хийц чанар (production design) + Чихэнд чимэгтэй зарим хөгжим - Буруу дүрээ голчилсон зохиол (POV character) - Сарнисан, ойлгомжгүй “мессеж” (theme) - Зорилго тэмүүлэлгүй өгүүлэмж, урагш хөдөлдөггүй үйл явдал - Киноны турш хувирч өөрчлөгддөггүй дүрүүд (character arc) - Илэрхийлэх онцгой утга санаагүй, киноны үйл явдалд юу ч нэмдэггүй хүүхдийн дүрүүд - Өөр сэтгэл хөдлөлтэй уялдуулдаггүй туйлширсан уйтгар гуниг (atmosphere) - Гялтайх зүйлгүй хэт их саарал өнгө (color) - Сэтгэл ханамжгүй төгсгөл - Ямар хугацаанд өрнөөд байгаа нь ойлгомжгүй үсчсэн цаг хугацааны өөрчлөлт (editing) - Өвөрмөц орчин, байгалийн зураглалаа ашигладаггүй, уялдаа холбоогүй, хавчигдмал, бүтээлч бус зураг авалт (cinematography) - Кинондоо зохидоггүй, илүүц удаашруулсан хэсгүүд (slow-motion) - Үйл явдалд шаардлагагүй хэсгүүд, нэн ялангуяа нэгээс олон амьтны аллага 2024-06-05 20:07:18 Дэлгэрэнгүй",Чойхайнзан фильм продакшн,123,2ц 3м
2575,Орилоон 2,Кино,,2019,13+,2ц 0м,0,С.Батзориг,,"С.Батзориг Т.Борхүү Р.Баттогтох А.Алтантөр Ч.Болд Л.Доржням Х.Азбуян М.Бат-Эрин Ж.Уянга Кино шүүмж Mungun Энэ киноны нэгдүгээр анги гэж байсан гэдгийг огт мэдээгүй гэдгээ хүлээн зөвшөөрье. Киноны дууны клипэнд нь #АвьяаслагМонголчууд-р 100.000 төгрөгийн шийдвэр гаргадаг хүмүүсийн нэг, шүүгч Rokit Bay байхаар нь, бас рекламны зургууд нь хаа очиж гайгүй байсан учраас сонирхол татагдаж, энэ киног үзэхэд хүрэв. Тэгсэн энэ жил гарсан #2000МУСК-г мөн л дэлхийн шоу Mongolia's Got Talent - Авьяаслаг Монголчууд-н шүүгчдийн нэг #хийлчДээгий-гийн сайхан нүцгэн цээж аварч чадаагүй шиг, Рокит Бей-р дуугаа дуулуулсан Орилоон кино ч хол яв гэж зөвлөмөөр цагийн алуур болжээ. Орилоон кино нь 3 өөр бие даасан аймшгийн зохиолууд дээр сэдэвлэгдэн хийгджээ. Энэ бол зүүдэнд ором харанхуй ертөнцүүдэд үзэгчдийг уусгаж, жихүүн зүйлсийн эсрэг уухайлан дэмжих дүрүүдийг танилцуулж, нурууны үс босгом аймшгийн, цөхрөлийн бас ганцаардлын мэдрэмжийг өгөх 3 боломж юм. Харамсалтай нь Орилоон кино нь цааш нь үргэлжлүүлж үзмээр хорхой хүргэм гурван өвөрмөц бичил киног байсангүй. Youtube дээр ҮНЭГҮЙ байгаа богино хэмжээний кинонуудад “Орилоон”-нд хэзээ ч байгаагүй их сэтгэл, бүтээлч байдал, шинэ санаа, сонирхолтой шийдлүүд агуулагдаж байгаа нь Монгол киногоо дэмжих гээд мөнгөө төлөөд үзэж байгаа Монгол хүний хувьд хулхидуулсан бухимдал, ичгэвэртэй байдлыг төрүүлэм мэдрэмжийг өглөө. Гурван киноны үйл явдал: хөдөөний замд таарах гүйдэл; түрээсийн байрны түгжээтэй муу ёрын өрөө; чөтгөр шүгэлсэн 10 жилийн сургууль гээд бодоход сонирхолтой байж болох мэт боловч, үзэхэд үзэгчийн ухаанаас давахгүй, урьдчилан тааж болохоор, үйл явдалтай байдал нь даанч харамсалтай. Уг нь зохиол дээр сэдэвлэж хийсэн л гэх, гэтэл дэвэн дэлхийгээр ном зохиол дээр сэдэвлэж хийгдсэн кинонууд, телевизийн цувралууд бүгд хүмүүсийн хайрыг татдаг, бүтээсэн хүмүүстээ алтны уурхай болдог франчайзууд болж байхад энд богино кино бүрийнх нь 20-30 минут нь залхмаар, уйтгартай өнгөрч байгаа нь найруулагчийнх нь, эсвэл зохиолчынх нь, эсвэл хоёулангийнх нь илүү сайн хичээх хэрэгтэй байсан зүйлс боловуу. “Орилоон”-ы 3 богино кино нийлээд нийлээд 1 бүрэн хэмжээний киноны үргэлжлэх хугацаанд хүний сонирхлыг тогтоох үйл явдал байхгүй байна. Зохиол, үйл явдал, дүрүүд гэх мэт киноны хамгийн цөмд байх зүйлсээс гадна зураг авалт, дуу чимээ, жүжиглэлт гээд автоматаар сайн байна гэсэн хүлээлттэй байдаг зүйлс ч “Орилоон”-д туйлын хангалтгүй, муу байлаа. Харилцан ярианууд нөгөө 2010д оны халтуурны кинонууд шиг муухан сонсогдох нь микрофондоо ч юмуу, дууны инженерүүдийн ур чадвартаа ч юмуу асуудалтай. Дүрүүд ярьж эхлэхэд яриатай хамт шуугиан орж ирэх бөгөөд, ярихаа зогсоход шуугиан зогсох нь нэгэнт анзаараад эхлэсэн бол цаашдаа анзаарахаа зогсож чадахгүй төвөг болж байсан. Зураг авалтын хувьд сонирхолтой зохиомж ч, камерын хөдөлгөөн ч өдрийн од шиг байсан. Дээрээс нь уучлашгүй нэг зүйл нь дүрсийг ойртуулж (zoom) хийх үед камерын хөдөлгөөнөөр биш, монтажны програмаар халтуурдан томруулж байгаа гэдэг нь харанхуй хэсгүүд гар утасны бичлэг шиг саарайж харагдахаас илхэн. Жүжиглэлтүүдийн хувьд телевизийн зохиомжын хэтрүүлэгтэй байдлаас, сонирхогчийн киноны сэтгэл хөдлөлгүй байдлын хооронд л ээлжлэн солигдоно. “Орилоон 2”-с ганц авах юм нь Монгол киноны постерууд хэдэн жилийн өмнөхөө бодвол их сайжирчээ. Америк, Солонгос аймшгийн кинонуудаас санаа авсан зүйл их байвч, ядаж л кино шиг, ядаж л хүний сонирхол татахаар болсон байна. Гэхдээ одоо постертоо анхаарсан шигээ зохиолоо бичээд, найруулаад, зургийг нь аваад, дууг нь хураагаад, жүжиглэдэг болоосой. Монгол кинонд дургүй, эсвэл аймшгийн кинонд элэггүй болоод би ингэж бичиж байгаа бишээ. Харин ч гэрлээ унтраахаас яс хавталзмаар Монгол аймшгийн кинонууд гараасай гэж би битүүхэндээ хүсч хүлээдэг юм. #УлаанОйМУСК (бас зэвүүн дуутай) гээд хэлмэгдүүлэлтийн үед лам нарыг бууддаг байсан модтой ууланд хэдэн оюутан очиж баримтат кино хийж байгаа талаар #BlairWitchProject-н сайхан хуулбар; Эхнэрийнхээ араар тавьж байгаад бузартсан эрийн гэр бүл аюулд орж байгаа талаар #ДэвМУСК (гадны киноны хуулбар юм боловуу?) зэрэг кинонууд бол дажгүй л байсан санагдаж байна. TL;DR/Хураангуй хувилбар Аргацаасан хэцүүхэн кино байна. Үзээд юу ч олж авахгүй. Мөнгөө буцааж авмаар байна уу? Тийм. Хайран цаг. Хайран мөнгө. + Янзтай постер /рекламны зураг/ + Rockit Bay-н дахиад нэг аймшгийн сэдэвтэй клип - Дува сохор гурван нүүдлийн урьдаас тааж харах зохиол үйл явдал - Хиймэл гэдэг нь дэндүү тодорхой дуу чимээ (sound design) - Зориулалтын микрофон ашиглаагүй юм шиг муухан сонсогддог яриа - Хэтрүүлэгтэй маруухан жүжиглэлт - Бүтээлч биш зураг авалт - Тарчиг хийц /production design/ - Киногоо худлаа рекламдсан гэмээр ямар ч хамаагүй клиптэй дуу 2024-06-05 20:11:28 Дэлгэрэнгүй",Очир фильм студи Гэрэлтэй цонх Хаанаас үзэх вэ?,120,2ц 0м
2576,7-р Тусгай Тасаг,Кино,,2019,13+,2ц 10м,0,Д.Отгонсүрэн,,"Г.Равдан, Ё.Цог, Г.Мягмарнаран, Д.Гүрсэд, Д.Сүхбаатар, Л.Чаминчулуун, Г.Золбоот, Н.Ялалт, Б.Навчаа, Ш.Доржсүрэн, Хаанаас үзэх вэ? Жүжигчид Г.Равдан Ё.Цог Г.Мягмарнаран Д.Гүрсэд Д.Сүхбаатар Д.Отгонсүрэн Л.Чаминчулуун Г.Золбоот Н.Ялалт Б.Навчаа Ш.Доржсүрэн Кино шүүмж Mungun Америкийн CIA, Зөвлөлтийн КГБ гэдэг шиг манай БНМАУ-н үеийн НАХЯамны (Нийгмийг Аюулаас Хамгаалах) нэрийг сонсоход цаанаа л нэг болгоомжлон бэргэх мэдрэмж төрөх боловч, учир битүүлэг зэвүүн байдал нь өөрийн эрхгүй сонирхол догдлол бий болгодог юм. Түүхэнд сэм нөлөөлсөн, түүхийг өөрчилсөн ямар сайн муу элдвийн нууц даалгаврууд дэндүү цөөн гэрчтэйгээр өрнөж байсныг бид яаж мэдэх билээ? Тиймээс жинхэнэ old-school (хуучин бууны хугархай) НАХЯамны өвгөчүүл нэгэн зорилгын дор эргэн цуглаж, “одоогийн хүүхдүүдэд хичээл заах”-г энэ киноноос үзэх нь миний хувьд хамгийн том хүлээлт байлаа. “7-р Тусгай Тасаг” нь тэтгэвэртээ гарсан цэргийн өвгөн (ахмад жүжигчин Равдан) хуучин нөхдөө цуглуулж зээ охиныхоо хүнд өвчнийг эдгээх арга олохоор явж байгаа талаар гардаг адал явдалд/драм кино юм. Хуучны сайн кинонуудаар нь мэдэх ахмад жүжигчид дэлгэц дээр нэг дороо байх мөчүүд нь энэ киноны хамгийн үзүүштэй хэсгүүд байлаа. Аав ээжээс ч өмнөх амьдралыг туулсан үрчлээтэй бор нүүрнүүд, сайн мууг үзсэн чухал харцнууд, олон үггүй учиртай ярианууд гээд дэлгэц дүүрэн “даац”-тай хүмүүс байхад чин сэтгэлийн яриа нь зүрхэнд илүү хүрч, маазрах нь хүртэл илүү инээдтэй, амьдралын талаар ямар нэг чухал сургамжийг өгөөд байх шиг санагдана. Харамсалтай “7-р Тусгай Тасаг” кино нь “cool цэргийн өвөө нар баллаж тавьж байгаа нь” гэдэг хамгийн том давуу талдаа төвлөрөхийн оронд ямар нэгэн онцын үүрэггүй илүүц дүрүүд, орооцолдсон зохиолын элементүүдийг дагаад явчих нь “Уулын бугыг хараад унаж яваа морио орхив” гэдэг зүйр үгийг бодогдуулна. Гэхдээ энэ тохиолдолд ууланд харагдсан юм нь нүд хужирлам хангайн сайхан буга биш, харин хөдөө явахад зам дээр тээгэлдэж л байдаг үзэж уйдсан өнөө хэдэн ямаа л байлаа. Гол дүрийн өвгөний өвчтэй охин, гол дүрийн өвгөний өвчтэй охины гэмт хэрэгтэн эцэг, гол дүрийн өвгөний өвчтэй охины гэмт хэрэгтэн эцгийг мөрдөж байгаа цагдаа нар, гол дүрийн өвгөний өвчтэй охины гэмт хэрэгтэн эцгийн хайртай бүсгүй, гол дүрийн өвгөний өвчтэй охины гэмт хэрэгтэн эцгийн хайртай бүсгүйн эцэг эх, гол дүрийн өвгөний өвчтэй охины гэмт хэрэгтэн эцгийн хайртай бүсгүйн эцэг эхийн хуучин машин, гол дүрийн өвгөний... миний юу гэх гээд байгааг гадарлаж байна уу? “Гол дүрийн өвгөний өвчтэй охины…+ ямар нэг юм” гэсэн киноны 2/3-г бүрдүүлэх гол дүр(үүд)тэй ямар ч хамаагүй хэсгүүдийн оронд киноны цөм болсон өвөө нар болон аманд ч үгүй хамарт ч үгүй амсуулаад л өнгөрөөсөн өвөө нарын хүрээний туслах дүрүүд дээр илүү цаг зарцуулсан бол энэ кино илүү сонирхолтой, цэгцтэй, ойлгомжтой - хамгийн гол нь үзүүштэй байх байсан юм шиг санагдсан. Илүүц юм шиг санагдсан зүйлс дээр нэмээд, кино нь үзэж байгаа хүнийхээ хүлээлт тааврыг сорьдоггүй, эвддэггүй, давж гардаггүй нь урам хугалмаар байлаа. Монгол кинон дотор нэгэн цаг мөчид нэг л зүйл болдог, тэр болж байгаа зүйлийн үр дүн нь ихэвчлэн онц сонин биш үр дагавар (pay-off)-тай байдаг бүтээлч биш байдал энд ч ажиглагдана. Үйл явдлыг задлахгүй нэг жишээ дурдахад, хоёр өвөө нэг даргын туслахыг аргалж, бичиг авах ёстой тохиолдол байгаа юм. Түүний тулд нэг өвөө нь жүжиг тавиад нарийн бичгийг авч гарав. Тэр хэсгийн үйл явдал ингээд л дуусаа. Дүрүүдийн тухай шинэ юм юу ч мэдэж авахгүй, нарийн бичиг дээр нэмэлт хүч орж ирж манай өвөө нарын төлөвлөгөөг сорилтод оруулахгүй, нарийн бичиг гараад явсны дараа болох үйл явдал ч 100% азаас хамаарсан үр дагавартай. Дүрүүд нь хоорондоо ялгаралгүй, хөгжилтэй эсвэл зэвүүн арга зальгүй, инээдтэй эсвэл сонирхолтой биш нөхцөл байдал, тэдний онцын содон зүйлгүй үр дагаварууд нь энэ киног тодорхойлно. Кино зохиол өөрөө “Эхлэл-Өсөлт-Өрнөл-Эргэлт-Дахин өсөлт-Төгсгөл”, буюу түүнтэй ижил төрлийн энгийн бүтцийн дагуу явагдана. Хамгийн сайнд тооцогддог кинонууд ч тийм л энгийн бүтэцтэй байх нь элбэг тохиолддог ч, тэдгээр уламжлалт шатуудыг хооронд нь холбож байгаа дүрүүд, шийдвэрүүд, үйл явдал, үр дагавруудын авцалдаа логикт хэр их бүтээлч байдал шингэж вэ гэдгээс сайн кино нь дундаж киноноос ялгадаг юм шиг санагддаг. Боловсруулалт, эрэл хайгуул, яавал сонирхолтой байх вэ? гэсэн хүч хөдөлмөр, сэтгэл жаахан л дутсан тохиолдолд тухайн киног үзэж байгаа хүмүүс хором мөч бүр дүрүүдтэй нэг агаараар амьсгалж, ижил зүйлийг мэдрэхийн оронд ухаан бодол хаа хол тэнэж, “Энэ бүтэлгүйтэл бол хуурамч. Энэ хэд яав л гэж” гэсэн онгироо бодол үүсч эхэлдэг юм шиг санагддаг. “7-р Тусгай Тасаг” кинонд үзүүштэй жүжигчдийн бүтээсэн сонирхолтой дүрүүд байсан боловч, тэр дүрүүдийн эзэлж, киног авч явах ёстой байсан орон зайг илүү дүрүүд, илүүц давхар үйл явдлууд бөглөжээ. TL;DR/Хураангуй хувилбар: Сонирхолтой дүрүүд байсан боловч тэдэнд хийх сонирхолтой зүйл байсангүй. Оролдлого байсан боловч эрэл хайгуул, бүтээлч байдал байсангүй. Мөнгөө буцааж авмаар байна уу? Нэг удаа үзэхээр л кино. Өвөө нар архаг архичинг байцаадаг хэсэгт орсон хэмжээний анхаарал татсан зураг авалт, нүд татсан монтаж, яг оносон дууны дизайн, тэр бүгдийг удирдсан бүтээлч найруулга нь бүтэн киноны турш байсан бол найзуудаа чирч очоод дахиад үзэхсэн. + Сонирхолтой санаа + Байцаалт авч байгаа маш сайн гүйцэтгэлтэй ганц хэсэг + Танил ахмад жүжигчдийн сэтгэлд өег ганц хоёр моментууд + Сунжруу биш үргэлжлэх хугацаа - “Томьёоны-дагуу” зохиол - Хэтэрхий орооцолдсон шаардлагагүй деталиудтай дүрүүд, үйл явдлууд - Өвөрмөц байдал, бүтээлч шийдэл дутмаг гүйцэтгэлтэй зохиол - Сэтгэл хөдлөл өдөөдөггүй, сонирхолтой биш үйл явдлын үр дагаврууд (pay-off) - Сохор азтай тохиолдлуудаас хамааралтай үйл ядлууд (deus ex machina) - Хоорондоо ямар ч ялгаралгүй гол дүрүүд - Драм, триллер, инээдэм аль нь ч биш эрлийздүү “тон”, чиг хандлага - Гэнэтийн шилжилт ихтэй, үйл явдлын хэмнэл тааруухан монтаж/найруулга - Жигд биш дууны чанар (микрофоны шуугиан, цуурай, дуу оруулалт холилдсон) 2024-06-05 20:08:29 Дэлгэрэнгүй",[],130,2ц 10м
2578,Хайрцаг,Кино,Сэтгэхүйн триллер,2023,18+,2ц 12м,6.4,М.Батмагнай,,Б.Батхүслэн Т.Борхүү Ш.Даваасамба Ж.Пүрэвдорж Б.Эрдэнэцэцэг Л.Ариунболд С.Сарангэрэл П.Баярмагнай М.Батмагнай,Blue sky entertainment Сонор мялаах цаг,132,2ц 12м
2579,Аав хүү төлөвлөөгүй шинэ жил,Кино,,2024,13+,0ц 48м,6.5,Б.Гансүх-ийн,,"Б.Гансүх Г.Хатанбаатар Кино шүүмж Mungun “Үнэгүй үзжаадаа санаа зовмоор” “Аав хүү хоёр: Төлөвлөөгүй шинэ жил” нь баярын өмнөхөн ажлаа алдсан өрх толгойлсон аав амьжиргаагаа залгуулах, өсвөр насны хүү болон хайртай бүсгүйтэйгээ ойлголцох зэрэг гацааг туулж буй талаар богино хэмжээний mockumentary (баримтат юм шиг хийсэн зохиомол үйл явдалтай) инээдмийн кино юм. Molpedia-ийн уран бүтээлчид уг киногоо өөрсдийн албан ёсны Youtube хуудснаа үнэгүй үзэхээр нээлттэй байршуулсан байна. Molpedia-ийнхан өнгөрсөн оны шинэ жилийг тохиолдуулан хийсэн киногоо мөн л Youtube-д үнэгүй байршуулж, тэр нь миний хувьд театрт төлбөртэй гарч байгаа “ах эгч” нарын зарим киноноос хавь илүү “амьдрал”-тай дүрүүдтэй, утга санааны хувьд ч бишгүй ололт амжилттай санагдсан билээ. Харин “Аав хүү хоёр: Төлөвлөөгүй шинэ жил”-ийг үзээд зохиомол дүр үйл явдлыг баримтат нэвтрүүлэг/кино стилээр дэлгэдэг “mockumentary” жанр нь Molpedia-г төдийгүй Монгол киног ч чамгүй амжилттай болгох нэгэн гаргалгаа байж болох юм гэдэгт үнэмшив. Уг жанрын шилдэг бүтээл болох #Borat (2006. Найруулагч Larry Charles) нь Төв Азийн хөдөөний эр Америкийн соёлтой танилцаж буйг өгүүлдэг бол, #WhatWeDoInTheShadows (2014. Jemaine Clement, Taika Waititi) нь байр хувааж түрээсэлдэг Шинэ Зеланд цус сорогчдын хөгжилтэй нууц амьдралыг харуулдаг. Тэгвэл “Аав хүү хоёр: Төлөвлөөгүй шинэ жил” нь Монголын дундаж амьдрал, хүмүүсийн харилцаа, аргагүй байдалд гацсан мэт мэдрэмжийг үнэмшилтэй мөртлөө хөгжилтэй, “хөрсөндөө буусан” мөртлөө хөнгөн хошин өнцгөөс нь үзүүлж чаджээ. Киноны дэлгэх хошигнолын тоо (set-piece) болон эвлүүлгийн чанар нь уг бүтээлийн амжилтын гол үндэс болов уу. Гол дүрийн бүтэл муутайхан боловч цайлган аав (найруулагч, жүжигчин Б.Гансүх)-ийн хөтөлж удирддаг шинэ жилийн үйл ажиллагаатай хэсэг (sequence) дэндүү сунжирсныг эс тооцвол хошигнолууд хурдан хэмнэлтэй, олон тоотой, cringe багатай байв. Үр дүнд нь нэг хошигнол онц санагдахгүй байсан ч дараагийн инээдмийн сценд хурдан шилжих, таалагдсан бол дараагийн өөр инээдмийг хүлээлгэх “Одоо яанаа :))” гэх догдлолыг амжилттай бий болгожээ. Киноны хошигнолууд нь нэгэн хэвийн ярианд гэхээсээ ахуй нөхцөл (comedic situation), дүрүүдийн биеийн хэлэмж (physical acting), камерын шилжилт хөдөлгөөн (camera transition) - бүр нүүр будалтаар хүртэл илэрч, инээдэм хөгжөөнийг олон газраас уран бүтээлчид олж чадсаныг зайлшгүй дурдах хэрэгтэй. “Аав хүү хоёр: Төлөвлөөгүй шинэ жил” нь mockumentary жанрынхаа онцлог давуу талыг сайн ойлгож, чадварлагаар гүйцэтгэсэн байна. Уг жанрын хөрсөндөө буусан амьдралтай орчин, хүмүүсийн энгийн нөхцөл байдал, түүнээс урган гарах инээдтэй, хөгжилтэй, эмгэнэлтэй бас нэгийг бодогдуулсан зөрчил харилцаанууд нь “күүл атаман ах нарын нударга буугаар Монгол ялна”, “юм үзээгүй гэнэн бүүмэрүүдийн араар тавилт”, “нулимс нус орилооны монтаж #15”, “гадаад инээдмийн киноны хуулбар #5963” г.м манай хэвшмэл улиг киноны нөхцөл байдлын өмхийг сэврээх хэрэгцээт шинэ салхи болжээ. ЦөөнҮгээр: Үзэхэд бишгүй хөгжилтэй. Youtube дээр үнэгүй байгаа болохоор бүр ч хайр хүрмээр санагдсан. Дараагийн удаад бүрэн хэмжээний урттай (47 минутаас дэлгэрэнгүй), бас илүү баялаг үйл явдалтай болоосой. ЮуӨөр байсан бол өнөөдрийн кино илүү таалагдах байсан бэ? ДЭД ҮЙЛ ЯВДАЛ (b-story) Кино 47 минутын урттай байсан нь улинг болохоосоо өмнө дууссан зөв шийд байсан. Гэхдээ энэхүү богино хугацаа нь гол дүрийн залууд төвлөрснөөс бус түүний хүүтэйгээ болон хайртай бүсгүйтэйгээ харилцааг хөгжүүлэхэд нэн хангалтгүй байв. Тэдгээр харилцаанд өсөлт уналт, хоорондын холбоог нэмэх нь киног баяжуулахаар. ЖҮЖИГЧДИЙН ХУВИРАЛТ (suspension of disbelief) Гол дүрийнхэн болох аав, аавын найз охин, хүүгийн жүжигчид бүгд чацуухан харагддаг нь үзэгчээс багагүй “үнэмших” мэдрэмж шаардаж байв. Зөвхөн нүүр хувиргалтад найдах бус, биеийн хэлэмж, стил имидж, яриандаа ашиглах үг сонголт г.м үеийн ялгааг мэдрэгдүүлж бий болгодог бусад шинжийг бий болгосноор нэг нь 10 хэдтэй, нэг нь 40 шахаж байгаа залуучууд шиг харагдах нь буурах юм болов уу. КИНО ДИСТРИБЮШН ТӨЛӨВЛӨЛТ (external conflict) Хандалт авах сайхан л даа. Гэхдээ бүтээлээ сайжруулах, хамгийн гол нь урт хугацаанд тууштай хийх бололцоотой болохын тулд уран бүтээлчдийг дэмжих санхүүгийн механизм шаардлагатай. Ийм кинонд бол мөнгө төлж үзсэндээ огтхон ч харамсахгүй тул дараагийн удаад шинэлэг, хөгжилтэй бүтээлээ театрт, видео сан зэрэг платформуудад байршуулах, төлбөрийн чадвартай үзэгчдийг татах төлөвлөгөө шаардлагатай санагдсан. Мөнгө Цагаа Буцааж Авмаар байна уу? Youtube дээр үнэгүй бий. Үзсэн цагтаа огт харамсаагүй.",Molpedia TV,48,0ц 48м
2580,Тайгын эзэн,Кино,Их тайга эзэнтэй юм шүү,2023,16+,2ц 3м,0,П.Энхбаатар-ийн,,"Кино шүүмж Mungun “Үзэгчдээсээ ичээсэй” “Тайгын Эзэн” нь хөдөөгийн нэгэн зэлүүд уулын байгаль хамгаалагч далдын хүчээр туслуулж нууцлаг дээрэмчидтэй тулалдаж буй талаар action кино юм. Адал явдлынхаа дунд эхэлдэг (“in medias res”) кино байдаг даа? “Тайгын Эзэн” тэр шийдлийг ашиглан “Бид болвоос ийм супер дупер юм үзүүлэхжийна. Шүлс мүлсээ арчих цаасаа бэлдчих!” хэмээн сэтгэсэн мэт айхавтар нэг минутын action-ийг киноныхоо эхэнд дэлгэжээ. Хэдий энэхүү товч сцен нь уран бүтээлчдийнхээ зорьсноор киноныхоо чанар чансааг бүрэн дүүрэн илтгэсэн боловч илэрхийлсэн чанар чансаа нь анхны минутаасаа л тэдний мөрөөдөл төсөөллийн таг эсрэг нь байв. Киноны үйл явдал уг нь энгийн. Байгаль хамгаалагч дээрэмчидтэй тулгарна, дээрэмчид байгаль хамгаалагчаар газарчлуулахыг шаардана, зөрчилдөнө, хөөцөлдөнө, байлдана, далдын хүчний туслалцаа үе үе орж ирнэ… Боевик баатрууд харийн араатантай ширэнгэд алалддаг #Predator (1987)-оос авхуулаад Монголжуулсан #TheBlairWitchProject (1999) буюу хэлмэгдсэн лам нарын сүнс шүглэсэн уулыг зорих оюутнуудын талаар #УлаанОй (2004) хүртэл үлгэрлэл судалгаа хийж болох дотоод гадаадын киног нэрлээд байвал мундахгүй. Харамсалтай нь “Тайгын Эзэн”-ий уран бүтээлчид “судалгаа” гэдэг үгийг ойлгодоггүй, амьдралдаа нэг ч кино үзэж байгаагүй юм шиг… Хэт маяглал нь кинондоо огтхон ч наалддаггүй өгүүлэгчийн хоолой, баргийн Instagram filter-ийн дэргэд “халтар”-дах CGI, багаасаа Youtube үзсэн хэн бүхний андахгүй үнэгүй дууны (stock) эффектүүд, “сонирхогчийн” гэхэд кинонд хайртай жинхэнэ сонирхогчдыг гутаах модон зураг авалт, урсац хамааралгүй (disjointed) үйл явдал, сцен хооронд цүл пал үсчих эвлүүлэг нь киноны эхний секундээс эцсийн хором хүртэл үргэлжилжээ. Одоо 2023 он болж байна. Youtube дээр арван минут суугаад л олдчихмоор интернэтийн үнэгүй дуу дүрсний бэлэн эффектүүд; үйл явдалд яагаад эхлэл өрнөл өсөлт уналт байдаг талаар баримжаагүй хатсан бантан зохиол; төрөл жанрынхаа зарчмуудын талаар чимх ч баримжаагүй найруулга; тарчиг боломж нөхцөлөө бүтээлчээр ашиглах гэсэн нэг ч оролдлогогүй сценүүд зэрэг уран бүтээлч эрэл хайгуулгүй, аргацааж залхуурсан сэтгэлгээний дампууралтай цагт Монгол уран бүтээлчид хэзээ яаж зэргэлдээ танхимд нь яг адилхан билетийн үнээр гарч байгаа чанар чансаа өндөр бүтээлүүдтэй өрсөлдөх вэ? ЦөөнҮгээр: Цаг мөнгөний гарз. Юу өөр байсан бол өнөөдрийн кино илүү таалагдах байсан бэ? GI/STOCK SOUND Youtube дээр балар эртнээс бэлэн байсан CGI материал, дуу дүрсний эффектүүд ашиглахаасаа ичиж амьдарцгаая. ХАМАА ДАРААЛАЛТАЙ ҮЙЛ ЯВДАЛ Уянгалал, action, аймшиг, дурсамж, тулаан хоорондоо цочир үсэрч байна. Үйл явдын уялдаа холбоо болон үзэгчид төрөх сэтгэл хөдлөлийг уялдуулах нь кино найруулгын хамгийн энгийн, наад захын ур чадвар болов уу? ХЯЗГААРЛАГДМАЛ ХАРИУЦЛАГАТАЙ ИД ШИД Гол дүрийн баатарт ирж буй ид шидийн туслалцаа хэт их байна. Далдын хүчээ нялалгүй нэр шиг нь “далдын” байлгаж, түүгээр юу хийж чадах бас чадахгүй нь тодорхой хязгаар логиктой байх хэрэгтэй. Эс бөгөөс баатар ямар ч хэрэгцээгүй, киноны бүх асуудал ид шидийн хүчээр шийдэгдэж болохоор байна. МөнгөЦагааБуцаажАвмаар байна уу? 100% тийм.",[],123,2ц 3м
2581,Гурван булшны тарчлаан,Кино,,2024,16+,2ц 0м,7,Б.Тулга-Очир,А.Норжмаа,А.Норжмаа Хорлоо Э.Энхжин Цэен Э.Мөнхбат Чөдөр Б.Тулга-Очир,Мафи фильм Хаанаас үзэх вэ?,120,2ц 0м
2582,Сүнстэй байшин,Кино,,2021,13+,1ц 0м,0,Б.Нарангэрэл,Б.Нарангэрэл,"С.Батзориг, Р.Адъяа, Ц.Ганзориг, Хаанаас үзэх вэ? Жүжигчид С.Батзориг Р.Адъяа Б.Нарангэрэл Ц.Ганзориг",[],60,1ц 0м
2583,Last kiss,Кино,,2022,13+,2ц 6м,8,Д.Тэмүүлэн,,Д.Тэмүүлэн Б.Бадамцэцэг Г.Билгүүн А.undefined Э.Улсболд Б.Энхманлай Э.Чинзориг,Lebu motion pictures Хаанаас үзэх вэ?,126,2ц 6м
2585,Хамуу ажиллагаа,Кино,,2023,13+,1ц 50м,0,,Д.Галбаяр,"Д.Энхбаяр, Ж.Мөнхсайхан, Д.Дэлгэрсайхан, Р.Адъяа, Ш.Жавхлан, Хаанаас үзэх вэ? Жүжигчид Э.Улсболд Д.Энхбаяр Ж.Мөнхсайхан Д.Дэлгэрсайхан Р.Адъяа Ш.Жавхлан Д.Галбаяр",[],110,1ц 50м
2586,Самарчид,Кино,,2022,Б,1ц 28м,6,Д.Отгонбаяр,Д.Отгонбаяр,Э.Улсболд Д.Отгонбаяр С.Өлзийхүү Х.Баярмаа Б.Навчаа Э.Пүрэвжаргал Ш.Доржсүрэн Д.Ганбаатар Б.Амаржаргал,Оюунлаг продакшн Оранж энтертэйнмент Тулгатан пикчерс Хаанаас үзэх вэ?,88,1ц 28м
2587,Баярлалаа ээжээ,Кино,,2020,13+,1ц 3м,0,,,"Г.Чулуунцэцэг, М.Баярмагнай, Ж.Мөнхсайхан, Ц.Ганзориг, П.Эрдэнэзаан, Д.Дэлгэрсайхан, Жүжигчид Б.Эрдэнэбат Г.Чулуунцэцэг М.Баярмагнай Ж.Мөнхсайхан Ц.Ганзориг П.Эрдэнэзаан Д.Дэлгэрсайхан",[],63,1ц 3м
2588,Ханиа даргад үнсүүл,Кино,Ханиа даргад үнсүүл кино,2021,13+,,0,,,"А.Туяа, Л.Баттулга, Ш.Алтанцэцэг, С.Лхагвасүрэн, Б.Баатархүү, Жүжигчид Б.Эрдэнэбат А.Туяа Л.Баттулга Ш.Алтанцэцэг С.Лхагвасүрэн Б.Баатархүү",[],87.17165669,1ц 27м
2589,Цэргийн ээж,Кино,Цэргийн ээж УСК,2021,13+,1ц 4м,6.5,,,"Ш.Жавхлан, А.Гэрэлцэцэг, Д.Дэлгэрсайхан, Ц.Ганзориг, Г.Чулуунцэцэг, Ж.Мөнхсайхан, М.Баярмагнай, П.Эрдэнэзаан, Хаанаас үзэх вэ? Жүжигчид Б.Эрдэнэбат Ш.Жавхлан А.Гэрэлцэцэг Д.Дэлгэрсайхан Ц.Ганзориг Г.Чулуунцэцэг Ж.Мөнхсайхан М.Баярмагнай П.Эрдэнэзаан",[],64,1ц 4м
2592,Амьдралын хүрд,Кино,,2024,16+,2ц 12м,0,Э.Мөнхбаяр,Э.Мөнхбаяр,У.Минжин Сэлэнгэ Б.Базаррагчаа Төрмандах Э.Мөнхтөр Ариунболд Д.Ганбат Сайнаа Э.Мөнхбаяр,Arildi film Хаанаас үзэх вэ?,132,2ц 12м
2593,Дуудлагын хов базагч,Кино,,2022,16+,1ц 22м,6.5,,,А.Туяа Ч.Очгэрэл Р.Отгонбаяр Б.Ангараг Д.Бямбацогт Б.Батмэнд Ү.Баяржаргал,Оранж энтертэйнмент Update entertainment Скаймедиа,82,1ц 22м
2594,Дуудлагын хов базагч 2,Кино,,2023,Б,1ц 19м,0,,,Б.Бишрэл Ж.Мөнхсайхан А.Туяа Ч.Цэнгүүн П.Шүүдэрцэцэг Ү.Баяржаргал,Оранж энтертэйнмент Скаймедиа,79,1ц 19м
2596,Нарны сүүдэр,Кино,,2023,13+,,0,,,"А.Билгүүнсайхан, Г.Нарансолонго, Жүжигчид А.Билгүүнсайхан Г.Нарансолонго",[],87.17165669,1ц 27м
2597,Battle X Zone  реалити шоу,Кино,,2024,13+,1ц 0м,1.3,Н.Ариунболд,Б.Ган-Өлзий Б.Энх-Амгалан,Б.Батзолбоо Б.Ган-Өлзий Д.Амарсайхан Д.Амаржаргал Э.Сумъяабат Б.Түвшинтөгс Э.Энх-Амгалан Б.Түмэндэмбэрэл Х.Цогтгэрэл Д.Тамир Н.Ариунболд Б.Энх-Амгалан,Lebu motion pictures Хаанаас үзэх вэ?,60,1ц 0м
2598,Хэзээ хүнтэй суух вэ?,Кино,,2023,16+,1ц 9м,0,,,"Э.Уянга, Х.Намуун, Б.Баатархүү, С.Өлзийхүү, Ц.Ганзориг, Б.Эрдэнэчимэг, У.Мөнхбагана, Жүжигчид Э.Уянга Х.Намуун Б.Баатархүү С.Өлзийхүү Ц.Ганзориг Б.Эрдэнэчимэг У.Мөнхбагана",[],69,1ц 9м
2600,Гэрэл,Кино,,2019,13+,0ц 14м,0,Б.Чингүүн,,З.Хангал Б.Чингүүн,Medremj film,14,0ц 14м
2601,Амьдралын урт замд,Кино,,2019,13+,,6.6,,,"З.Хангал, О.Оюун, Б.Замилан, Жүжигчид З.Хангал О.Оюун Б.Замилан",[],87.17165669,1ц 27м
2602,Тэнгэрийн продюсер,Кино,Тэнгэрийн продюсер УСК,2019,13+,1ц 35м,0,,,"Б.Баатархүү, З.Хангал, Л.Баттулга, Н.Ялалт, Жүжигчид Б.Баатархүү З.Хангал Л.Баттулга Н.Ялалт",[],95,1ц 35м
2604,Сахилга зөрчигч,Кино,,2024,13+,1ц 0м,6.3,Г.Адъяабаяр,Н.Хайтан,"Л.Баттөр, Д.Лхагвадорж, О.Мөрөөдөл, Хаанаас үзэх вэ? Жүжигчид Л.Баттөр Н.Хайтан Г.Адъяабаяр Б.Мөнхжаргал Д.Лхагвадорж О.Мөрөөдөл",[],60,1ц 0м
2605,Lover Boi,Кино,,2024,13+,2ц 14м,0,,,,FFM production,134,2ц 14м
2606,Цус сорогчийн хайр,Кино,,2023,13+,2ц 12м,0,,В. Б.Эрдэнэбилэг Т.Алтантуяа,"А.Уянга, Жүжигчид В. Б.Эрдэнэбилэг Т.Алтантуяа А.Уянга",[],132,2ц 12м
2607,VIP,Кино,,2023,18+,,10,А.Батбаатар,А.Батбаатар,"Б.Баттогтох, Б.Балжинням, Б.Оюунтуяа, Хаанаас үзэх вэ? Жүжигчид А.Батбаатар Б.Баттогтох Б.Балжинням Б.Оюунтуяа",[],87.17165669,1ц 27м
2608,3р сарын бэлэг,Кино,,2022,Б,0ц 48м,0,Б.Батзориг,,"Д.Бямбадорж, Ц.Төмөрхуяг, Хаанаас үзэх вэ? Жүжигчид Б.Батзориг Д.Бямбадорж Ц.Төмөрхуяг",[],48,0ц 48м
2609,Приусны босс,Кино,,2017,13+,2ц 7м,0,Д.Мөнхбат,Д.Мөнхбат,"Д.Баттөмөр, Ц.Цэрэнболд, Б.Батмаа, Т.Мөнх-Эрдэнэ, С.Батзориг, Хаанаас үзэх вэ? Жүжигчид Д.Мөнхбат Д.Баттөмөр Ц.Цэрэнболд Б.Батмаа Т.Мөнх-Эрдэнэ С.Батзориг",[],127,2ц 7м
2611,Хайр өөрөө,Кино,,2023,Б,1ц 43м,6.8,,,"Д.Гүрсэд, А.Туяа, У.Минжин, О.Амгаланбаатар, Д.Ганбат, П.Эрдэнэзаан, Х.Отгонтунгалаг, Ү.Ундрал, Ж.Мөнхсайхан, Жүжигчид Д.Гүрсэд А.Туяа У.Минжин О.Амгаланбаатар Д.Ганбат П.Эрдэнэзаан Х.Отгонтунгалаг Ү.Ундрал Ж.Мөнхсайхан",[],103,1ц 43м
2613,Би гишүүн баймааргүй байна,Кино,,2023,Б,1ц 30м,6.8,,П.Надалсүрэн,П.Эрдэнэзаан М.Баярмагнай Ц.Цэлмэг Р.Адъяа Л.Гантулга Ж.Мөнхсайхан С.Зоригт Ү.Баяржаргал П.Надалсүрэн,МАСК продакшн Оранж энтертэйнмент,90,1ц 30м
2614,Зуун гулууз,Кино,,2024,Б,1ц 38м,2.6,Д.Отгонбаяр,,"Д.Дэлгэрсайхан, М.Баярмагнай, Ш.Жавхлан, Э.Батхүү, Г.Чулуунцэцэг, Л.Сөрөлт, Р.Адъяа, Жүжигчид Д.Отгонбаяр Д.Дэлгэрсайхан М.Баярмагнай Ш.Жавхлан Э.Батхүү Г.Чулуунцэцэг Л.Сөрөлт Р.Адъяа",[],98,1ц 38м
2615,Монгол бро,Кино,,2023,Б,1ц 15м,6.5,Ц.Амартүвшин,Ц.Амартүвшин,Ц.Амартүвшин Ш.Алтанцэцэг Л.Сөрөлт Н.Баясаа Э.Батхүү Ч.Баярмаа Э.Уянга Х.Отгонтунгалаг,Оранж энтертэйнмент F Studio,75,1ц 15м
2616,Алтан хүргэн,Кино,,2024,Б,1ц 36м,4,Д.Галбаяр,,Д.Галбаяр Р.Сүхболд Б.Баатархүү Б.Ариунцэцэг Ш.Алтанцэцэг у.undefined Ш.Жавхлан Э.Батхүү У.Батбаатар Ч.Цэнгүүн Н.Нэргүйбаатар Б.Амаржаргал,Гөү адвенчер студи Оранж энтертэйнмент,96,1ц 36м
2619,Pigland,Кино,,2023,13+,,6.8,,,,[],87.17165669,1ц 27м
2620,Эргэх учрал,Кино,,2023,Б,1ц 40м,0,Б.Дамдинсүрэн,,"Б.Гарамханд, Г.Золзаяа, Т.Анхзул, Н.Цэнд-Аюуш, Х.Сумъяадорж, С.Лхагвасүрэн, Д.Батцэцэг, Ц.Номин, Жүжигчид Б.Дамдинсүрэн Б.Гарамханд Г.Золзаяа Т.Анхзул Н.Цэнд-Аюуш Х.Сумъяадорж С.Лхагвасүрэн Д.Батцэцэг Ц.Номин",[],100,1ц 40м
2621,Зуулт,Кино,,2023,13+,1ц 13м,0,Д.Гүрсэд,,"Н.Цэнд-Аюуш, Э.Батнямбуу, Д.Төмөрчөдөр, Д.Мөнх-Од, Жүжигчид Д.Гүрсэд Н.Цэнд-Аюуш Э.Батнямбуу Д.Төмөрчөдөр Д.Мөнх-Од",[],73,1ц 13м
2622,Амьдралын зөрлөг,Кино,,2024,Б,1ц 37м,0,Э.Лувсандаш,,"Б.Одгэрэл, Э.Хонгорзул, Э.Батнямбуу, Жүжигчид Э.Лувсандаш Б.Одгэрэл Э.Хонгорзул Э.Батнямбуу",[],97,1ц 37м
2623,Сүүлчийн монита,Кино,,2023,Б,0ц 55м,6.5,Д.Ганцогт,,"Д.Ганцогт, Э.Мөнх-Эрдэнэ, Ю.Балжидмаа, Г.Отгонтуул, М.Ганбаяр, Жүжигчид Д.Ганцогт Э.Мөнх-Эрдэнэ Ю.Балжидмаа Г.Отгонтуул М.Ганбаяр",[],55,0ц 55м
2624,Restart,Кино,,2023,16+,2ц 35м,0,Ж.Сэнгэдорж,,"Ж.Жамъянсүрэн, Ж.Энэрэл, С.Болд-Эрдэнэ, Б.Шинэбаяр, Ш.Доржсүрэн, Б.Төгөлдөр, Жүжигчид Ж.Сэнгэдорж Ж.Жамъянсүрэн Ж.Энэрэл С.Болд-Эрдэнэ Б.Шинэбаяр Ш.Доржсүрэн Б.Төгөлдөр",[],155,2ц 35м
2625,Хавтаст хэрэг,Кино,,2022,13+,1ц 5м,3.8,Б.Дамдинсүрэн,,"Г.Алтаншагай, С.Болд-Эрдэнэ, Б.Баяржавхлан, Н.Нархажид, Г.Номуун, Б.Баттогтох, Жүжигчид Б.Дамдинсүрэн Г.Алтаншагай С.Болд-Эрдэнэ Б.Баяржавхлан Н.Нархажид Г.Номуун Б.Баттогтох",[],65,1ц 5м
2626,Эхнэрийн зөв,Кино,,2023,Б,1ц 24м,0,Ө.Мөнх-Эрдэнэ,,"Д.Энхбаяр, Б.Үжин, П.Эрдэнэзаан, Б.Уянга, Жүжигчид Ө.Мөнх-Эрдэнэ Д.Энхбаяр Б.Үжин П.Эрдэнэзаан Б.Уянга",[],84,1ц 24м
2627,Охиндоо өгсөн тангараг,Кино,,2022,13+,1ц 33м,0,Ө.Мөнх-Эрдэнэ,,"Г.Алтаншагай, Б.Үжин, Ш.Жавхлан, П.Эрдэнэзаан, Б.Мишээл, Б.Отгонтуяа, Х.Отгонтунгалаг, Б.Ганжаргал, Жүжигчид Ө.Мөнх-Эрдэнэ Г.Алтаншагай Б.Үжин Ш.Жавхлан П.Эрдэнэзаан Б.Мишээл Б.Отгонтуяа Х.Отгонтунгалаг Б.Ганжаргал",[],93,1ц 33м
2628,Хадланчид,Кино,,2023,13+,1ц 40м,0,Д.Отгонбаяр,,"Д.Дэлгэрсайхан, Р.Адъяа, М.Баярмагнай, Б.Навчаа, Ш.Жавхлан, Г.Чулуунцэцэг, Жүжигчид Д.Отгонбаяр Д.Дэлгэрсайхан Р.Адъяа М.Баярмагнай Б.Навчаа Ш.Жавхлан Г.Чулуунцэцэг",[],100,1ц 40м
2629,Тээврийн жолооч,Кино,,2023,13+,1ц 19м,0,Ц.Хүсэлбаатар,,"Г.Золбоот, Б.Баатархүү, Д.Дэлгэрсайхан, С.Өлзийхүү, Б.Даваажав, Жүжигчид Ц.Хүсэлбаатар Г.Золбоот Б.Баатархүү Д.Дэлгэрсайхан С.Өлзийхүү Б.Даваажав",[],79,1ц 19м
2630,Гулгаа,Кино,,2024,Б,1ц 34м,0,Д.Отгонбаяр,,"С.Батзориг, Г.Эрхэмбаяр, Г.Чулуунцэцэг, Д.Дэлгэрсайхан, У.Минжин, Ш.Жавхлан, Б.Ганжаргал, М.Намуунцэцэг, Жүжигчид Д.Отгонбаяр С.Батзориг Г.Эрхэмбаяр Г.Чулуунцэцэг Д.Дэлгэрсайхан У.Минжин Ш.Жавхлан Б.Ганжаргал М.Намуунцэцэг",[],94,1ц 34м
2631,Манайд ирсэн дурлал,Кино,,2023,13+,0ц 55м,6.5,Б.Дамдинсүрэн,,"Б.Баатархүү, Э.Мөнхтөр, З.Онон, Б.Буянтогтох, Б.Замилан, Э.Мөнх-Эрдэнэ, У.Минжин, И.Мөрөн, Ц.Номин, Жүжигчид Б.Дамдинсүрэн Б.Баатархүү Э.Мөнхтөр З.Онон Б.Буянтогтох Б.Замилан Э.Мөнх-Эрдэнэ У.Минжин И.Мөрөн Ц.Номин",[],55,0ц 55м
2632,Морьтой л болёя,Кино,,2021,18+,1ц 0м,0,Д.Мөнхбат,,"Д.Энхбаяр, У.Цогтбаяр, Г.Лхагвацэрэн, Б.Буянтогтох, Жүжигчид Д.Мөнхбат Д.Энхбаяр У.Цогтбаяр Г.Лхагвацэрэн Б.Буянтогтох",[],60,1ц 0м
2633,Их хааны буурч,Кино,,2024,13+,,6.4,,,"Э.Гантулга, Д.Бямбацогт, Э.Төрбат, Т.Бадамжав, Жүжигчид Э.Гантулга Д.Бямбацогт Э.Төрбат Т.Бадамжав",[],87.17165669,1ц 27м
2634,Шувуун хээр,Кино,,2023,Б,1ц 18м,0,Э.Тэмүүжин,,У.Цогтбаяр Б.Баатархүү Б.Навчаа Л.Энхбаяр Э.Тэмүүжин Б.Амаржаргал Я.Одгийв Э.Батхүү,Оранж энтертэйнмент,78,1ц 18м
2637,Тархи баригч,Кино,,2023,13+,2ц 2м,0,,Т.Мягмартогтох,"Т.Бархүү, С.Болд-Эрдэнэ, Р.Сүхболд, Хаанаас үзэх вэ? Жүжигчид Т.Бархүү С.Болд-Эрдэнэ Р.Сүхболд Т.Мягмартогтох",[],122,2ц 2м
2639,Синдром арт 2,Кино,,2024,Б,0ц 25м,0,Л.Дашдооров,М.Аминаа,"М.Аминаа, Хаанаас үзэх вэ? Жүжигчид Л.Дашдооров М.Аминаа",[],25,0ц 25м
2640,Синдром арт 3,Кино,,2024,Б,0ц 40м,0,Л.Дашдооров,М.Аминаа,Л.Дашдооров М.Аминаа,Бид хэд нэгдэл Хаанаас үзэх вэ?,40,0ц 40м
2642,Хөдөөний дүү,Кино,,2024,Б,1ц 12м,0,Д.Мөнхбат,,"С.Батзориг, А.Өнөржаргал, А.Билгүүнсайхан, Э.Банзрагч, Жүжигчид С.Батзориг А.Өнөржаргал А.Билгүүнсайхан Э.Банзрагч Д.Мөнхбат",[],72,1ц 12м
2643,The gift,Кино,,2022,Б,1ц 23м,0,Ц.Мөнхням,,"Э.Банзрагч, У.Минжин, Т.Бархүү, Б.Ариунчимэг, Жүжигчид Ц.Мөнхням Э.Банзрагч У.Минжин Т.Бархүү Б.Ариунчимэг",[],83,1ц 23м
2644,Ийм нэгэн өдрүүд,Кино,,2018,13+,2ц 3м,0,И.Одончимэг,,"И.Одончимэг, Д.Хүрэлхүү, Н.Онон, Л.Баттулга, Т.Бархүү, Хаанаас үзэх вэ? Жүжигчид И.Одончимэг Д.Хүрэлхүү Н.Онон Л.Баттулга Т.Бархүү",[],123,2ц 3м
2646,Гэмгүй буруутнууд,Кино,,2009,13+,,0,И.Одончимэг,,"Д.Баттөмөр, И.Одончимэг, Н.Онон, Л.Баттулга, Хаанаас үзэх вэ? Жүжигчид И.Одончимэг Д.Баттөмөр Н.Онон Л.Баттулга",[],87.17165669,1ц 27м
2647,Түүх Мартахгүй 2,Кино,,2021,13+,1ц 45м,0,А.Мөнхсүх,Ж.Мөнхбат,"Ц.Төмөрбаатар, Г.Амгаланбаатар, Жүжигчид А.Мөнхсүх Ж.Мөнхбат Ц.Төмөрбаатар Г.Амгаланбаатар",[],105,1ц 45м
2648,Нөхөрт гарсны маргааш,Кино,,2021,13+,1ц 10м,0,Р.Сүхболд,Э.Ган-Очир,"З.Номуун, Р.Сүхболд, Г.Золбоот, Ө.Мөнх-Эрдэнэ, Ш.Жавхлан, Хаанаас үзэх вэ? Жүжигчид Р.Сүхболд Э.Ган-Очир З.Номуун Г.Золбоот Ө.Мөнх-Эрдэнэ Ш.Жавхлан",[],70,1ц 10м
2649,Өчигдөр,Кино,,2020,13+,,0,Н.Наранбаатар,,"Г.Амгаланбаатар, М.Тогтохжаргал, Э.Тодгэрэл, Хаанаас үзэх вэ? Жүжигчид Н.Наранбаатар Г.Амгаланбаатар М.Тогтохжаргал Э.Тодгэрэл",[],87.17165669,1ц 27м
2650,Би эмээ болмооргүй байна,Кино,,2019,13+,0ц 54м,0,,,"И.Одончимэг, Н.Онон, Л.Баттулга, З.Номуун, Н.Баясаа, Хаанаас үзэх вэ? Жүжигчид И.Одончимэг Н.Онон Л.Баттулга З.Номуун Н.Баясаа",[],54,0ц 54м
2651,Хэрээт төгөл,Кино,,2020,13+,1ц 40м,0,П.Цэрэндагва,,"Д.Ганцэцэг, Г.Урнаа, Ч.Алтан-Өлзий, Хаанаас үзэх вэ? Жүжигчид Д.Ганцэцэг П.Цэрэндагва Г.Урнаа Ч.Алтан-Өлзий",[],100,1ц 40м
2652,Бүүвэй,Кино,,2024,13+,1ц 5м,6.6,С.Сарантуяа,,"Ц.Цэрэнболд, Г.Амгаланбаатар, Хаанаас үзэх вэ? Жүжигчид С.Сарантуяа Т.Хулан Ц.Цэрэнболд Г.Амгаланбаатар",[],65,1ц 5м
2653,Каринтины хүүхдүүд,Кино,,2021,13+,,0,,,"Д.Бямбацогт, С.Балданпүрэв, А.Цэгмэд, Жүжигчид Д.Бямбацогт С.Балданпүрэв А.Цэгмэд",[],87.17165669,1ц 27м
2654,Шилүүс,Кино,,2020,13+,,0,П.Лхагвадулам,,"П.Лхагвадулам,",[],87.17165669,1ц 27м
2655,Дурласан,Кино,,2020,13+,,0,Г.Ундармаа,Г.Ундармаа,"Д.Түвшинтөр, Хаанаас үзэх вэ? Жүжигчид Г.Ундармаа Д.Түвшинтөр",[],87.17165669,1ц 27м
2656,Уучлаарай та дугаар андуурч,Кино,,2020,13+,,0,,,"Б.Одгэрэл, Э.Тодгэрэл, Б.Шинэбаяр, Хаанаас үзэх вэ? Жүжигчид Б.Одгэрэл Э.Тодгэрэл Б.Шинэбаяр",[],87.17165669,1ц 27м
2657,Хурим сүйтгэгчид,Кино,,2024,Б,1ц 26м,6.5,Г.Жанчив,М.Эрдэнэбаяр,Г.Жанчив М.Эрдэнэбаяр Д.Хулан Л.Гантулга Б.Доржнанжид Ц.Номин Б.Золзаяа Б.Тайшир Ш.Алтанцэцэг О.Анхсүх Б.Түвшинжаргал Е.Баярмагнай С.Мөнгөлжин,Оранж энтертэйнмент Скаймедиа Хаанаас үзэх вэ?,86,1ц 26м
2658,Алдарт ээжүүдийн ажил хаялт,Кино,,2024,Б,1ц 15м,0,Д.Галбаяр,,Д.Галбаяр А.Хишигдалай Б.Ариунцэцэг У.Цогтбаяр Ч.Баярмаа У.Минжин Х.Цасчихэр Б.Амаржаргал,Гөү адвенчер студи Оранж энтертэйнмент,75,1ц 15м
2659,Бидний зурсан амьдрал,Кино,,2024,ЭЭХ,1ц 24м,0,Ө.Мөнх-Эрдэнэ,,"Э.Тодгэрэл, Э.Батхүү, Д.Энхбаяр, О.Гэрэлсүх, Р.Отгонбаяр, Д.Оюунтуул, А.Өнөржаргал, А.Бямбабаяр, Жүжигчид Ө.Мөнх-Эрдэнэ Э.Тодгэрэл Б.Хунцэнгүүн Э.Батхүү Д.Энхбаяр О.Гэрэлсүх Р.Отгонбаяр Д.Оюунтуул А.Өнөржаргал А.Бямбабаяр",[],84,1ц 24м
2660,Цаггүй амьдрал,Кино,,2022,16+,1ц 5м,0,Б.Нямтөр,Б.Нямтөр,"Д.Оюунзул, Жүжигчид Б.Нямтөр Д.Оюунзул",[],65,1ц 5м
2661,Баяр бусниулсан зочид,Кино,,2021,13+,0ц 45м,0,,,"Г.Алтаншагай, М.Баярмагнай, Б.Навчаа, Л.Сөрөлт, Б.Гэрэлтуяа, Э.Төрбат, Жүжигчид Г.Алтаншагай М.Баярмагнай Б.Навчаа Л.Сөрөлт Б.Гэрэлтуяа Э.Төрбат",[],45,0ц 45м
2662,Дайрлага,Кино,,2024,13+,1ц 10м,0,Ц.Хүсэлбаатар,Ц.Хүсэлбаатар,"Г.Чулуунцэцэг, Э.Төрбат, Х.Сумъяадорж, М.Баярмагнай, Г.Эрхэмбаяр, Б.Жаргалсайхан, Ё.Цог, Жүжигчид Ц.Хүсэлбаатар Г.Чулуунцэцэг Э.Төрбат Х.Сумъяадорж М.Баярмагнай Г.Эрхэмбаяр Б.Жаргалсайхан Ё.Цог",[],70,1ц 10м
2663,Энэ миний наадам,Кино,Энэ миний наадам,2021,13+,0ц 50м,0,,,"П.Эрдэнэзаан, М.Баярмагнай, Ж.Мөнхсайхан, Д.Дэлгэрсайхан, Жүжигчид П.Эрдэнэзаан М.Баярмагнай Ж.Мөнхсайхан Д.Дэлгэрсайхан",[],50,0ц 50м
2664,Хувь заяа,Кино,,2024,Б,1ц 57м,5.3,Г.Бямбасүрэн,Г.Бямбасүрэн,"У.Уранчимэг, П.Эрдэнэзаан, Д.Пүрэвсүрэн, Д.Мэндбаяр, Ч.Ганбаатар, У.Нартай, Б.Баярмаа, Хаанаас үзэх вэ? Жүжигчид У.Уранчимэг П.Эрдэнэзаан Д.Пүрэвсүрэн Д.Мэндбаяр Ч.Ганбаатар У.Нартай Г.Бямбасүрэн Ц.Анударь Б.Баярмаа",[],117,1ц 57м
2665,Монгол хүү,Кино,,1936,13+,2ц 3м,0,Т.И.З,В.Лапин,"Ч.Цэвээн, Б.Сосорбарам, Д.Гомбо, Д.Бат-очир, Хаанаас үзэх вэ? Жүжигчид Т.И.З В.Лапин Ч.Цэвээн Б.Сосорбарам Д.Гомбо Д.Бат-очир",[],123,2ц 3м
2666,Норжмаагийн зам,Кино,,1938,13+,,0,Т.Нацагдорж,,"Н.Ханд, П.Гүнсэн, Хаанаас үзэх вэ? Жүжигчид Т.Нацагдорж Н.Ханд П.Гүнсэн",[],87.17165669,1ц 27м
2667,Social man,Кино,,2020,13+,1ц 46м,0,Д.Лхагва,Д.Лхагва,Д.Лхагва Г.Амгаланбаатар Б.Лхагвадулам М.Хулан,LVA entertainment Хаанаас үзэх вэ?,106,1ц 46м
2669,Тавилан 2,Кино,,2013,16+,,0,Л.Энхбаяр,Л.Энхбаяр,Л.Энхбаяр П.Эрдэнэзаан Н.Ялалт С.Батзориг Т.Нямдорж Т.Сэргэлэн,Friends and Brothers film,87.17165669,1ц 27м
2670,Дэлхийд дурласан сар,Кино,,2012,13+,1ц 30м,0,С.Баттулга,С.Баттулга,"Б.Батзаяа, Т.Бархүү, Б.Баярмаа, Б.Мишээл, Г.Мягмарнаран, Ш.Цэцэг, Жүжигчид С.Баттулга Б.Батзаяа Энхээ Т.Бархүү Жавхаа Б.Баярмаа Цэцгээ Б.Мишээл Зулаа Г.Мягмарнаран Энхээгийн аав Ш.Цэцэг Энхээгийн ээж",[],90,1ц 30м
2671,"Саанжий, Мөөнжий шидэт чулууны эрэлд",Кино,,2024,Б,0ц 54м,6.3,Л.Ариунболд,Л.Ариунболд,Л.Ариунболд Ш.Даваасамба Б.Балжинням Э.Мөнхбат Д.Ууганбаяр А.Норжмаа Э.Мөнхжаргал Ч.Санжаадорж,A film Хаанаас үзэх вэ?,54,0ц 54м
2672,3 дахь цохилт,Кино,,2024,13+,1ц 30м,5,Р.Эрхэмбүрэн,,"О.Дөлгөөн, Т.Нямдорж, Т.Бархүү, Б.Одончимэг, Б.Болорчулуун, А.Баттүшиг, Жүжигчид Р.Эрхэмбүрэн О.Дөлгөөн Т.Нямдорж Т.Бархүү Б.Одончимэг Б.Болорчулуун А.Баттүшиг",[],90,1ц 30м
2673,Золиос 6/16,Кино,,2024-08-30,16+,2ц 0м,6.3,Е.Даваасүрэн,Е.Даваасүрэн,"Ж.Мөнхсайхан, Е.Даваасүрэн, Т.Сэргэлэн, Б.Гарамханд, Т.Анхзул, О.Анхсүх, Э.Бадамдаш, Б.Сайнжаргал, Г.Мөнхтулга, Жүжигчид Ж.Мөнхсайхан Е.Даваасүрэн Т.Сэргэлэн Б.Гарамханд Т.Анхзул О.Анхсүх Э.Бадамдаш Б.Сайнжаргал Г.Мөнхтулга",[],120,2ц 0м
2674,Өмнөдийг зорих замд,Кино,,2024,13+,1ц 40м,5.7,,,С.Сарантуяа Г.Эрхэмбаяр О.Самданпүрэв Б.Замилан C.Jun O.Su P.Kwang L.Jae,KorTop Media компани Тулгатан пикчерс,100,1ц 40м
2675,Хэлгүй жим-2 Дада,Кино,,2024,16+,1ц 20м,6.1,Г.Даваазул,Г.Даваазул,С.Одбаяр Б.Батхүслэн Н.Сугармаа С.Номин-Эрдэнэ Б.Лхагвасүрэн Г.Даваазул А.Энхжин Р.Отгонбаяр Х.Батбаяр П.Цэрэндагва М.Дорждагва Д.Төмөрбаатар А.Цэгмэд Г.Чулуунцэцэг Г.Урнаа Б.Жаргалсайхан,Этик продакшн,80,1ц 20м
2676,Хамгийн сайхан бэлэг,Кино,,2022,Б,1ц 36м,5,З.Батболд,З.Батболд,З.Батболд Э.Төрбат О.Гэрэлсүх Б.Одгэрэл Г.Амгаланбаатар Б.Амаржаргал,Оранж энтертэйнмент Скаймедиа Хаанаас үзэх вэ?,96,1ц 36м
2677,Hot Crush,Кино,,2024,18+,,2,Ц.Мөнхням,,Ч.Цэнгүүн Ц.Мөнхням О.Умравдан О.Оюун-Эрдэнэ,88 Films Хаанаас үзэх вэ?,87.17165669,1ц 27м
2678,Манекен,Кино,,2024,13+,1ц 29м,0,,,"Г.Отгонцэцэг, Ж.Оюундарь, С.Болд-Эрдэнэ, Хаанаас үзэх вэ? Жүжигчид Г.Отгонцэцэг Ж.Оюундарь С.Болд-Эрдэнэ",[],89,1ц 29м
2679,13-р сар,Кино,,2023,Б,1ц 34м,6.5,Г.Жанчив,Ч.Баттүшиг Ч.Баттүшиг,О.Самданпүрэв Б.Мишээл Г.Жанчив Ч.Баттүшиг Б.Золзаяа,Оранж энтертэйнмент Скаймедиа Хаанаас үзэх вэ?,94,1ц 34м
2680,Фракц 3,Кино,,2021,13+,1ц 10м,0,,,"О.Тэмүүжин, Б.Баатархүү, Г.Нарансолонго, Ц.Ганбаяр, Г.Жанчив, Ш.Алтанцэцэг, Д.Түвшинтөр, Г.Эзэнмөнх, Б.Отгонтуяа, У.Цогтбаяр, Б.Ариунцэцэг, Жүжигчид О.Тэмүүжин Б.Баатархүү Г.Нарансолонго Ц.Ганбаяр Г.Жанчив Ш.Алтанцэцэг Д.Түвшинтөр Г.Эзэнмөнх Б.Отгонтуяа У.Цогтбаяр Б.Ариунцэцэг",[],70,1ц 10м
2682,Хөгжилтэй дүр 4,Кино,,2017,13+,0ц 50м,0,С.Төмөртулга,Г.Анхбаяр,Г.Алтаншагай Л.Сөрөлт Г.Жанчив Б.Отгонтуяа Б.Занабалдан С.Төмөртулга Г.Анхбаяр,Оранж энтертэйнмент,50,0ц 50м
2684,Фракц 1,Кино,,2020,13+,1ц 10м,10,Ц.Амартүвшин,Ц.Амартүвшин,Ц.Амартүвшин Д.Түвшинтөр Б.Баатархүү Ш.Алтанцэцэг Б.Ариунцэцэг Г.Нарансолонго Г.Эзэнмөнх У.Цогтбаяр Т.Бадамжав Ү.Ундрал у.undefined,Эмоци продакшн Хаанаас үзэх вэ?,70,1ц 10м
2685,Фракц 2,Кино,,2020,13+,1ц 0м,0,,,,Эмоци продакшн,60,1ц 0м
2686,Мөнх тунх - Цагаан сарын адал явдал,Кино,,2021,13+,0ц 40м,0,Ц.Бат-Оргил,Ц.Бат-Оргил,Хаанаас үзэх вэ?,[],40,0ц 40м
2687,Z.OE Back to the memories,Кино,,2020,13+,1ц 0м,0,Б.Оюунбаатар,Б.Оюунбаатар,Д.Гүрсэд Д.Мэндбаяр Ё.Цог Ж.Лхамхүү Б.Зууннаст Ч.Тунгалаг Ё.Батсүх Б.Батсумъяа Л.Сарантуяа Б.Батбаатар Б.Оюунбаатар,OTZ media Хаанаас үзэх вэ?,60,1ц 0м
2688,Мөнх Тунх 5-р улирал,Кино,,2022,Б,0ц 35м,0,Ц.Бат-Оргил,Ц.Бат-Оргил,"Ц.Бат-Оргил, Хаанаас үзэх вэ?",[],35,0ц 35м
2689,Мөнх Тунх 3-р улирал,Кино,,2021,Б,0ц 30м,0,Ц.Бат-Оргил,Ц.Бат-Оргил,Хаанаас үзэх вэ?,[],30,0ц 30м
2690,"Амжих уу, хайраа",Кино,,2013,13+,1ц 30м,0,Б.Ганхөлөг,Б.Ганхөлөг,Б.Ганхөлөг Ш.Мөнхбаяр Б.Мөнгөнцэцэг Д.Бямбацогт Н.Нэргүйбаатар Г.Шижир Тэмүүлэн,Ebenezer продакшн,90,1ц 30м
2691,Би хайртай хүнтэй,Кино,,2013,16+,1ц 9м,0,Н.Соёлбат,Н.Соёлбат,"Б.Баярмаа, Жүжигчид Н.Соёлбат Б.Баярмаа",[],69,1ц 9м
2692,Маргаашгүй,Кино,Маргаашгүй,2012,13+,,0,,,"О.Баярсайхан, Хаанаас үзэх вэ?",[],87.17165669,1ц 27м
2693,Нэг биений хоёр зүрх,Кино,УСК,2012,16+,,0,,,,[],87.17165669,1ц 27м
2694,Чонын дурлал,Кино,Чонын дурлал УСК,2011,16+,1ц 27м,0,Ж.Солонго,Б.догмод,Жүжигчид Б.догмод Ж.Солонго,[],87,1ц 27м
2695,Аз жаргалын эрэлд 2,Кино,,2010,16+,1ц 47м,6.3,Б.Мөнх-Амьдрал,Б.Мөнх-Амьдрал,Б.Мөнх-Амьдрал Б.Болорчулуун Сайнсанаа П.Баярцэнгэл Эрдэнээ,Маршал креатив агентлаг,107,1ц 47м
2696,Амьдралд нулимсанд дургүй,Кино,,2010,16+,,0,,,,[],87.17165669,1ц 27м
2697,Хайрлаж болох уу,Кино,,2010,13+,1ц 36м,6.5,А.Мэндсайхан,,А.Мэндсайхан Б.Жаргалсайхан Ц.Ганзориг Далай П.Дэлгэрбаяр О.Тэмүүжин П.Шүүдэрцэцэг Т.Номин,Найз энтертайнмент,96,1ц 36м
2698,Хайрын үнэ цэнэ,Кино,Хайрын үнэ цэнэ,2010,13+,1ц 28м,0,,,"Н.Ялалт,",2B Studio,88,1ц 28м
2699,7 сарын 1,Кино,,2009,13+,1ц 32м,0,,,"Т.Мөнх-Эрдэнэ,",[],92,1ц 32м
2701,Луйврын хот,Кино,Луйврын хот,2009,13+,1ц 10м,0,,,"Г.Анхбаяр, Т.Билэгжаргал, Н.Агиймаа, Жүжигчид Г.Анхбаяр Т.Билэгжаргал Н.Агиймаа",[],70,1ц 10м
2702,Сая километр,Кино,,2009,16+,,0,,,Т.Билэгжаргал Г.Анхмаа Д.Бямбацогт С.Болд-Эрдэнэ,Cross animation studio,87.17165669,1ц 27м
2703,Тушаал,Кино,,2009,16+,1ц 29м,0,,,"П.Цэрэндагва, Т.Өөдөө, Р.Анхням, Жүжигчид П.Цэрэндагва Т.Өөдөө Р.Анхням",[],89,1ц 29м
2704,Халуун сэтгэл,Кино,,2008,16+,1ц 28м,0,Л.Энхбаяр,С.Жаргалсайхан,Л.Энхбаяр С.Жаргалсайхан А.Баттүшиг А.Ганчимэг С.Лхагвасүрэн Э.Нарангэрэл Н.Баярмаа Д.Батбаяр,Эрхэм элч,88,1ц 28м
2705,Хана 2,Кино,,2008,18+,1ц 17м,6.3,,,,[],77,1ц 17м
2706,Цусны үнэр,Кино,Цусны үнэр УСК,2007,18+,1ц 19м,0,,,,[],79,1ц 19м
2707,Сэргээш 3,Кино,,2007,Б,0ц 55м,6.5,,,"Н.Онон, Л.Баттулга, И.Одончимэг, Г.Нарансолонго, Т.Бархүү, Б.Баатархүү, О.Тэмүүжин, Хаанаас үзэх вэ? Жүжигчид Н.Онон Л.Баттулга И.Одончимэг Г.Нарансолонго Т.Бархүү Б.Баатархүү О.Тэмүүжин",[],55,0ц 55м
2708,Зугтаарай,Кино,,2004,13+,1ц 40м,6.5,Ц.Хүсэлбаатар,С.Баасанжаргал,Ц.Хүсэлбаатар М.Баярмагнай П.Эрдэнэзаан Т.Өөдөө Ё.Цог Б.Баатархүү С.Баасанжаргал Г.Золбоот Б.Туяа С.Өлзийхүү Ж.Мөнхсайхан С.Болормаа,Шилдэг өнгө продакшн,100,1ц 40м
2709,Сэргээш 2,Кино,,2003,13+,0ц 55м,6.5,Ч.Найдандорж,,"И.Одончимэг, Б.Баатархүү, З.Онон, Хаанаас үзэх вэ? Жүжигчид Ч.Найдандорж И.Одончимэг Б.Баатархүү З.Онон",[],55,0ц 55м
2710,Баяжих шахсан нь,Кино,Баяжих шахсан нь,2002,16+,1ц 3м,0,,,"С.Лхагвасүрэн, Ц.Батхуяг, Жүжигчид С.Лхагвасүрэн Ц.Батхуяг",[],63,1ц 3м
2712,Цаасан шувуу,Кино,,2019,13+,1ц 30м,0,Б.Билгүүн,Л.Таванбаяр,"Д.Бямбацогт, Б.Отгонбат, Ш.Жавхлан, Б.Батболд, Б.Билгүүн, Жүжигчид Б.Билгүүн Л.Таванбаяр Д.Бямбацогт Б.Отгонбат Ш.Жавхлан Б.Батболд",[],90,1ц 30м
2713,Үхэж үл болно Чингис хаан,Кино,,2008,13+,2ц 0м,0,Л.Эрдэнэбулган,,"Ц.Төмөрбаатар, П.Цэрэндагва, И.Одончимэг, Н.Сувд, Жүжигчид Л.Эрдэнэбулган Ц.Төмөрбаатар П.Цэрэндагва И.Одончимэг Н.Сувд",[],120,2ц 0м
2715,Сүүлчийн бүжиг,Кино,"Бүжигт, Сүүлчийн бүжиг",2008,13+,1ц 39м,5.8,,,"Б.Тамир, М.Баярбат, Жүжигчид Б.Тамир М.Баярбат",[],99,1ц 39м
2716,Сэрэлт,Кино,,1957,13+,1ц 30м,0,,Л.Ванган,"З.Цэндээхүү, Ц.Цэгмид, Хаанаас үзэх вэ? Жүжигчид Л.Ванган З.Цэндээхүү Ц.Цэгмид Даш",[],90,1ц 30м
2717,Нийслэл хүү,Кино,,1968,13+,0ц 58м,6.5,Б.Жамсран,М.Жавган,Хаанаас үзэх вэ? Жүжигчид Б.Жамсран М.Жавган,[],58,0ц 58м
2718,Агуйн нууц,Кино,Агуйн нууц,1969,13+,1ц 10м,0,Б.Сумхүү,Н.Жамъян,Хаанаас үзэх вэ? Жүжигчид Б.Сумхүү Н.Жамъян,[],70,1ц 10м
2719,Далайд дусал нэмэр,Кино,Далайд дусал нэмэр,1970,13+,1ц 1м,5,Ж.Бунтар,Л.Ванган,Хаанаас үзэх вэ? Жүжигчид Ж.Бунтар Л.Ванган,[],61,1ц 1м
2720,Хүргэн хүү,Кино,,1970,13+,1ц 10м,6,Д.Жигжид,Д.Дожоодорж,Хаанаас үзэх вэ? Жүжигчид Д.Жигжид Д.Дожоодорж,[],70,1ц 10м
2721,Нар хиртсэн жил,Кино,Нар хиртсэн жил,1974,13+,1ц 20м,5,Ж.Бунтар,Д.undefined,Хаанаас үзэх вэ? Жүжигчид Ж.Бунтар Д.undefined,[],80,1ц 20м
2722,Хүний амь,Кино,,1976,13+,1ц 10м,4.5,Г.Жигжидсүрэн,Г.Жигжидсүрэн,"Л.Жамсранжав, П.Цэрэндагва, Ш.Гүрбазар, Хаанаас үзэх вэ? Жүжигчид Г.Жигжидсүрэн Л.Жамсранжав П.Цэрэндагва Ш.Гүрбазар",[],70,1ц 10м
2723,Солонгын таван өнгө,Кино,,1978,13+,1ц 25м,5,,,Хаанаас үзэх вэ?,[],85,1ц 25м
2724,Суварган цэнхэр уулс,Кино,,1978,13+,1ц 20м,5,Г.Жигжидсүрэн,С.Пүрэв,"Н.Батцэцэг, Хаанаас үзэх вэ? Жүжигчид болон багийнхан",[],80,1ц 20м
2725,Буш хүүгийн үлгэр,Кино,,1979,13+,1ц 24м,6,П.Цогзол,П.Цогзол,Хаанаас үзэх вэ?,[],84,1ц 24м
2726,Говь хянганд тулалдсан,Кино,,1981,13+,2ц 35м,0,В.Ордынский,,"Г.Адилбиш, Жүжигчид В.Ордынский Г.Адилбиш",[],155,2ц 35м
2727,Саруул талын ерөөл,Кино,,1984,13+,1ц 24м,0,Р.Доржпалам,С.Сарантуяа,"Д.Гүрсэд, Г.Доржсамбуу, И.Нямгаваа, Жүжигчид Р.Доржпалам С.Сарантуяа Д.Гүрсэд Г.Доржсамбуу И.Нямгаваа",[],84,1ц 24м
2728,Загийн алим,Кино,Загийн алим,1984,13+,1ц 31м,5,С.Дамдин,,"Н.Зориг, Жүжигчид С.Дамдин Н.Зориг",[],91,1ц 31м
2729,Зоорь 2,Кино,,2019,13+,1ц 10м,1,Б.Цогт-Эрдэнэ,Ц.Ууганбаяр,А.Цэгмэд Цэрмаа Н.Бямбацогт Цэнгэлийн аав Б.Цогт-Эрдэнэ Ц.Ууганбаяр Б.Эрдэнэхүү Болд Б.Азжаргал Энхмаа Г.Дөлгөөн Сувдаа,Кино цамхаг студи LOFILM,70,1ц 10м
2730,Сургуулийн сүнс 2,Кино,,2022,13+,1ц 33м,6.5,С.Бүжин,С.Бүжин,,[],93,1ц 33м
2731,Бидний араншин,Кино,,2024,13+,1ц 25м,0,Ц.Амартүвшин,Ц.Амартүвшин,"Д.Дэлгэрсайхан, У.Минжин, С.Зоригт, А.Бямбабаяр, Ч.Төгөлдөр, П.Эрдэнэзаан, Ч.Болд, Жүжигчид Ц.Амартүвшин Д.Дэлгэрсайхан У.Минжин С.Зоригт А.Бямбабаяр Ч.Төгөлдөр П.Эрдэнэзаан Ч.Болд",[],85,1ц 25м
2732,Сургуулийн сүнс 3,Кино,,2024,13+,1ц 15м,0.8,С.Бүжин,С.Бүжин,,Cine ART,75,1ц 15м
2733,Бид мартахгүй,Кино,,1985,13+,1ц 28м,6,Х.Дамдин,Д.Дожоодорж,"Б.Базаррагчаа, Хаанаас үзэх вэ? Жүжигчид Х.Дамдин Д.Дожоодорж Б.Базаррагчаа",[],88,1ц 28м
2734,Байлдааны даалгавар,Кино,Байлдааны даалгавар,1985,13+,1ц 2м,5,Б.Нагнайдорж,,"Г.Равдан, Хаанаас үзэх вэ? Жүжигчид Б.Нагнайдорж Г.Равдан",[],62,1ц 2м
2735,Сүүдэр,Кино,,1986,13+,1ц 26м,6.3,Б.Балжинням,С.Жаргалсайхан,"Г.Равдан, Хаанаас үзэх вэ? Жүжигчид Б.Балжинням С.Жаргалсайхан Г.Равдан",[],86,1ц 26м
2736,Намар нахиалсан мод,Кино,,1986,13+,1ц 20м,0,Г.Жигжидсүрэн,Г.Жигжидсүрэн,"Р.Дамдинбазар, Л.Эрдэнэбулган, Хаанаас үзэх вэ? Жүжигчид Г.Жигжидсүрэн Р.Дамдинбазар Л.Эрдэнэбулган",[],80,1ц 20м
2737,Нандин Эрдэнэ,Кино,,1986,13+,1ц 26м,6,И.Нямгаваа,,"О.Бат-Өлзий, Б.Гэрэлмаа, Хаанаас үзэх вэ? Жүжигчид И.Нямгаваа О.Бат-Өлзий Б.Гэрэлмаа",[],86,1ц 26м
2738,Би нисэх дуртай,Кино,,1987,13+,1ц 26м,0,Б.Сумхүү,И.Нямгаваа,"Г.Равдан, Д.Гүрсэд, Хаанаас үзэх вэ? Жүжигчид Б.Сумхүү И.Нямгаваа Г.Равдан Д.Гүрсэд",[],86,1ц 26м
2739,Мандхай цэцэн хатан 1,Кино,,1988,13+,1ц 3м,0,Б.Балжинням,Ш.Нацагдорж,"Н.Сувд, Б.Дамчаа, А.Очирбат, Ж.Сүххуяг, Д.Мэндбаяр, Г.Мягмарнаран, А.Дашпэлжээ, Д.Гүрсэд, П.Цэрэндагва, Хаанаас үзэх вэ? Жүжигчид Б.Балжинням Н.Сувд Б.Дамчаа Исмэл А.Очирбат Сатай Ж.Сүххуяг Батмөнх даян хаан Д.Мэндбаяр Юнгэн хатан Г.Мягмарнаран Цэгц баатар А.Дашпэлжээ Өнөболд Д.Гүрсэд Баянмөнх жонон П.Цэрэндагва Ибрай тайш Ш.Нацагдорж",[],63,1ц 3м
2740,Мандхай цэцэн хатан  2,Кино,,1988,13+,1ц 3м,7,Б.Балжинням,Ш.Нацагдорж,"Н.Сувд, Б.Дамчаа, Б.Дамчаа, А.Очирбат, Ж.Сүххуяг, Хаанаас үзэх вэ? Жүжигчид Б.Балжинням Ш.Нацагдорж Н.Сувд Б.Дамчаа А.Очирбат Ж.Сүххуяг",[],63,1ц 3м
2741,Мандхай цэцэн хатан 3,Кино,,1988,13+,1ц 16м,7,Б.Балжинням,Ш.Нацагдорж,"А.Очирбат, Н.Сувд, Хаанаас үзэх вэ? Жүжигчид Б.Балжинням Ш.Нацагдорж А.Очирбат Ж.Сүххуяг Н.Сувд",[],76,1ц 16м
2742,Мандхай цэцэн хатан  4,Кино,,1988,13+,1ц 7м,6.5,Б.Балжинням,Ш.Нацагдорж,"Ж.Сүххуяг, Н.Сувд, Б.Дамчаа, А.Очирбат, Хаанаас үзэх вэ? Жүжигчид Б.Балжинням Ш.Нацагдорж Ж.Сүххуяг Н.Сувд Б.Дамчаа А.Очирбат",[],67,1ц 7м
2743,Даль хагдрах цагаар,Кино,,1989,13+,0ц 28м,5,,,Хаанаас үзэх вэ?,[],28,0ц 28м
2744,Z-Zone,Кино,Зомбитой кино,2024,13+,1ц 24м,6,,,Ч.Цэнгүүн Э.Пүрэвжаргал Б.Батбаатар Б.Одгэрэл О.Оюун-Эрдэнэ,Хас медиа интертайнмент,84,1ц 24м
2745,Хааны сүүлчийн хатан,Кино,,2000,13+,1ц 57м,0,Ж.Солонго,,"Г.Золбоот, Н.Батцэцэг, Ё.Цог, Жүжигчид Ж.Солонго Г.Золбоот Н.Батцэцэг Ё.Цог",[],117,1ц 57м
2746,Сэргээш 1,Кино,,2002,13+,0ц 54м,6.6,Ч.Найдандорж,,"И.Одончимэг, Б.Баатархүү, Н.Онон, Г.Нарансолонго, Ш.Доржсүрэн, Хаанаас үзэх вэ? Жүжигчид Ч.Найдандорж И.Одончимэг Б.Баатархүү Н.Онон Г.Нарансолонго Ш.Доржсүрэн",[],54,0ц 54м
2747,Шувууд буцах намар,Кино,Шувууд буцах намар,1992,13+,1ц 34м,0,,,"С.Чимгээ, П.Баярхүү, Жүжигчид С.Чимгээ Мөнхмаа П.Баярхүү Акира",[],94,1ц 34м
2748,Бурхан мартсан заяа,Кино,Бурхан мартсан заяа,2002,16+,1ц 44м,0,,Ц.Хүрэлбаатар,"Д.Цэрэндарьзав, Н.Нэргүйбаатар, Жүжигчид Ц.Хүрэлбаатар Д.Цэрэндарьзав Ханд Н.Нэргүйбаатар Чулуун",[],104,1ц 44м
2752,A One-way ticket,Кино,,2024,18+,1ц 10м,0,Т.Лхагважаргал,,"Д.Мөнхтөмөр, Л.Ариунболд, Б.Бадамцэцэг, С.Хандмаа, Жүжигчид Т.Лхагважаргал Д.Мөнхтөмөр Л.Ариунболд Б.Бадамцэцэг С.Хандмаа",[],70,1ц 10м
2753,Ижийдээ очих намар,Кино,,2024,13+,1ц 21м,0,А.Батбаатар,,"Э.Пүрэвжаргал, Б.Бямбасүрэн, Д.Цэрэндарьзав, Д.Бямбацогт, Жүжигчид А.Батбаатар Э.Пүрэвжаргал Б.Бямбасүрэн Д.Цэрэндарьзав Д.Бямбацогт",[],81,1ц 21м
2754,Нутгийн зүг,Кино,,2023,13+,2ц 4м,3,З.Батболд,,"Т.Хулан, Ч.Санжаадорж, Э.Пүрэвжаргал, Э.Мөнхтөр, Б.Бямбасүрэн, Ш.Даваасамба, П.Баярмагнай, Э.Аминхүслэн, Жүжигчид З.Батболд Т.Хулан Ч.Санжаадорж Э.Пүрэвжаргал Э.Мөнхтөр Б.Бямбасүрэн Ш.Даваасамба П.Баярмагнай Э.Аминхүслэн",[],124,2ц 4м
2755,Дурсамж 2012,Кино,,2022,13+,1ц 6м,0,Б.Дамдинсүрэн,,"Г.Эрхэмбаяр, Г.Жанчив, Р.Сүхболд, Э.Пүрэвжаргал, С.Өлзийхүү, Э.Мөнхтөр, Н.Мөнхсоёл, Д.Түвшинтөр, Б.Баяржавхлан, Ц.Номин, Жүжигчид Б.Дамдинсүрэн Г.Эрхэмбаяр Г.Жанчив Р.Сүхболд Э.Пүрэвжаргал С.Өлзийхүү Э.Мөнхтөр Н.Мөнхсоёл Д.Түвшинтөр Б.Баяржавхлан Ц.Номин",[],66,1ц 6м
2756,Хоёр шөнө,Кино,,2024,13+,1ц 27м,0,Р.Эрхэмбүрэн,,"Г.Жанчив, Р.Отгонбаяр, Ч.Сэлэнгэ, Жүжигчид Р.Эрхэмбүрэн Г.Жанчив Р.Отгонбаяр Ч.Сэлэнгэ",[],87,1ц 27м
2757,Шалгарсан арга,Кино,,2024,13+,1ц 20м,6.5,,,Б.Гэрэлтуяа Г.Батзориг Б.Бөхбат,Wsup,80,1ц 20м
2758,Хүргэлт үнэгүй,Кино,,2024,Б,1ц 10м,0,Г.Лхагвацэрэн,,"Ш.Алтанцэцэг, А.Туяа, Р.Отгонбаяр, Ж.Мөнхсайхан, Т.Бадамжав, Жүжигчид Г.Лхагвацэрэн Ш.Алтанцэцэг А.Туяа Р.Отгонбаяр Ж.Мөнхсайхан Т.Бадамжав",[],70,1ц 10м
2759,30 саяын sex,Кино,,2024,13+,1ц 27м,6.4,,,"Э.Уянга, А.Жанлив, Ө.Энхмандах, R.undefined, Т.Бишрэлт, Жүжигчид Э.Уянга А.Жанлив Ө.Энхмандах R.undefined Т.Бишрэлт",[],87,1ц 27м
2761,Баяртай ээжээ,Кино,,2024,ЭЭХ,1ц 15м,0,,,"Т.Борхүү, Т.Лхагвадулам, Г.Дөлгөөн, М.Батмагнай, Хаанаас үзэх вэ? Жүжигчид Т.Борхүү Т.Лхагвадулам Г.Дөлгөөн М.Батмагнай",[],75,1ц 15м
2763,Мартагдсан дууль,Кино,,1989,13+,1ц 24м,0,,С.Пүрэв,"Г.Адилбиш, Хаанаас үзэх вэ? Жүжигчид С.Пүрэв Г.Адилбиш",[],84,1ц 24м
2764,Бүлээн нурам,Кино,,1990,13+,1ц 20м,6.5,Г.Жигжидсүрэн,Б.Лхагвасүрэн,"О.Энхтуул, Г.Золбоот, Хаанаас үзэх вэ? Жүжигчид Г.Жигжидсүрэн Б.Лхагвасүрэн О.Энхтуул Н.Дагийранз Г.Золбоот",[],80,1ц 20м
2765,Хүн чулууны нулимс,Кино,,2024,13+,1ц 4м,0,Г.Жигжидсүрэн,Б.Лхагвасүрэн,Хаанаас үзэх вэ? Жүжигчид Г.Жигжидсүрэн Б.Лхагвасүрэн,[],64,1ц 4м
2766,Тод магнай,Кино,,1990,13+,1ц 35м,0,Ж.Бунтар,Д.Хишигт Ш.Сүрэнжав,"М.Дорждагва, Г.Адилбиш, Хаанаас үзэх вэ? Жүжигчид Ж.Бунтар Д.Хишигт Ш.Сүрэнжав М.Дорждагва Г.Адилбиш",[],95,1ц 35м
2767,Амин мөр,Кино,,1991,13+,1ц 14м,0,Г.Жигжидсүрэн,,Хаанаас үзэх вэ?,[],74,1ц 14м
2768,Аргамжаа,Кино,,1992,13+,1ц 9м,0,Н.Уранчимэг,Н.Уранчимэг,Хаанаас үзэх вэ?,[],69,1ц 9м
2769,Цэц магнай,Кино,,1995,13+,1ц 26м,0,Ж.Бунтар,Ш.Сүрэнжав Д.Хишигт,"Г.Гомбосүрэн, А.Дашпэлжээ, Хаанаас үзэх вэ? Жүжигчид Ж.Бунтар Ш.Сүрэнжав Д.Хишигт Г.Гомбосүрэн А.Дашпэлжээ",[],86,1ц 26м
2770,Хоёулаа Дуулъя,Кино,,2024,13+,,0,,,,Эрхэс студи Жаалхүү фильм,87.17165669,1ц 27м
2775,Пагмадулам,Кино,,2024,16+,2ц 52м,3.8,Б.Ганболд,Д.Золзаяа,Б.Ганболд А.Номин-Эрдэнэ Д.Золзаяа Б.Оюунгэрэл О.Мөнгөн-Очир Н.Ялалт Э.Пүрэвжаргал Ө.Мөнгөнтулга Ц.Төмөрбаатар Б.Одгэрэл А.Алтантөр С.Удвал Б.Эрдэнэцэцэг,Хамба фильм Хаанаас үзэх вэ?,172,2ц 52м
2776,Снежинка,Кино,,2022,13+,1ц 11м,0,,,,[],71,1ц 11м
2777,Манан,Кино,,2021,13+,1ц 20м,0,,,"Т.Сэргэлэн, О.Самданпүрэв, Жүжигчид Т.Сэргэлэн О.Самданпүрэв",[],80,1ц 20м
2780,Гэгээ,Кино,,2023,13+,1ц 25м,0,,,"С.Номин, Ж.Номингэрэл, Ү.Ундрал, Жүжигчид С.Номин Ж.Номингэрэл Ү.Ундрал",[],85,1ц 25м
2781,Торгоны маань хээ,Кино,,2022,13+,1ц 20м,6.5,,,"Б.Баттогтох, О.Бат-Өлзий, Б.Замилан, Жүжигчид Б.Баттогтох О.Бат-Өлзий Б.Замилан",[],80,1ц 20м
2783,Гажуудал,Кино,"Сэтгэхүйн, Триллер",2024,16+,1ц 18м,6.7,Б.Баатар,О.Эрдэнэ,"С.Ариунбямба, Б.Навчаа, Б.Базаррагчаа, Н.Ялалт, Ч.Ганбаатар, Б.Гарьд, Жүжигчид С.Ариунбямба Б.Баатар Б.Навчаа Б.Базаррагчаа Н.Ялалт Ч.Ганбаатар Б.Гарьд О.Эрдэнэ",[],78,1ц 18м
2784,Тань руу нүүж явна,Кино,,1984,13+,1ц 31м,6.5,Б.Балжинням,,"Л.Дуламжав, Г.Адилбиш, Р.Гэрэл, Л.Нямсүрэн, Л.Долгорсүрэн, Жүжигчид Б.Балжинням Л.Дуламжав Дулам Г.Адилбиш Цэрэн Р.Гэрэл Жаргал Л.Нямсүрэн Дарьсүрэн Л.Долгорсүрэн Хандмаа",[],91,1ц 31м
2785,Давааны цаана даваа,Кино,,1977,13+,1ц 19м,0,Ж.Бунтар,,"Г.Адилбиш, Жүжигчид Ж.Бунтар Г.Адилбиш",[],79,1ц 19м
2786,Тойрох хуудас,Кино,,1979,13+,1ц 20м,6,,,"Г.Адилбиш, Н.Батцэцэг, Ц.Төмөрхуяг, Д.Мэндбаяр, Жүжигчид Б.Балжинням Г.Адилбиш Н.Батцэцэг Ц.Төмөрхуяг Д.Мэндбаяр",[],80,1ц 20м
2787,Зорчигч,Кино,,2024,Б,1ц 30м,6.6,,Ц.Мөнхням,"О.Цэнгэл, Б.Баярцэцэг, Э.Батнямбуу, Г.Амгаланбаатар, Х.Отгонтунгалаг, Жүжигчид О.Цэнгэл Ц.Мөнхням Б.Баярцэцэг Э.Батнямбуу Г.Амгаланбаатар Х.Отгонтунгалаг",[],90,1ц 30м
2788,Ээвэр,Кино,,2024,Б,0ц 35м,3,Д.Цогт,Д.Цогт,Д.Цогт С.Балданпүрэв Б.Түвшинжаргал,Tsogt film / Pro entertainmant Хаанаас үзэх вэ?,35,0ц 35м
2789,Харанхуйн нууц,Кино,Триллер,2024,13+,1ц 19м,3.3,Б.Чингүүн,Ч.Сэлэнгэ,Б.Чингүүн Ч.Сэлэнгэ Б.Бямбасүрэн Б.Ану-Үжин Г.Гансүх М.Баяржаргал,Mogul cinema Sutai pictures,79,1ц 19м
2790,Морьтой ч болоосой,Кино,,1959,13+,1ц 15м,0,Р.Доржпалам,Д.Гармаа,"Д.Лувсанчимэд, Б.Сүхцэрэн, Г.Батсүх, Т.Цэвээнжав, Жүжигчид Р.Доржпалам Д.Гармаа Д.Лувсанчимэд Дондог Б.Сүхцэрэн Янжмаа Г.Батсүх Гончиг Т.Цэвээнжав Ханд",[],75,1ц 15м
2791,Эрдэнэсийн Арал,Кино,,2024,13+,1ц 40м,3.6,О.Цэгмэд,О.Цэгмэд,М.Наранмөнх Б.Хунцэнгүүн Г.Жанчив Т.Энэрэл Ц.Цэрэнболд Г.Эрхэмбаяр Э.Батнямбуу О.Цэгмэд Б.undefined Т.Лхагвадулам Б.Золзаяа,Оранж энтертэйнмент,100,1ц 40м
2792,Бараг л Аймшгийн Кино,Кино,Бараг л Аймшгийн Кино,2024,13+,1ц 20м,4.6,Д.Баттөмөр,Д.Баттөмөр,Д.Баттөмөр Х.Баярмаа М.Оюунсүрэн Т.Баттулга Б.Золжаргал М.Ганбаяр У.Батбаатар,Монгол фильм групп Хаадын хаан пикчерс,80,1ц 20м
2794,Алтан өргөө,Кино,,1961,Б,1ц 15м,6.5,Р.Доржпалам,С.Эрдэнэ,"Ж.Лувсанжамц, Ц.Цэгмид, Жүжигчид Р.Доржпалам С.Эрдэнэ Ж.Лувсанжамц Мэргэн ард Л.Мөрдорж Ц.Цэгмид Пагваа",[],75,1ц 15м
2795,Миний шинэ хот,Кино,,2022,13+,1ц 20м,0,,,"Т.Нямдорж, Ц.Номин, Г.Алтандуулга, Б.Болорчулуун, Б.Буянтогтох, Ж.Оюундарь, Жүжигчид Т.Нямдорж Ц.Номин Г.Алтандуулга Б.Болорчулуун Б.Буянтогтох Ж.Оюундарь",[],80,1ц 20м
2797,Улаанбаатарт байгаа миний аавд,Кино,,1961,Б,1ц 28м,7,,,"Ц.Цэгмид, Л.Жамсранжав, Жүжигчид Ц.Цэгмид Л.Жамсранжав",[],88,1ц 28м
2799,49 хоног,Кино,,2024,18+,1ц 44м,6.2,Т.Анар,Т.Анар,"Н.Сугармаа, У.Пүрэвжав, С.Бат-Эрдэнэ, Хаанаас үзэх вэ? Жүжигчид Т.Анар Н.Сугармаа У.Пүрэвжав С.Бат-Эрдэнэ",[],104,1ц 44м
2800,13-ын А,Кино,,2024,13+,1ц 40м,0,Ш.Доржсүрэн,,"Д.Эрдэнэбулган, Б.Баатархүү, Ж.Мөнхсайхан, С.Өлзийхүү, Б.Туяа, Ш.Алтанцэцэг, А.Цэгмэд, Л.Чаминчулуун, П.Эрдэнэзаан, Н.Нэргүйбаатар, Н.Мөнхсоёл, Б.Базаррагчаа, А.Мөнгөнзул, Жүжигчид Ш.Доржсүрэн Д.Эрдэнэбулган Б.Баатархүү Ж.Мөнхсайхан С.Өлзийхүү Б.Туяа Ш.Алтанцэцэг А.Цэгмэд Л.Чаминчулуун П.Эрдэнэзаан Н.Нэргүйбаатар Н.Мөнхсоёл Б.Базаррагчаа А.Мөнгөнзул",[],100,1ц 40м
2801,Газрын үнэр,Кино,,1979,13+,1ц 21м,0,Х.Дамдин,,"Г.Мягмарнаран, Жүжигчид Х.Дамдин Г.Мягмарнаран Дамдинбазар",[],81,1ц 21м
2802,Алт амилах цаг,Кино,,1994,16+,1ц 7м,0,Д.Төрбат,Д.Төрбат,"С.Сарантуяа, Ч.Найдандорж, Ч.Алтан-Өлзий, Жүжигчид Д.Төрбат С.Сарантуяа Ч.Найдандорж Ч.Алтан-Өлзий",[],67,1ц 7м
2803,Хөх нуур,Кино,,2023,13+,1ц 19м,0,Ө.Мөнх-Эрдэнэ,,"Д.Дэлгэрсайхан, П.Шүүдэрцэцэг, А.Энхжин, Б.Ариунчимэг, Ө.Мөнх-Эрдэнэ, Жүжигчид Ө.Мөнх-Эрдэнэ Д.Дэлгэрсайхан П.Шүүдэрцэцэг А.Энхжин Б.Ариунчимэг",[],79,1ц 19м
2804,Ихэр тавилан,Кино,,2022,Ангилал хийгдээгүй,1ц 36м,0,Ө.Мөнх-Эрдэнэ,,"Э.Ууганбаяр, А.Бямбабаяр, У.Минжин, П.Шүүдэрцэцэг, Жүжигчид Ө.Мөнх-Эрдэнэ Э.Ууганбаяр А.Бямбабаяр У.Минжин П.Шүүдэрцэцэг",[],96,1ц 36м
2805,Цахилж яваа гөрөөс,Кино,Цахилж яваа гөрөөс МУСК,2000,13+,1ц 6м,0,,,"Ж.Пүрэвдорж, С.Өлзийхүү, Жүжигчид Ж.Пүрэвдорж С.Өлзийхүү",[],66,1ц 6м
2806,Нөхрийн эзгүйд,Кино,,2024,18+,0ц 47м,4,Н.Даваадорж,Д.Төрмөнх,Н.Даваадорж Д.Төрмөнх Г.Нямбаяр Ч.Авирмэд Б.Алтан-Өлзий,Colcando нэгдэл Хаанаас үзэх вэ?,47,0ц 47м
2807,Life is love,Кино,,2024,13+,1ц 0м,5,П.Энхбаатар,П.Оюу-Эрдэнэ,"Б.Базаррагчаа, Э.Намуунаа, О.Анхсүх, Хаанаас үзэх вэ? Жүжигчид П.Энхбаатар Б.Базаррагчаа Э.Намуунаа О.Анхсүх П.Оюу-Эрдэнэ",[],60,1ц 0м
2808,Хавтаст хэрэг 2,Кино,,2024,13+,1ц 10м,6.6,,,"С.Болд-Эрдэнэ, Ч.Болд, Б.Баяржавхлан, З.Хангал, Б.Хулан, Жүжигчид С.Болд-Эрдэнэ Ч.Болд Б.Баяржавхлан З.Хангал Б.Хулан",[],70,1ц 10м
2809,Заваан авга ах,Кино,,2024,18+,1ц 0м,6.4,Э.,Б.Баярхүү,"Э.Мөнхтөр, Ц.Алдармаа, Т.Лхагвадулам, Хаанаас үзэх вэ? Жүжигчид Б.Баярхүү Э.Мөнхтөр Ц.Алдармаа Т.Лхагвадулам Э.",[],60,1ц 0м
2810,Хөхөө гэрлэх дөхлөө,Кино,,1962,13+,1ц 16м,0,Б.Жамсран,Д.Гармаа,"Р.Дамдинбазар, Т.Цэвээнжав, Б.Дашдаваа, Жүжигчид Б.Жамсран Д.Гармаа Ж.Бунтар Р.Дамдинбазар Гэндэн Т.Цэвээнжав Б.Дашдаваа Хөхөө",[],76,1ц 16м
2811,Попури-изм 1,Кино,,2020,16+,0ц 10м,0,Д.Эрдэнэбулган,,"Ш.Доржсүрэн, А.Мөнгөнзул, Жүжигчид А.Мөнгөнзул Д.Эрдэнэбулган Ш.Доржсүрэн",[],10,0ц 10м
2812,Попури-изм 2,Кино,,2021,16+,0ц 10м,0,Д.Эрдэнэбулган,,"А.Мөнгөнзул, Ш.Доржсүрэн, Жүжигчид Д.Эрдэнэбулган А.Мөнгөнзул Ш.Доржсүрэн",[],10,0ц 10м
2813,Соёолон Ажиллагаа,Кино,,2022,13+,2ц 30м,0,Ш.Доржсүрэн,,"С.Лхагвасүрэн, А.Мөнгөнзул, Ш.Доржсүрэн, Жүжигчид Ш.Доржсүрэн Д.Эрдэнэбулган С.Лхагвасүрэн А.Мөнгөнзул",[],150,2ц 30м
2814,Өвөө бид хоёр,Кино,,2007,Б,0ц 20м,0,Ш.Доржсүрэн,,"Б.Батзаяа, А.Мөнгөнзул, Ц.Батхуяг, Жүжигчид Ш.Доржсүрэн А.Мөнгөнзул Б.Батзаяа Ц.Батхуяг",[],20,0ц 20м
2815,Эцэг,Кино,,2024,Б,1ц 0м,0,С.Баттулга,С.Баттулга,П.Цэрэндагва Г.Алтаншагай Н.Баярмаа А.Энхжин С.Баттулга А.Баттүшиг Э.Батнямбуу Ш.Даваасамба Б.Амаржаргал,Уужим фильм Оранж энтертэйнмент Тулгатан пикчерс,60,1ц 0м
2816,Миний хайртай Пабло,Кино,,2022,13+,1ц 8м,2.7,Ц.Амартүвшин,,"О.Гэрэлсүх, П.Эрдэнэзаан, Б.Хунцэнгүүн, Ё.Алтангэрэл, А.Адилцэцэг, Р.Отгонбаяр, Жүжигчид Ц.Амартүвшин О.Гэрэлсүх П.Эрдэнэзаан Б.Хунцэнгүүн Ё.Алтангэрэл А.Адилцэцэг Р.Отгонбаяр",[],68,1ц 8м
2817,Гэрэл,Кино,“ГЭРЭЛ” УСК,2024,13+,2ц 0м,6.8,Г.Даваазул,Г.Даваазул,Г.Даваазул П.Эрдэнэзаан Г.Чулуунцэцэг Х.Цасчихэр Б.Буянтогтох Ц.Төмөрхуяг Б.Дэлгэрмөрөн,Үүлэн фильм,120,2ц 0м
2818,Бидний мэдэх диваажин,Кино,Бидний мэдэх диваажин УСК,2024,13+,1ц 55м,0,,,"У.Цогтбаяр, Т.Энэрэл, Хаанаас үзэх вэ? Жүжигчид У.Цогтбаяр Т.Энэрэл",[],115,1ц 55м
2819,Хойд эхийн тачаал,Кино,,2024,18+,0ц 46м,2.7,Н.Бямбацогт,,А.Адилцэцэг Н.Бямбацогт Н.Хүслэн,Зүмбэр филм студи Хаанаас үзэх вэ?,46,0ц 46м
2820,Танихгүй ах,Кино,,2024,Б,1ц 24м,0,О.Базаррагчаа,,"С.Батзориг, Э.Мөнхтөр, Д.Энхбаяр, Б.Навчаа, Т.Энэрэл, Жүжигчид О.Базаррагчаа С.Батзориг Э.Мөнхтөр Д.Энхбаяр Б.Навчаа Т.Энэрэл",[],84,1ц 24м
2821,Цагаан туг,Кино,Арт,2024,18+,1ц 35м,0,Ч.Батбаяр,,Ч.Батбаяр О.Самданпүрэв,Chog Som film,95,1ц 35м
2822,Урагдсан хуудас,Кино,"хуудсыг ураад хаячихсан байна""",2024,16+,1ц 25м,4.7,Б.Үгбаяр,Д.Ганбат,"Д.Ганбат, Э.Аминхүслэн, Ё.Цог, Б.Ганжаргал, Р.Отгонбаяр, Ц.Ганзориг, Д.Дэлгэрсайхан, Хаанаас үзэх вэ? Жүжигчид Д.Ганбат Тамир Э.Аминхүслэн Тэргэл Б.Үгбаяр П.Баярмөнх Ё.Цог Б.Ганжаргал Р.Отгонбаяр Ц.Ганзориг Д.Дэлгэрсайхан",[],85,1ц 25м
2823,31 дэх өдөр,Кино,,2024,13+,1ц 20м,1,Л.Ариунболд,Л.Ариунболд,Д.Төмөрбаатар Х.Батбаяр Л.Ариунболд Ж.Ямаранз Э.Тодбаяр,Дииииид,80,1ц 20м
2824,Жинхэнэ эрчүүд,Кино,,2024,13+,0ц 25м,0,Ж.Мөнхсайхан,,Ж.Мөнхсайхан Б.Навчаа Н.Ариунболд Р.Отгонбаяр П.Чимэдцэеэ,Оранж энтертэйнмент Скаймедиа Хаанаас үзэх вэ?,25,0ц 25м
2825,Хамгийн чухал нь,Кино,,2021,13+,0ц 46м,0,,,"Ё.Цог, Т.Баттулга, Р.Нандинцэцэг, С.Батзориг, Б.Ганхүү, Хаанаас үзэх вэ? Жүжигчид Ё.Цог Т.Баттулга Р.Нандинцэцэг С.Батзориг Б.Ганхүү",[],46,0ц 46м
2826,Өвлийн инээмсэглэл 2016,Кино,,2016,13+,1ц 50м,0,И.Одончимэг,,"Т.Бархүү, И.Одончимэг, Н.Онон, З.Номуун, Н.Баясаа, Хаанаас үзэх вэ? Жүжигчид И.Одончимэг Т.Бархүү Н.Онон З.Номуун Н.Баясаа",[],110,1ц 50м
2827,Супер лиг,Кино,,2020,13+,1ц 28м,0,Э.Оргил,,Э.Оргил О.Долгор Э.Чинзориг Б.Анхбаяр,Хаган фильмс Хаанаас үзэх вэ?,88,1ц 28м
2828,Асрагч,Кино,,2020,13+,1ц 34м,6,А.Мөнхтулга,,"Н.Мөнхсоёл, Б.Даваажав, Хаанаас үзэх вэ? Жүжигчид А.Мөнхтулга Н.Мөнхсоёл Б.Даваажав",[],94,1ц 34м
2829,Соёг,Кино,,2021,13+,1ц 31м,0,А.Мөнхтулга,,"Г.Золбоот, Т.Баттулга, Б.Бадамцэцэг, Л.Сумъяабазар, Хаанаас үзэх вэ? Жүжигчид А.Мөнхтулга Г.Золбоот Т.Баттулга Б.Бадамцэцэг Л.Сумъяабазар",[],91,1ц 31м
2830,Тоглоомын донтон,Кино,,2021,13+,1ц 33м,3,А.Мөнхтулга,,"Г.Золбоот, Б.Баатархүү, П.Баярцэнгэл, Л.Сумъяабазар, Ц.Эрдэнэцэцэг, Хаанаас үзэх вэ? Жүжигчид А.Мөнхтулга Г.Золбоот Б.Баатархүү П.Баярцэнгэл Л.Сумъяабазар Ц.Эрдэнэцэцэг",[],93,1ц 33м
2831,Хуйвалдаан,Кино,,2020,13+,1ц 35м,6.5,Б.Жаргалсайхан,,"Г.Золбоот, Б.Баатархүү, Э.Тодгэрэл, Б.Эрдэнэчимэг, Хаанаас үзэх вэ? Жүжигчид Б.Жаргалсайхан Г.Золбоот Б.Баатархүү Э.Тодгэрэл Б.Эрдэнэчимэг",[],95,1ц 35м
2832,Deja vu,Кино,,2019,13+,1ц 30м,0,Б.Чингүүн,,"Ш.Батбаяр, Э.Батнямбуу, Н.Нархажид, Б.Хунцэнгүүн, О.Самданпүрэв, М.Золжаргал, Хаанаас үзэх вэ? Жүжигчид Б.Чингүүн Ш.Батбаяр Э.Батнямбуу Н.Нархажид Б.Хунцэнгүүн О.Самданпүрэв М.Золжаргал",[],90,1ц 30м
2833,Six Feet,Кино,,2024,13+,1ц 43м,0,Б.Чингүүн,,"Ч.Сэлэнгэ, Хаанаас үзэх вэ? Жүжигчид Б.Чингүүн Ч.Сэлэнгэ",[],103,1ц 43м
2834,Энэ хүүхнүүд үү,Кино,Энэ хүүхнүүд үү УСК,1963,13+,1ц 7м,0,,,,[],67,1ц 7м
2835,Үер,Кино,Үер,1966,13+,1ц 8м,0,,,,Монгол кино нэгтгэл,68,1ц 8м
2837,Бүсгүй,Кино,"Мелодрам, Энхрий цайлган бүсгүй минь",2025,Б,2ц 10м,5.4,Л.Базарсад,А.Миеэгомбо,С.Ариунбямба Г.Ариунболор Д.Отгонбаяр Л.Базарсад Д.Хосбаяр Т.Лхагвадулам Л.Ариунболд А.Миеэгомбо,Монгол фильм групп,130,2ц 10м
2839,Homies 2,Кино,,2024,13+,1ц 30м,4.6,Э.Дорждэрэм,Т.Нямдаваа,"Г.Гансүх, У.Цогтбаяр, Г.Эрхэмбаяр, Э.Дорждэрэм, Ц.Энхтулга, Н.Номин, Жүжигчид Э.Дорждэрэм Д.Алтанөлзий Т.Нямдаваа Г.Гансүх У.Цогтбаяр Г.Эрхэмбаяр Ц.Энхтулга Н.Номин",[],90,1ц 30м
2840,Хайрын бэлэг,Кино,Хайрын бэлэг,2024,13+,1ц 10м,0,Н.Ариунболд,,"О.Самданпүрэв, Б.Баяржавхлан, Ш.Жавхлан, Б.Ариунчимэг, Жүжигчид Н.Ариунболд О.Самданпүрэв Б.Баяржавхлан Ш.Жавхлан Б.Ариунчимэг",[],70,1ц 10м
2841,Бригадын шинэ жил,Кино,,2024,Б,1ц 0м,6.7,П.Сүхболд,Б.Батмөнх,П.Сүхболд Б.Батмөнх,Khoimor.mn Хаанаас үзэх вэ?,60,1ц 0м
2843,Өвлийн инээмсэглэл 2024,Кино,,2024,Б,,4,И.Одончимэг,,И.Одончимэг О.Тэмүүжин Т.Бархүү Г.Нарансолонго Д.Баттөмөр Б.Баатархүү Д.Түвшинтөр Ш.Алтанцэцэг Л.Баттулга Н.Онон,Х-ТҮЦ продакшн,87.17165669,1ц 27м
2844,B1 Давхар,Кино,,2025,16+,1ц 15м,6.2,М.Наранбаатар,М.Наранбаатар,С.Ариунбямба О.Самданпүрэв Ч.Сэлэнгэ Ц.Төмөрбаатар Д.Төмөртогтох У.Мөнхбагана М.Наранбаатар О.Бат-Өлзий Б.Эрдэнэцэцэг,Mongol stunt team,75,1ц 15м
2845,Хулгайлагдсан охин,Кино,,2024,18+,0ц 47м,6.4,Э.,,"Б.Тулга-Очир, Б.Балжинням, У.Билэгт-Од, Жүжигчид Э. Б.Тулга-Очир Б.Балжинням У.Билэгт-Од",[],47,0ц 47м
2846,Дахин олдохгүй хайр,Кино,,2024,13+,1ц 30м,0,М.Батмагнай,,"Ш.Жавхлан, М.Батмагнай, Б.Батсумъяа, У.Билэгт-Од, Жүжигчид М.Батмагнай Ш.Жавхлан Б.Батсумъяа У.Билэгт-Од",[],90,1ц 30м
2847,366 дахь өдөр,Кино,,2024,13+,1ц 36м,0,О.Цэгмэд,,"О.Бат-Өлзий, А.Бямбабаяр, Ч.Сэлэнгэ, М.Булгамаа, Жүжигчид О.Цэгмэд О.Бат-Өлзий А.Бямбабаяр Ч.Сэлэнгэ М.Булгамаа",[],96,1ц 36м
2848,Амьдрал,Кино,,2025,Б,1ц 0м,10,Л.Ган-Эрдэнэ,,Р.Анхням Э.Төрбат Б.Болдбаатар Д.Лхагва Л.Ган-Эрдэнэ О.Оюун-Эрдэнэ Б.Хонгорзул Э.Төгсжаргал Б.Занабалдан,Оранж энтертэйнмент Хаанаас үзэх вэ?,60,1ц 0м
2849,Dolge ажиллагаа,Кино,Dolge ажиллагаа,2025,13+,1ц 20м,0,,,"Б.Буянтогтох, О.Анхсүх, Хаанаас үзэх вэ? Жүжигчид Б.Буянтогтох О.Анхсүх",[],80,1ц 20м
2850,Ариусал,Кино,Ветекам,2002,13+,1ц 20м,0,Ж.Батбаатар,С.Оюунбилэг,А. Очир М.Мягмар Ж.Батбаатар С.Оюунбилэг Д.Балчинпүрэв С.Ариунболд Л.Галмандах Д.Цэцэг Б.Хаш-Эрдэнэ Ядам Б.Оюунтунгалаг Наран Ц.Дэлгэр Ц.Буянбат,Хийморь фильм,80,1ц 20м
2851,Болзооны сургууль,Кино,,2025,13+,0ц 25м,6.4,,,"Ж.Номингэрэл, Ү.Ундрал, Хаанаас үзэх вэ? Жүжигчид Ж.Номингэрэл Ү.Ундрал",[],25,0ц 25м
2852,Намайг аваад үлдээч 3,Кино,,2025,13+,1ц 20м,0,,,,[],80,1ц 20м
2853,Нинжа охид,Кино,,2025,Б,1ц 10м,4,Б.Мөнх-Амьдрал,,Б.Мөнх-Амьдрал Т.Халиунсор Э.Батмөнх Б.Оюу-Эрдэнэ Х.Цэлмүүн,A&O продакшн Хаанаас үзэх вэ?,70,1ц 10м
2854,Хүлээх өрөө,Кино,,2025,Б,1ц 36м,8.8,,Ж.Номингэрэл,Ж.Номингэрэл Х.Сумъяадорж Г.Алтаншагай Б.Баатархүү Ү.Ундрал А.Гэрэлцэцэг С.Номин-Эрдэнэ,Хүлэгү пикчерс,96,1ц 36м
2855,Өс залгамжлагч,Кино,,2025,13+,0ц 1м,0,,,"Э.Төрбат, Н.Мөнхсоёл, Жүжигчид Э.Төрбат Н.Мөнхсоёл",[],1,0ц 1м
2856,Тийрэн,Кино,,2025,16+,1ц 29м,1.8,П.Энхбаатар,,Д.Гүрсэд А.Төгсбаяр Б.Ганхүү П.Энхбаатар,BORN Film studio,89,1ц 29м
2857,Аминч,Кино,Триллер,2025,13+,1ц 30м,3.2,Г.Бямбасүрэн,Г.Бямбасүрэн Б.Баатар,У.Уранчимэг Т.Дашсурмаа Б.Сэтгэлтүвшин У.Нартай П.Эрдэнэзаан Ж.Оюундарь Х.Ихбаяр Б.Гарьд Г.Бямбасүрэн Б.Баатар Ц.Анударь,Хувьсал продакшн Hero Авиа студи Хаанаас үзэх вэ?,90,1ц 30м
2858,Миний найз бүсгүй сүнс,Кино,Миний найз бүсгүй сүнс,2025,13+,1ц 20м,0,С.Бүжин,Г.Мөнхбаясгалан,Н.Хүслэн С.Бүжин Г.Мөнхбаясгалан,Cine ART,80,1ц 20м
2859,Шударга луйварчид,Кино,Шударга луйварчид УСК,2025,13+,1ц 30м,7.2,,,Д.Бямбацогт О.Гэрэлсүх Б.Сайханбилэг Н.Анар Ж.Амарзаяа О.Мөнгөн-Очир,MEDQ media agency,90,1ц 30м
2860,Цөвүүн цаг,Кино,,2025,13+,2ц 10м,7.9,О.Бат-Өлзий,О.Бат-Өлзий,"Э.Тодгэрэл, Г.Золбоот, М.Баярбат, Ж.Алтаншагай, Б.Ганчулуун, М.Булганчимэг, Жүжигчид О.Бат-Өлзий Б.Тамир Э.Тодгэрэл Г.Золбоот М.Баярбат Ж.Алтаншагай Б.Ганчулуун М.Булганчимэг Цэнд",[],130,2ц 10м
2861,In da house 3,Кино,,2025,13+,1ц 30м,4.6,Ц.Амартүвшин,Т.Цолмон Ц.Амартүвшин,У.Цогтбаяр Х.Манлайбаатар Б.Үжин Н.Баясаа Г.Лхагвацэрэн С.Батзориг Р.Сүхболд Ц.Амартүвшин Т.Цолмон,Скаймедиа,90,1ц 30м
2862,Балай санаа,Кино,,2025,13+,1ц 16м,6,Г.Үүрийнтуяа,Г.Үүрийнтуяа,Т.Лхагвадулам Х.Батбаяр Б.Болдбаатар С.Төгс Н.Номин И.Мөрөн Г.Үүрийнтуяа,Underrated production Хаанаас үзэх вэ?,76,1ц 16м
2863,Хөгжилтэй дүр 2,Кино,,2017,Б,1ц 7м,0,С.Төмөртулга,Г.Анхбаяр,Г.Анхбаяр С.Төмөртулга Б.Занабалдан Л.Сөрөлт Б.Отгонтуяа А.Энхжин Г.Даваазул Г.Эрхэмбаяр Г.Алтаншагай,Оранж энтертэйнмент,67,1ц 7м
2864,Хөгжилтэй дүр 3,Кино,,2017,Б,0ц 50м,0,С.Төмөртулга,Г.Анхбаяр,Б.Занабалдан С.Төмөртулга Г.Анхбаяр Б.Отгонтуяа Л.Сөрөлт,Оранж энтертэйнмент,50,0ц 50м
2878,47,Кино,,20263,18+,1ц 5м,1.3,,,Б.Тэмүүлэн Ц.Ану-Үжин О.Золзаяа,Black squad,65,1ц 5м
2880,Эможи 2,Кино,EMOJI sketch comedy,2018,16+,1ц 6м,0,Г.Жанчив,Г.Жанчив,А.Мөнх-Од Р.Сүхболд Б.Шижирболд Г.Жанчив,Оранж энтертэйнмент,66,1ц 6м
2892,Дэлхий даахгүй баян баярын контент,Кино,,2019,Б,1ц 0м,0,Д.Галбаяр,,Б.Занабалдан Л.Баттулга Ц.Ганбаяр Д.Галбаяр,Оранж энтертэйнмент,60,1ц 0м
2893,Сайн ах баярын контент,Кино,,2019,Б,1ц 30м,0,Р.Эрхэмбүрэн,Р.Эрхэмбүрэн,Р.Эрхэмбүрэн Ү.Баяржаргал Д.Хүрэлхүү Р.Сүхболд С.Батзориг Б.Болдбаатар,Оранж энтертэйнмент Хүүк фильм,90,1ц 30м
2894,Бууз ажиллагаа,Кино,,2020,Б,0ц 56м,0,Р.Эрхэмбүрэн,Д.Галбаяр,Д.Галбаяр Р.Эрхэмбүрэн Б.Тунгалаг Р.Нандинцэцэг А.Мөнх-Од,Оранж энтертэйнмент Хүүк фильм,56,0ц 56м
2895,Sex vlog,Кино,Эротик,2025,18+,1ц 6м,2.2,А.undefined,,А.undefined О.Амарбаясгалан,Film plus Хаанаас үзэх вэ?,66,1ц 6м
2896,Солонгос драма монголд,Кино,,2020,Б,1ц 19м,0,Н.Баясаа,Б.Ундармаа,Н.Баясаа Б.Занабалдан М.Намуунцэцэг Б.Ундармаа,Оранж энтертэйнмент,79,1ц 19м
2897,Хүрлээ Цогоо гуай хоёр,Кино,,2020,Б,0ц 55м,0,Ө.Мөнх-Эрдэнэ,Ө.Мөнх-Эрдэнэ,Ө.Мөнх-Эрдэнэ Д.Хүрэлхүү Ё.Цог,Оранж энтертэйнмент Хүүк фильм,55,0ц 55м
2898,No wifi zone,Кино,,2021,Б,1ц 21м,0,,Д.Галбаяр,Д.Галбаяр Ү.Баяржаргал Ж.Мөнхсайхан П.Эрдэнэзаан М.Баярмагнай Ц.Ганзориг Г.Лхагвацэрэн Ш.Жавхлан,МАСК продакшн Оранж энтертэйнмент,81,1ц 21м
2899,Очироо Сүхээ өвлийн томилолт,Кино,,2022,Б,1ц 29м,0,,,П.Баярцэнгэл Р.Сүхболд Ү.Баяржаргал,Оранж энтертэйнмент Update entertainment,89,1ц 29м
2900,Бумбын тахилга,Кино,,2022,Б,1ц 39м,0,Д.Галбаяр,Д.Галбаяр,Д.Галбаяр М.Баярмагнай С.Өлзийхүү Ж.Амарзаяа Б.Одгэрэл Э.Төрбат Ц.Цэлмэг Б.Амаржаргал,Оранж энтертэйнмент Туургатан медиа групп,99,1ц 39м
2904,Зүрхний сараан,Кино,,2025,13+,1ц 35м,1.8,,,,Green show production F Studio,95,1ц 35м
2909,Амьдралын урт замд 2,Кино,,2025,13+,1ц 41м,6.3,С.Баттулга,,"Б.Отгонтуяа, Г.Золбоот, Б.Шижирболд, А.Дашпэлжээ, Э.Мөнхтөр, Хаанаас үзэх вэ? Жүжигчид С.Баттулга Б.Отгонтуяа Г.Золбоот Б.Шижирболд А.Дашпэлжээ Э.Мөнхтөр",[],101,1ц 41м
2930,Ташаа тулсан Ф,Кино,,2025,13+,1ц 40м,5,Ш.Доржсүрэн,Ш.Доржсүрэн,А.Мөнгөнзул Ш.Доржсүрэн,ДОЗ  энтертайнмент,100,1ц 40м
2931,Эможи,Кино,,2018,16+,0ц 44м,0,,,,МААЗ продакшн Оранж энтертэйнмент,44,0ц 44м
2935,Хүйдэс,Кино,Шунал бүхэн төлөөстэй.,2025,13+,1ц 10м,2.9,А.Баярсайхан,Г.Содбилэг,Д.Хосбаяр П.Хишигбуян Т.Борхүү Р.Баттогтох П.Баярмагнай А.Баярсайхан Г.Содбилэг,Эго продакшн Хаанаас үзэх вэ?,70,1ц 10м
2936,Амингоо,Кино,,2012,13+,0ц 30м,0,Б.Тамир,,Э.Одбаяр Ц.Цэрэнболд Н.Ялалт Д.Ганцэцэг С.Дамдин Б.Тамир,Фантастик продакшн,30,0ц 30м
2941,Шинэ охин,Кино,Хүүхдийн,2025,13+,2ц 0м,1.7,,,Н.Бямбацогт Б.Эрдэнэцэцэг Д.Бямбацогт,Голконда театр Хаанаас үзэх вэ?,120,2ц 0м
2942,Халуун бороо,Кино,,2025,13+,1ц 30м,2.8,,,Г.Эрхэмбаяр Ч.Болд Х.Цасчихэр Ё.Цог Б.Батмэнд Н.Цэнд-Аюуш О.Анхсүх Г.Энх-Амар Э.Ууганболор,МИЛЛ кино компани,90,1ц 30м
2943,Пөөдөө,Кино,Хүүхэлдэйн,2025,Б,1ц 10м,2.5,,,,Тансаг (Tansag Visual Effects for Film),70,1ц 10м
2944,Худаг,Кино,,2025,16+,1ц 20м,0,Б.Эрбор,,Б.Эрбор Б.Анхбаяр Э.Пүрэвжаргал М.Батзориг Г.Сумъягарав Ц.Төмөрбаатар Т.Борхүү,Blender room,80,1ц 20м
2946,Орохыг хориглоно,Кино,Богино хэмжээний,2021,16+,0ц 30м,0,Б.Тулга-Очир,П.Батболд,Л.Ариунболд Б.Батхүслэн Б.Тулга-Очир П.Батболд,Тэгт тойрог кино компани,30,0ц 30м
2947,Галбингаа,Кино,,2025,Б,1ц 30м,3,Б.Жаргалсайхан,Ш.Гүрбазар,Г.Нарансолонго Г.Эзэнмөнх Г.Эрхэмбаяр Ж.Оюундарь Ц.Төмөрбаатар Э.Намуун Ш.Гүрбазар Т.Хулан Б.Жаргалсайхан,Khan khuur,90,1ц 30м
2948,Чимээгүй  хотын жолооч,Кино,,2025,Б,2ц 17м,0,,,,[],137,2ц 17м
2949,Өндгөн сүй,Кино,"Гэр бүлийн, Романтик",2025,13+,1ц 25м,0,О.Гэрэлсүх,,"Д.Ганбат, П.Эрдэнэзаан, Б.Мишээл, Э.Аминхүслэн, М.Бат-Эрдэнэ, Жүжигчид О.Гэрэлсүх Д.Ганбат П.Эрдэнэзаан Б.Мишээл Э.Аминхүслэн М.Бат-Эрдэнэ",[],85,1ц 25м
2951,Хүн нохой,Кино,Инээдмийн,2025,13+,1ц 20м,6.7,,,,[],80,1ц 20м
2952,Тэнгэр газрын хязгаарт,Кино,,2025,13+,0ц 40м,6.5,Д.Тэмүүлэн,,"Э.Банзрагч, Н.Цэнд-Аюуш, З.Хангал, Г.Эрхэмбаяр, Г.Золбоот, С.Төгс, Д.Гантулга, С.Мөнгөлжин, Жүжигчид Д.Тэмүүлэн Э.Банзрагч Н.Цэнд-Аюуш З.Хангал Г.Эрхэмбаяр Г.Золбоот С.Төгс Д.Гантулга С.Мөнгөлжин",[],40,0ц 40м
2953,Сансула,Кино,,2025,13+,1ц 28м,0,,,"Н.Нархажид, А.Бямбабаяр, Э.Батнямбуу, О.Цэнгэл, Б.Сондор, Б.Наранбаатар, Б.Анхбаяр, Жүжигчид Н.Нархажид А.Бямбабаяр Э.Батнямбуу О.Цэнгэл Б.Сондор Б.Наранбаатар Б.Анхбаяр",[],88,1ц 28м
2954,Pigland 2,Кино,Комеди,2025,13+,,0,Б.Энхсайхан,,Б.Энхсайхан Ө.Наранбаатар Г.Анхбаяр Г.Равдан Ц.Цэрэнболд Д.Хүрэлхүү,Nomadia pictures,87.17165669,1ц 27м
2955,Шийдсэн хүн,Кино,,2025,Б,1ц 28м,1,Э.Цэрэнпунцаг,Б.Нямдэлгэр,Б.Ариунхишиг Б.Нямдэлгэр Э.Цэрэнпунцаг Г.Бямбахүү,Maruujin,88,1ц 28м
2956,Хар өглөө,Кино,,2025,13+,1ц 57м,6.5,Е.Даваасүрэн,З.Цогтбаяр,Е.Даваасүрэн Б.Батмэнд Э.Пүрэвжаргал Т.Лхагвадулам З.Цогтбаяр,Событ продакшн Ддэш ТВ,117,1ц 57м
2957,Зүүднээс дор,Кино,,2025,13+,1ц 2м,0,Г.Бат-Ирээдүй,Г.Бат-Ирээдүй А.Лхагвасүрэн,Г.Бат-Ирээдүй А.Лхагвасүрэн А.Амаржаргал С.Баатархуяг Д.Долгорсүрэн,Хэм продакшн,62,1ц 2м
2958,Мөнгөний Дүрэм,Кино,,2025,13+,2ц 15м,7.4,,,,Дииииид,135,2ц 15м
2959,No Rules 3: History,Кино,,2025,16+,0ц 50м,6.8,Р.Эрхэмбүрэн,А.Баттүшиг Р.Эрхэмбүрэн,Р.Эрхэмбүрэн Б.Болорчулуун Т.Нямдорж С.Болд-Эрдэнэ Г.Эрдэнэбилэг Т.Бархүү Г.Золбоот Э.Ууганбаяр Т.Баттулга Ш.Мөнхбаяр Э.Баярмагнай А.Баттүшиг,OI entertainment Хаанаас үзэх вэ?,50,0ц 50м
2960,Rhyme,Кино,,2025,13+,1ц 56м,6.4,А.Баттүшиг,Д.Отгонсүрэн,А.Баттүшиг Д.Отгонсүрэн М.Даваасүрэн Э.Очирваань Н.Бадарч Б.Эрхэмбаяр Ш.Энхжамц Б.Эрдэнэболд Г.Батболд,Ordu Films,116,1ц 56м
2961,Эцсийн Зогсоол 2 Сүүлчийн Xүргэлт,Кино,"Дурлалт, Адал явдалт",2025,Б,1ц 44м,7.6,Ц.Цэрэндорж,Ц.Цэрэндорж Х.Урантогос Д.Дөлгөөн,Ц.Цэрэндорж Х.Урантогос Д.Дөлгөөн З.Энгүүн-Эрдэнэ Б.Мишээл Т.Ирээдүй Б.Батбаатар Б.Баяржавхлан Д.Бямбацогт Б.Тунгалаг С.Сарангэрэл Н.Нэргүйбаатар Ё.Алтангэрэл,Agula film,104,1ц 44м
2962,Татар,Кино,Намтар,2025,Б,1ц 50м,5.7,Б.Батдэлгэр,А.Миеэгомбо Л.Ариунболд Т.Билгүүн,А.Миеэгомбо Л.Ариунболд Т.Билгүүн Д.Мөнхчулуунтатар Д.Ганбат Х.Сумъяадорж Н.Түвшин Б.Тэмүүжин Д.Бямбацогт Б.Батдэлгэр,Аранжин пикчерс,110,1ц 50м
2963,Гүн Тайгын Манан,Кино,Нууцлаг,2025,16+,,0,Г.Даваажаргал,Ц.Мөнхням,Г.Даваажаргал Ц.Мөнхням Н.Баярмаа Б.Баяржавхлан Э.Энхгэрэл,Оранж энтертэйнмент,87.17165669,1ц 27м
2964,Тэг Цэг Үйлдэл,Кино,"Шинжлэх ухааны, Нууцлаг",2025,13+,2ц 11м,7.7,Э.Алдар,Э.Алдар,Э.Алдар С.Ариунбямба Гантөгс У.Уянга Хүслэн М.Төгөлдөр Тэнгис,Ai Production,131,2ц 11м
2965,ШАЛЗ,Кино,Драм,2025,13+,1ц 47м,6.6,Б.Амарсайхан,Б.Амарсайхан,Б.Амарсайхан О.Энхжин Н.Гансувд,17 продакшн,107,1ц 47м
2966,Хажуу өрөө,Кино,,2025,13+,1ц 15м,6.5,А.Баттулга,,С.Ангараг Б.Батсүх А.Баттулга Д.Гантулга Б.Түвшинжаргал Р.Отгонбаяр Д.Энхгэрэл,Мэлмий интертайнмент,75,1ц 15м
2967,Чөтгөрийн үдэш,Кино,Аймшиг,2025,13+,1ц 18м,0,,,,Tashuur film,78,1ц 18м
2968,1242: Gateway to the West,Кино,Түүхэн,2025,16+,1ц 47м,4.5,P.Soós,J.Lane A.Horvath,"C.Lambert, E.Roberts, R.Stevenson, M.Ironside, Ч.Болд, М.Баярбат, Б.Барслхагва, Ц.Цэрэнболд, Г.Золбоот, П.Баттөр, Жүжигчид P.Soós J.Lane A.Horvath C.Lambert E.Roberts R.Stevenson M.Ironside Ч.Болд М.Баярбат Б.Барслхагва Ц.Цэрэнболд Г.Золбоот П.Баттөр",[],107,1ц 47м
2969,Гарц 3: Төгсгөл,Кино,"Гэмт хэрэгт, Тулаант",2025,13+,1ц 50м,6.9,Б.Саруулбуян,Б.Саруулбуян,"Э.Тодгэрэл, Т.Оюунболд, H.Denny, D.Peng, А.Ганчимэг, Б.Одончимэг, О.Анхсүх, Д.Хулан, Жүжигчид Б.Наранбат Б.Саруулбуян Э.Тодгэрэл Т.Оюунболд H.Denny D.Peng А.Ганчимэг Б.Одончимэг О.Анхсүх Д.Хулан",[],110,1ц 50м